30,3,
3,1,
79,1,2,
4582,1,2,3,
189,1,2,3,4,5,6,
50,1,2,3,4,5,6,7,8,9,
2,1,2,3,4,5,6,7,8,9,10,11,12,13,14,15,16,17,18,19,20,21,22,23,24,25,26,27,28,29,30,
2,1,2,3,4,5,6,7,8,9,12,13,14,
1,1,2,3,4,5,6,7,8,9,12,13,14,15,16,17,
1,1,2,3,4,5,6,7,8,9,12,13,14,15,16,17,18,19,20,
37,1,2,3,4,5,6,7,8,9,12,13,14,15,16,17,18,19,20,21,22,23,24,25,26,27,
1,1,2,3,4,5,6,7,8,9,12,13,14,15,16,17,21,22,23,24,25,26,27,18,19,20,
1,1,2,3,4,5,6,7,8,9,12,13,14,18,19,20,
1,1,2,3,4,5,6,7,8,9,12,13,14,18,19,20,15,16,17,21,22,23,24,25,26,27,
3,1,2,3,4,5,6,7,8,9,12,13,14,18,19,20,15,16,17,24,25,26,27,21,22,23,
2,1,2,3,4,5,6,7,8,9,12,13,14,18,19,20,21,22,23,
1,1,2,3,4,5,6,7,8,9,12,13,14,21,22,23,18,19,20,24,25,26,27,15,16,17,
2,1,2,3,4,5,6,7,8,9,18,19,20,
1,1,2,3,4,5,6,7,8,9,18,19,20,12,13,14,
1,1,2,3,4,5,6,7,8,9,18,19,20,12,13,14,21,22,23,15,16,17,24,25,26,27,
1,1,2,3,4,5,6,7,8,9,18,19,20,21,22,23,12,13,14,15,16,17,
1,1,2,3,4,5,6,7,8,9,21,22,23,18,19,20,
1,1,2,3,4,5,6,7,8,9,21,22,23,18,19,20,15,16,17,24,25,26,27,12,13,14,
1,1,2,3,4,5,6,7,8,9,24,25,26,27,
1,1,2,3,4,5,6,7,8,9,24,25,26,27,21,22,23,15,16,17,12,13,14,18,19,20,
10,1,2,3,4,5,6,12,13,14,
1,1,2,3,4,5,6,12,13,14,7,8,9,
2,1,2,3,4,5,6,12,13,14,7,8,9,15,16,17,18,19,20,21,22,23,24,25,26,27,
1,1,2,3,4,5,6,12,13,14,7,8,9,18,19,20,15,16,17,21,22,23,24,25,26,27,
1,1,2,3,4,5,6,12,13,14,7,8,9,18,19,20,21,22,23,15,16,17,24,25,26,27,
1,1,2,3,4,5,6,12,13,14,7,8,9,21,22,23,15,16,17,18,19,20,24,25,26,27,
1,1,2,3,4,5,6,12,13,14,15,16,17,7,8,9,24,25,26,27,18,19,20,21,22,23,
1,1,2,3,4,5,6,12,13,14,18,19,20,
1,1,2,3,4,5,6,12,13,14,18,19,20,7,8,9,
1,1,2,3,4,5,6,12,13,14,18,19,20,15,16,17,7,8,9,24,25,26,27,21,22,23,
1,1,2,3,4,5,6,12,13,14,18,19,20,21,22,23,
1,1,2,3,4,5,6,12,13,14,18,19,20,24,25,26,27,
1,1,2,3,4,5,6,12,13,14,21,22,23,18,19,20,
1,1,2,3,4,5,6,12,13,14,24,25,26,27,21,22,23,18,19,20,
2,1,2,3,4,5,6,15,16,17,
1,1,2,3,4,5,6,15,16,17,21,22,23,24,25,26,27,18,19,20,12,13,14,7,8,9,
8,1,2,3,4,5,6,18,19,20,
1,1,2,3,4,5,6,18,19,20,7,8,9,
2,1,2,3,4,5,6,18,19,20,7,8,9,12,13,14,15,16,17,21,22,23,24,25,26,27,
1,1,2,3,4,5,6,18,19,20,7,8,9,12,13,14,15,16,17,24,25,26,27,
1,1,2,3,4,5,6,18,19,20,7,8,9,12,13,14,21,22,23,
1,1,2,3,4,5,6,18,19,20,7,8,9,15,16,17,24,25,26,27,12,13,14,21,22,23,
1,1,2,3,4,5,6,18,19,20,12,13,14,7,8,9,24,25,26,27,15,16,17,21,22,23,
1,1,2,3,4,5,6,18,19,20,12,13,14,21,22,23,24,25,26,27,7,8,9,
1,1,2,3,4,5,6,18,19,20,21,22,23,7,8,9,12,13,14,15,16,17,24,25,26,27,
1,1,2,3,4,5,6,18,19,20,21,22,23,12,13,14,
1,1,2,3,4,5,6,18,19,20,24,25,26,27,
6,1,2,3,4,5,6,21,22,23,
2,1,2,3,4,5,6,21,22,23,7,8,9,
1,1,2,3,4,5,6,21,22,23,7,8,9,12,13,14,18,19,20,24,25,26,27,15,16,17,
1,1,2,3,4,5,6,21,22,23,7,8,9,12,13,14,24,25,26,27,15,16,17,18,19,20,
1,1,2,3,4,5,6,21,22,23,7,8,9,15,16,17,24,25,26,27,18,19,20,12,13,14,
1,1,2,3,4,5,6,21,22,23,7,8,9,18,19,20,12,13,14,15,16,17,24,25,26,27,
1,1,2,3,4,5,6,21,22,23,18,19,20,
1,1,2,3,4,5,6,21,22,23,18,19,20,12,13,14,7,8,9,24,25,26,27,
1,1,2,3,4,5,6,21,22,23,24,25,26,27,7,8,9,15,16,17,12,13,14,18,19,20,
2,1,2,3,4,5,6,21,22,23,24,25,26,27,12,13,14,7,8,9,15,16,17,18,19,20,
1,1,2,3,4,5,6,21,22,23,24,25,26,27,18,19,20,15,16,17,12,13,14,7,8,9,
1,1,2,3,4,5,28,
52,1,2,3,7,8,9,
13,1,2,3,7,8,9,4,5,6,
2,1,2,3,7,8,9,4,5,6,12,13,14,
1,1,2,3,7,8,9,4,5,6,12,13,14,15,16,17,
1,1,2,3,7,8,9,4,5,6,12,13,14,15,16,17,18,19,20,21,22,23,
7,1,2,3,7,8,9,4,5,6,12,13,14,15,16,17,18,19,20,21,22,23,24,25,26,27,
1,1,2,3,7,8,9,4,5,6,12,13,14,15,16,17,18,19,20,24,25,26,27,21,22,23,
1,1,2,3,7,8,9,4,5,6,12,13,14,15,16,17,21,22,23,24,25,26,27,18,19,20,
1,1,2,3,7,8,9,4,5,6,12,13,14,15,16,17,24,25,26,27,21,22,23,18,19,20,
1,1,2,3,7,8,9,4,5,6,12,13,14,18,19,20,15,16,17,21,22,23,24,25,26,27,
1,1,2,3,7,8,9,4,5,6,12,13,14,18,19,20,21,22,23,24,25,26,27,15,16,17,
1,1,2,3,7,8,9,4,5,6,15,16,17,12,13,14,21,22,23,18,19,20,24,25,26,27,
1,1,2,3,7,8,9,4,5,6,18,19,20,
1,1,2,3,7,8,9,4,5,6,18,19,20,21,22,23,12,13,14,
14,1,2,3,7,8,9,12,13,14,
1,1,2,3,7,8,9,12,13,14,4,5,6,18,19,20,21,22,23,24,25,26,27,
1,1,2,3,7,8,9,12,13,14,15,16,17,18,19,20,21,22,23,24,25,26,27,4,5,6,
1,1,2,3,7,8,9,12,13,14,15,16,17,21,22,23,24,25,26,27,18,19,20,4,5,6,
1,1,2,3,7,8,9,12,13,14,18,19,20,4,5,6,15,16,17,24,25,26,27,21,22,23,
1,1,2,3,7,8,9,12,13,14,18,19,20,15,16,17,24,25,26,27,21,22,23,4,5,6,
1,1,2,3,7,8,9,12,13,14,18,19,20,21,22,23,4,5,6,
1,1,2,3,7,8,9,12,13,14,18,19,20,24,25,26,27,15,16,17,21,22,23,4,5,6,
5,1,2,3,7,8,9,15,16,17,
1,1,2,3,7,8,9,15,16,17,12,13,14,21,22,23,24,25,26,27,18,19,20,4,5,6,
1,1,2,3,7,8,9,15,16,17,24,25,26,27,12,13,14,18,19,20,21,22,23,4,5,6,
1,1,2,3,7,8,9,15,16,17,24,25,26,27,21,22,23,4,5,6,12,13,14,18,19,20,
1,1,2,3,7,8,9,15,16,17,24,25,26,27,21,22,23,12,13,14,4,5,6,18,19,20,
1,1,2,3,7,8,9,15,16,17,24,25,26,27,21,22,23,12,13,14,18,19,20,4,5,6,
4,1,2,3,7,8,9,18,19,20,
1,1,2,3,7,8,9,18,19,20,4,5,6,12,13,14,15,16,17,24,25,26,27,21,22,23,
1,1,2,3,7,8,9,18,19,20,4,5,6,15,16,17,24,25,26,27,12,13,14,21,22,23,
1,1,2,3,7,8,9,18,19,20,12,13,14,24,25,26,27,15,16,17,21,22,23,4,5,6,
1,1,2,3,7,8,9,18,19,20,21,22,23,4,5,6,12,13,14,24,25,26,27,15,16,17,
1,1,2,3,7,8,9,18,19,20,21,22,23,12,13,14,
1,1,2,3,7,8,9,18,19,20,24,25,26,27,12,13,14,21,22,23,4,5,6,15,16,17,
2,1,2,3,7,8,9,21,22,23,
1,1,2,3,7,8,9,21,22,23,4,5,6,12,13,14,15,16,17,18,19,20,24,25,26,27,
1,1,2,3,7,8,9,21,22,23,4,5,6,12,13,14,24,25,26,27,15,16,17,18,19,20,
1,1,2,3,7,8,9,21,22,23,12,13,14,4,5,6,18,19,20,
1,1,2,3,7,8,9,21,22,23,12,13,14,18,19,20,
2,1,2,3,7,8,9,21,22,23,12,13,14,18,19,20,4,5,6,
1,1,2,3,7,8,9,21,22,23,24,25,26,27,
1,1,2,3,7,8,9,24,25,26,27,21,22,23,15,16,17,18,19,20,12,13,14,4,5,6,
1,1,2,3,11,13,
75,1,2,3,12,13,14,
6,1,2,3,12,13,14,4,5,6,
2,1,2,3,12,13,14,4,5,6,7,8,9,15,16,17,18,19,20,21,22,23,24,25,26,27,
1,1,2,3,12,13,14,4,5,6,7,8,9,15,16,17,21,22,23,18,19,20,24,25,26,27,
1,1,2,3,12,13,14,4,5,6,7,8,9,18,19,20,21,22,23,
1,1,2,3,12,13,14,4,5,6,7,8,9,21,22,23,
1,1,2,3,12,13,14,4,5,6,7,8,9,21,22,23,18,19,20,
1,1,2,3,12,13,14,4,5,6,15,16,17,7,8,9,
1,1,2,3,12,13,14,4,5,6,18,19,20,7,8,9,15,16,17,21,22,23,24,25,26,27,
1,1,2,3,12,13,14,4,5,6,21,22,23,18,19,20,15,16,17,7,8,9,24,25,26,27,
1,1,2,3,12,13,14,4,5,6,24,25,26,27,18,19,20,21,22,23,7,8,9,
1,1,2,3,12,13,14,7,8,9,
1,1,2,3,12,13,14,7,8,9,4,5,6,18,19,20,21,22,23,24,25,26,27,
1,1,2,3,12,13,14,7,8,9,15,16,17,24,25,26,27,18,19,20,21,22,23,4,5,6,
2,1,2,3,12,13,14,7,8,9,15,16,17,24,25,26,27,21,22,23,18,19,20,4,5,6,
1,1,2,3,12,13,14,7,8,9,18,19,20,21,22,23,4,5,6,
1,1,2,3,12,13,14,7,8,9,21,22,23,18,19,20,15,16,17,24,25,26,27,4,5,6,
1,1,2,3,12,13,14,7,8,9,21,22,23,24,25,26,27,15,16,17,18,19,20,4,5,6,
2,1,2,3,12,13,14,15,16,17,
1,1,2,3,12,13,14,15,16,17,18,19,20,24,25,26,27,21,22,23,7,8,9,4,5,6,
1,1,2,3,12,13,14,15,16,17,24,25,26,27,30,10,11,7,8,9,21,22,23,28,29,4,5,6,
7,1,2,3,12,13,14,18,19,20,
1,1,2,3,12,13,14,18,19,20,4,5,6,7,8,9,15,16,17,21,22,23,24,25,26,27,
1,1,2,3,12,13,14,18,19,20,4,5,6,7,8,9,21,22,23,15,16,17,24,25,26,27,
1,1,2,3,12,13,14,18,19,20,7,8,9,
1,1,2,3,12,13,14,18,19,20,7,8,9,21,22,23,4,5,6,24,25,26,27,
1,1,2,3,12,13,14,18,19,20,21,22,23,4,5,6,7,8,9,15,16,17,24,25,26,27,
1,1,2,3,12,13,14,18,19,20,21,22,23,24,25,26,27,15,16,17,4,5,6,7,8,9,
6,1,2,3,12,13,14,21,22,23,
2,1,2,3,12,13,14,21,22,23,4,5,6,7,8,9,24,25,26,27,15,16,17,
1,1,2,3,12,13,14,21,22,23,18,19,20,7,8,9,4,5,6,15,16,17,24,25,26,27,
1,1,2,3,12,13,14,21,22,23,18,19,20,7,8,9,4,5,6,24,25,26,27,15,16,17,
1,1,2,3,12,13,14,21,22,23,18,19,20,15,16,17,7,8,9,4,5,6,24,25,26,27,
1,1,2,3,12,13,14,21,22,23,24,25,26,27,18,19,20,15,16,17,7,8,9,4,5,6,
1,1,2,3,12,13,14,24,25,26,27,
20,1,2,3,15,16,17,
1,1,2,3,15,16,17,4,5,6,7,8,9,12,13,14,18,19,20,21,22,23,
2,1,2,3,15,16,17,4,5,6,7,8,9,21,22,23,24,25,26,27,18,19,20,12,13,14,
1,1,2,3,15,16,17,4,5,6,18,19,20,21,22,23,7,8,9,12,13,14,24,25,26,27,
1,1,2,3,15,16,17,7,8,9,18,19,20,4,5,6,
1,1,2,3,15,16,17,12,13,14,4,5,6,7,8,9,18,19,20,21,22,23,24,25,26,27,
1,1,2,3,15,16,17,12,13,14,7,8,9,21,22,23,4,5,6,18,19,20,
1,1,2,3,15,16,17,12,13,14,7,8,9,21,22,23,24,25,26,27,18,19,20,4,5,6,
1,1,2,3,15,16,17,12,13,14,10,11,7,8,9,21,22,23,24,25,26,27,28,29,18,19,20,4,5,6,
1,1,2,3,15,16,17,24,25,26,27,
1,1,2,3,15,16,17,24,25,26,27,7,8,9,
1,1,2,3,18,19,
56,1,2,3,18,19,20,
9,1,2,3,18,19,20,4,5,6,
1,1,2,3,18,19,20,4,5,6,7,8,9,
1,1,2,3,18,19,20,4,5,6,7,8,9,21,22,23,12,13,14,15,16,17,24,25,26,27,
1,1,2,3,18,19,20,4,5,6,12,13,14,7,8,9,21,22,23,
1,1,2,3,18,19,20,4,5,6,21,22,23,
1,1,2,3,18,19,20,4,5,6,21,22,23,7,8,9,24,25,26,27,12,13,14,15,16,17,
2,1,2,3,18,19,20,7,8,9,
1,1,2,3,18,19,20,7,8,9,4,5,6,12,13,14,15,16,17,21,22,23,24,25,26,27,
7,1,2,3,18,19,20,12,13,14,
1,1,2,3,18,19,20,12,13,14,4,5,6,7,8,9,21,22,23,24,25,26,27,15,16,17,
2,1,2,3,18,19,20,12,13,14,7,8,9,4,5,6,15,16,17,21,22,23,24,25,26,27,
1,1,2,3,18,19,20,12,13,14,21,22,23,4,5,6,
2,1,2,3,18,19,20,15,16,17,
2,1,2,3,18,19,20,21,22,23,
1,1,2,3,18,19,20,21,22,23,4,5,6,7,8,9,12,13,14,
1,1,2,3,18,19,20,24,25,26,27,4,5,6,21,22,23,12,13,14,7,8,9,15,16,17,
114,1,2,3,21,22,23,
4,1,2,3,21,22,23,4,5,6,
1,1,2,3,21,22,23,4,5,6,7,8,9,
1,1,2,3,21,22,23,4,5,6,7,8,9,12,13,14,15,16,17,18,19,20,24,25,26,27,
1,1,2,3,21,22,23,4,5,6,7,8,9,12,13,14,15,16,17,24,25,26,27,18,19,20,
1,1,2,3,21,22,23,4,5,6,7,8,9,24,25,26,27,15,16,17,12,13,14,18,19,20,
1,1,2,3,21,22,23,4,5,6,18,19,20,7,8,9,12,13,14,15,16,17,24,25,26,27,
1,1,2,3,21,22,23,4,5,6,18,19,20,7,8,9,24,25,26,27,15,16,17,12,13,14,
1,1,2,3,21,22,23,4,5,6,24,25,26,27,18,19,20,15,16,17,7,8,9,12,13,14,
3,1,2,3,21,22,23,7,8,9,
2,1,2,3,21,22,23,7,8,9,4,5,6,18,19,20,12,13,14,
2,1,2,3,21,22,23,7,8,9,4,5,6,18,19,20,12,13,14,15,16,17,24,25,26,27,
1,1,2,3,21,22,23,7,8,9,12,13,14,4,5,6,
1,1,2,3,21,22,23,7,8,9,12,13,14,4,5,6,15,16,17,18,19,20,24,25,26,27,
1,1,2,3,21,22,23,7,8,9,12,13,14,4,5,6,15,16,17,24,25,26,27,18,19,20,
2,1,2,3,21,22,23,7,8,9,12,13,14,4,5,6,18,19,20,
2,1,2,3,21,22,23,7,8,9,12,13,14,15,16,17,24,25,26,27,4,5,6,18,19,20,
1,1,2,3,21,22,23,7,8,9,24,25,26,27,15,16,17,4,5,6,12,13,14,18,19,20,
6,1,2,3,21,22,23,12,13,14,
1,1,2,3,21,22,23,12,13,14,4,5,6,18,19,20,
1,1,2,3,21,22,23,12,13,14,7,8,9,4,5,6,18,19,20,
1,1,2,3,21,22,23,12,13,14,7,8,9,15,16,17,4,5,6,24,25,26,27,18,19,20,
1,1,2,3,21,22,23,12,13,14,7,8,9,15,16,17,18,19,20,24,25,26,27,4,5,6,
1,1,2,3,21,22,23,12,13,14,18,19,20,24,25,26,27,4,5,6,7,8,9,15,16,17,
1,1,2,3,21,22,23,15,16,17,
1,1,2,3,21,22,23,15,16,17,24,25,26,27,7,8,9,4,5,6,12,13,14,18,19,20,
6,1,2,3,21,22,23,18,19,20,
1,1,2,3,21,22,23,18,19,20,4,5,6,
1,1,2,3,21,22,23,18,19,20,4,5,6,7,8,9,12,13,14,24,25,26,27,15,16,17,
1,1,2,3,21,22,23,18,19,20,4,5,6,12,13,14,
1,1,2,3,21,22,23,18,19,20,12,13,14,7,8,9,
1,1,2,3,21,22,23,18,19,20,12,13,14,7,8,9,4,5,6,
1,1,2,3,21,22,23,18,19,20,12,13,14,24,25,26,27,15,16,17,7,8,9,4,5,6,
1,1,2,3,21,22,23,18,19,20,24,25,26,27,15,16,17,12,13,14,7,8,9,4,5,6,
1,1,2,3,21,22,23,24,25,26,27,7,8,9,12,13,14,15,16,17,
1,1,2,3,21,22,23,24,25,26,27,15,16,17,12,13,14,7,8,9,4,5,6,18,19,20,
1,1,2,3,22,23,
1,1,2,3,24,
5,1,2,3,24,25,26,27,
1,1,2,3,24,25,26,27,7,8,9,
1,1,2,3,24,25,26,27,12,13,14,4,5,6,7,8,9,15,16,17,21,22,23,18,19,20,
1,1,2,3,24,25,26,27,12,13,14,21,22,23,15,16,17,18,19,20,4,5,6,7,8,9,
1,1,2,3,24,25,26,27,15,16,17,
2,1,2,3,24,25,26,27,15,16,17,7,8,9,18,19,20,12,13,14,4,5,6,21,22,23,
1,1,2,3,24,25,26,27,15,16,17,18,19,20,7,8,9,12,13,14,4,5,6,21,22,23,
1,1,2,3,24,25,26,27,15,16,17,28,29,21,22,23,30,10,11,7,8,9,4,5,6,12,13,14,18,19,20,
1,1,2,3,24,25,26,27,18,19,20,21,22,23,15,16,17,12,13,14,7,8,9,
1,1,2,3,24,25,26,27,21,22,23,
1,1,2,3,24,25,26,27,21,22,23,15,16,17,7,8,9,
2,1,2,3,28,29,
1,1,2,3,30,
2,1,2,5,
1,1,2,6,
2,1,2,12,
1,1,2,14,
1,1,2,28,29,
165,1,3,
139,1,3,2,
1,1,3,2,4,5,6,
1,1,3,2,5,4,6,
1,1,3,2,5,4,6,11,
1,1,3,2,11,22,21,23,13,14,20,25,
1,1,3,2,23,22,21,27,26,25,24,29,28,7,8,9,4,5,6,
1,1,3,4,
1,1,3,4,5,7,6,8,9,10,17,11,12,13,15,14,16,22,19,18,24,20,23,21,25,26,27,28,29,30,
1,1,3,5,
1,1,3,8,14,20,
7,1,3,11,
1,1,3,11,13,14,12,21,22,23,28,29,
1,1,3,11,21,23,
2,1,3,12,
1,1,3,14,
2,1,3,21,
2,1,3,21,22,23,
1,1,3,22,23,21,
1,1,3,23,
1,1,3,25,
24,1,4,
2,1,4,3,
1,1,4,5,6,
1,1,4,6,
3,1,4,7,
1,1,4,7,10,
1,1,4,8,
1,1,4,8,11,13,17,19,21,24,28,30,
3,1,4,10,
1,1,4,11,
1,1,4,12,
1,1,4,13,
2,1,4,18,
1,1,4,20,11,
1,1,4,23,
7,1,5,
1,1,5,7,11,12,17,19,22,25,
1,1,5,7,11,13,17,18,22,24,29,30,
5,1,5,9,
1,1,5,11,
1,1,5,11,8,16,21,
1,1,5,13,
1,1,5,14,
1,1,5,24,
2,1,5,28,
1,1,6,
1,1,6,4,
1,1,6,16,
4,1,7,
1,1,7,11,
1,1,7,30,
1,1,8,12,5,
1,1,8,15,
1,1,8,20,
1,1,9,
1,1,9,6,
1,1,10,7,
6,1,11,
2,1,11,3,
1,1,11,12,
1,1,11,13,
5,1,11,14,
1,1,11,15,23,
1,1,11,20,
1,1,11,23,
4,1,12,
1,1,12,3,
1,1,12,4,
1,1,12,4,7,
1,1,12,22,
1,1,12,23,
6,1,13,
2,1,13,20,
4,1,14,
1,1,14,20,
7,1,15,
1,1,15,22,
1,1,15,23,
1,1,15,30,10,2,4,5,6,
1,1,16,
1,1,17,21,
3,1,18,
1,1,18,19,
3,1,20,
1,1,20,12,
2,1,20,13,
1,1,20,19,
4,1,21,
2,1,21,4,
1,1,21,6,
1,1,21,13,
1,1,21,22,
1,1,21,22,23,
1,1,21,22,23,14,
2,1,21,23,
7,1,22,
1,1,22,13,
1,1,22,19,
1,1,22,21,
1,1,22,23,
1,1,23,
1,1,23,21,22,13,3,11,
1,1,24,
1,1,24,18,15,
2,1,25,
1,1,25,11,
1,1,25,21,11,8,5,13,16,18,22,29,
1,1,26,29,
9,1,28,
2,1,28,3,
2,1,28,7,
5,1,28,29,
1,1,28,29,22,23,21,
1,1,29,3,
1,1,29,17,
1,1,29,28,22,23,21,25,11,20,13,3,2,30,14,27,18,16,10,9,26,19,15,12,7,24,17,8,5,6,4,
21,2,1,
23,2,1,3,
7,2,3,
12,2,3,1,
1,2,4,
1,2,4,7,
1,2,4,9,10,
1,2,4,9,10,13,16,20,21,24,29,30,
2,2,5,
1,2,6,
2,2,6,7,
1,2,7,
1,2,9,14,
1,2,11,
1,2,11,5,
1,2,11,8,6,14,16,18,22,25,28,30,
1,2,12,
1,2,15,
1,2,16,20,29,5,
1,2,20,23,12,
2,2,22,23,
14,3,1,
22,3,1,2,
1,3,1,5,4,2,6,
1,3,1,11,
4,3,2,
14,3,2,1,
1,3,2,6,
1,3,5,
1,3,5,8,
1,3,6,4,
1,3,8,
1,3,11,10,
1,3,11,25,
1,3,11,29,
1,3,12,
5,3,13,
1,3,13,11,
1,3,13,14,
4,3,20,
1,3,21,1,
1,3,21,22,
1,3,22,8,
2,3,22,23,
1,3,23,29,
1,3,29,22,
4,4,
9,4,1,
3,4,1,5,
1,4,1,5,6,
2,4,1,6,
1,4,1,7,12,
1,4,1,10,
1,4,1,12,
1,4,1,15,
2,4,1,21,
1,4,1,28,
1,4,2,
1,4,2,10,14,15,18,21,24,29,30,
1,4,3,
80,4,5,
1,4,5,3,
9055,4,5,6,
223,4,5,6,1,2,3,
49,4,5,6,1,2,3,7,8,9,
1,4,5,6,1,2,3,7,8,9,12,13,14,
1,4,5,6,1,2,3,7,8,9,12,13,14,15,16,17,
2,4,5,6,1,2,3,7,8,9,12,13,14,15,16,17,18,19,20,
18,4,5,6,1,2,3,7,8,9,12,13,14,15,16,17,18,19,20,21,22,23,24,25,26,27,
2,4,5,6,1,2,3,7,8,9,12,13,14,15,16,17,18,19,20,24,25,26,27,21,22,23,
3,4,5,6,1,2,3,7,8,9,12,13,14,18,19,20,15,16,17,21,22,23,24,25,26,27,
1,4,5,6,1,2,3,7,8,9,12,13,14,18,19,20,15,16,17,24,25,26,27,21,22,23,
7,4,5,6,1,2,3,7,8,9,12,13,14,18,19,20,21,22,23,
1,4,5,6,1,2,3,7,8,9,12,13,14,18,19,20,21,22,23,15,16,17,24,25,26,27,
1,4,5,6,1,2,3,7,8,9,12,13,14,18,19,20,21,22,23,24,25,26,27,
1,4,5,6,1,2,3,7,8,9,12,13,14,18,19,20,21,22,23,24,25,26,27,15,16,17,
1,4,5,6,1,2,3,7,8,9,12,13,14,18,19,20,24,25,26,27,15,16,17,21,22,23,
1,4,5,6,1,2,3,7,8,9,12,13,14,21,22,23,18,19,20,
1,4,5,6,1,2,3,7,8,9,12,13,14,21,22,23,18,19,20,24,25,26,27,15,16,17,
1,4,5,6,1,2,3,7,8,9,12,13,14,24,25,26,27,18,19,20,21,22,23,
1,4,5,6,1,2,3,7,8,9,15,16,17,12,13,14,18,19,20,21,22,23,
2,4,5,6,1,2,3,7,8,9,15,16,17,12,13,14,18,19,20,21,22,23,24,25,26,27,
1,4,5,6,1,2,3,7,8,9,15,16,17,18,19,20,12,13,14,21,22,23,24,25,26,27,
1,4,5,6,1,2,3,7,8,9,15,16,17,24,25,26,27,21,22,23,18,19,20,12,13,14,
5,4,5,6,1,2,3,7,8,9,18,19,20,
1,4,5,6,1,2,3,7,8,9,18,19,20,12,13,14,15,16,17,24,25,26,27,21,22,23,
2,4,5,6,1,2,3,7,8,9,18,19,20,12,13,14,21,22,23,
2,4,5,6,1,2,3,7,8,9,18,19,20,21,22,23,
1,4,5,6,1,2,3,7,8,9,18,19,20,21,22,23,12,13,14,
3,4,5,6,1,2,3,7,8,9,18,19,20,21,22,23,12,13,14,15,16,17,24,25,26,27,
1,4,5,6,1,2,3,7,8,9,21,22,23,
1,4,5,6,1,2,3,7,8,9,21,22,23,15,16,17,18,19,20,24,25,26,27,12,13,14,
1,4,5,6,1,2,3,7,8,9,21,22,23,15,16,17,24,25,26,27,12,13,14,18,19,20,
1,4,5,6,1,2,3,7,8,9,21,22,23,18,19,20,12,13,14,15,16,17,24,25,26,27,
1,4,5,6,1,2,3,7,8,9,21,22,23,18,19,20,12,13,14,24,25,26,27,
1,4,5,6,1,2,3,7,8,9,21,22,23,18,19,20,15,16,17,12,13,14,24,25,26,27,
8,4,5,6,1,2,3,12,13,14,
3,4,5,6,1,2,3,12,13,14,7,8,9,
1,4,5,6,1,2,3,12,13,14,7,8,9,15,16,17,
3,4,5,6,1,2,3,12,13,14,7,8,9,15,16,17,18,19,20,21,22,23,24,25,26,27,
1,4,5,6,1,2,3,12,13,14,7,8,9,15,16,17,18,19,20,24,25,26,27,21,22,23,
1,4,5,6,1,2,3,12,13,14,7,8,9,18,19,20,
1,4,5,6,1,2,3,12,13,14,7,8,9,18,19,20,15,16,17,21,22,23,24,25,26,27,
1,4,5,6,1,2,3,12,13,14,7,8,9,18,19,20,15,16,17,24,25,26,27,
1,4,5,6,1,2,3,12,13,14,7,8,9,18,19,20,15,16,17,24,25,26,27,21,22,23,
1,4,5,6,1,2,3,12,13,14,7,8,9,18,19,20,21,22,23,
1,4,5,6,1,2,3,12,13,14,7,8,9,18,19,20,21,22,23,15,16,17,24,25,26,27,
1,4,5,6,1,2,3,12,13,14,7,8,9,21,22,23,18,19,20,15,16,17,24,25,26,27,
1,4,5,6,1,2,3,12,13,14,7,8,9,24,25,26,27,21,22,23,18,19,20,15,16,17,
1,4,5,6,1,2,3,12,13,14,15,16,17,7,8,9,18,19,20,
2,4,5,6,1,2,3,12,13,14,18,19,20,
1,4,5,6,1,2,3,12,13,14,18,19,20,7,8,9,21,22,23,15,16,17,24,25,26,27,
1,4,5,6,1,2,3,12,13,14,18,19,20,7,8,9,21,22,23,24,25,26,27,15,16,17,
1,4,5,6,1,2,3,12,13,14,18,19,20,15,16,17,24,25,26,27,7,8,9,21,22,23,
1,4,5,6,1,2,3,12,13,14,18,19,20,21,22,23,24,25,26,27,15,16,17,7,8,9,
1,4,5,6,1,2,3,12,13,14,18,19,20,24,25,26,27,7,8,9,15,16,17,
1,4,5,6,1,2,3,12,13,14,21,22,23,
1,4,5,6,1,2,3,12,13,14,21,22,23,15,16,17,7,8,9,
1,4,5,6,1,2,3,12,13,14,21,22,23,15,16,17,18,19,20,24,25,26,27,
1,4,5,6,1,2,3,12,13,14,21,22,23,18,19,20,7,8,9,15,16,17,24,25,26,27,
1,4,5,6,1,2,3,12,13,14,24,25,26,27,15,16,17,7,8,9,21,22,23,
1,4,5,6,1,2,3,15,16,17,
1,4,5,6,1,2,3,15,16,17,12,13,14,7,8,9,21,22,23,18,19,20,24,25,26,27,
1,4,5,6,1,2,3,15,16,17,18,19,20,
1,4,5,6,1,2,3,15,16,17,24,25,26,27,
29,4,5,6,1,2,3,18,19,20,
1,4,5,6,1,2,3,18,19,20,7,8,9,12,13,14,15,16,17,24,25,26,27,21,22,23,
1,4,5,6,1,2,3,18,19,20,7,8,9,12,13,14,21,22,23,15,16,17,24,25,26,27,
2,4,5,6,1,2,3,18,19,20,7,8,9,15,16,17,24,25,26,27,12,13,14,21,22,23,
1,4,5,6,1,2,3,18,19,20,7,8,9,21,22,23,24,25,26,27,12,13,14,15,16,17,
2,4,5,6,1,2,3,18,19,20,7,8,9,24,25,26,27,12,13,14,15,16,17,21,22,23,
1,4,5,6,1,2,3,18,19,20,12,13,14,
1,4,5,6,1,2,3,18,19,20,12,13,14,7,8,9,
1,4,5,6,1,2,3,18,19,20,12,13,14,7,8,9,15,16,17,21,22,23,24,25,26,27,
1,4,5,6,1,2,3,18,19,20,12,13,14,7,8,9,15,16,17,24,25,26,27,21,22,23,
1,4,5,6,1,2,3,18,19,20,12,13,14,7,8,9,21,22,23,
1,4,5,6,1,2,3,18,19,20,15,16,17,7,8,9,12,13,14,24,25,26,27,21,22,23,
1,4,5,6,1,2,3,18,19,20,15,16,17,21,22,23,24,25,26,27,7,8,9,12,13,14,
1,4,5,6,1,2,3,18,19,20,15,16,17,24,25,26,27,12,13,14,
1,4,5,6,1,2,3,18,19,20,15,16,17,24,25,26,27,12,13,14,21,22,23,7,8,9,
2,4,5,6,1,2,3,18,19,20,21,22,23,
1,4,5,6,1,2,3,18,19,20,21,22,23,7,8,9,12,13,14,15,16,17,24,25,26,27,
1,4,5,6,1,2,3,18,19,20,21,22,23,7,8,9,12,13,14,24,25,26,27,
3,4,5,6,1,2,3,18,19,20,21,22,23,12,13,14,7,8,9,15,16,17,24,25,26,27,
1,4,5,6,1,2,3,18,19,20,21,22,23,24,25,26,27,15,16,17,12,13,14,
1,4,5,6,1,2,3,18,19,20,21,22,23,24,25,26,27,15,16,17,12,13,14,7,8,9,
6,4,5,6,1,2,3,21,22,23,
1,4,5,6,1,2,3,21,22,23,7,8,9,12,13,14,15,16,17,24,25,26,27,
1,4,5,6,1,2,3,21,22,23,7,8,9,12,13,14,18,19,20,
1,4,5,6,1,2,3,21,22,23,18,19,20,
1,4,5,6,1,2,3,21,22,23,18,19,20,7,8,9,
1,4,5,6,1,2,3,21,22,23,18,19,20,7,8,9,12,13,14,
1,4,5,6,1,2,3,21,22,23,18,19,20,7,8,9,12,13,14,15,16,17,24,25,26,27,
1,4,5,6,1,2,3,21,22,23,18,19,20,7,8,9,15,16,17,12,13,14,24,25,26,27,
1,4,5,6,1,2,3,21,22,23,18,19,20,24,25,26,27,7,8,9,12,13,14,15,16,17,
1,4,5,6,1,2,3,21,22,23,24,25,26,27,7,8,9,12,13,14,18,19,20,15,16,17,
4,4,5,6,1,2,3,24,25,26,27,
1,4,5,6,1,2,3,24,25,26,27,7,8,9,15,16,17,12,13,14,18,19,20,21,22,23,
1,4,5,6,1,2,3,24,25,26,27,15,16,17,
108,4,5,6,7,8,9,
22,4,5,6,7,8,9,1,2,3,
5,4,5,6,7,8,9,1,2,3,12,13,14,15,16,17,18,19,20,21,22,23,24,25,26,27,
1,4,5,6,7,8,9,1,2,3,12,13,14,18,19,20,
1,4,5,6,7,8,9,1,2,3,12,13,14,18,19,20,15,16,17,
1,4,5,6,7,8,9,1,2,3,12,13,14,18,19,20,15,16,17,24,25,26,27,21,22,23,
1,4,5,6,7,8,9,1,2,3,12,13,14,18,19,20,21,22,23,15,16,17,24,25,26,27,
1,4,5,6,7,8,9,1,2,3,12,13,14,21,22,23,18,19,20,24,25,26,27,15,16,17,
1,4,5,6,7,8,9,1,2,3,12,13,14,24,25,26,27,21,22,23,18,19,20,
1,4,5,6,7,8,9,1,2,3,15,16,17,12,13,14,18,19,20,24,25,26,27,21,22,23,
1,4,5,6,7,8,9,1,2,3,15,16,17,18,19,20,21,22,23,24,25,26,27,12,13,14,
1,4,5,6,7,8,9,1,2,3,18,19,20,12,13,14,
1,4,5,6,7,8,9,1,2,3,18,19,20,12,13,14,15,16,17,24,25,26,27,21,22,23,
1,4,5,6,7,8,9,1,2,3,18,19,20,15,16,17,12,13,14,24,25,26,27,21,22,23,
1,4,5,6,7,8,9,1,2,3,21,22,23,12,13,14,15,16,17,18,19,20,
2,4,5,6,7,8,9,1,2,3,21,22,23,12,13,14,15,16,17,18,19,20,24,25,26,27,
1,4,5,6,7,8,9,1,2,3,21,22,23,18,19,20,
1,4,5,6,7,8,9,1,2,3,21,22,23,24,25,26,27,18,19,20,15,16,17,12,13,14,
1,4,5,6,7,8,9,1,2,3,24,25,26,27,18,19,20,12,13,14,15,16,17,21,22,23,
1,4,5,6,7,8,9,10,12,15,16,17,19,28,29,30,
9,4,5,6,7,8,9,12,13,14,
2,4,5,6,7,8,9,12,13,14,1,2,3,15,16,17,18,19,20,21,22,23,24,25,26,27,
1,4,5,6,7,8,9,12,13,14,1,2,3,15,16,17,24,25,26,27,18,19,20,21,22,23,
1,4,5,6,7,8,9,12,13,14,1,2,3,18,19,20,21,22,23,15,16,17,24,25,26,27,
1,4,5,6,7,8,9,12,13,14,1,2,3,21,22,23,18,19,20,15,16,17,24,25,26,27,
1,4,5,6,7,8,9,12,13,14,15,16,17,1,2,3,18,19,20,21,22,23,24,25,26,27,
2,4,5,6,7,8,9,12,13,14,15,16,17,18,19,20,
1,4,5,6,7,8,9,12,13,14,15,16,17,18,19,20,21,22,23,
4,4,5,6,7,8,9,12,13,14,15,16,17,18,19,20,21,22,23,24,25,26,27,1,2,3,
1,4,5,6,7,8,9,12,13,14,15,16,17,24,25,26,27,21,22,23,1,2,3,18,19,20,
1,4,5,6,7,8,9,12,13,14,15,16,17,24,25,26,27,21,22,23,18,19,20,1,2,3,
1,4,5,6,7,8,9,12,13,14,18,19,20,21,22,23,1,2,3,24,25,26,27,
1,4,5,6,7,8,9,12,13,14,21,22,23,18,19,20,1,2,3,
10,4,5,6,7,8,9,15,16,17,
1,4,5,6,7,8,9,15,16,17,1,2,3,12,13,14,18,19,20,24,25,26,27,21,22,23,
1,4,5,6,7,8,9,15,16,17,21,22,23,24,25,26,27,18,19,20,
1,4,5,6,7,8,9,15,16,17,24,25,26,27,
19,4,5,6,7,8,9,18,19,20,
2,4,5,6,7,8,9,18,19,20,1,2,3,
1,4,5,6,7,8,9,18,19,20,12,13,14,1,2,3,21,22,23,15,16,17,24,25,26,27,
1,4,5,6,7,8,9,18,19,20,12,13,14,1,2,3,21,22,23,24,25,26,27,15,16,17,
1,4,5,6,7,8,9,18,19,20,15,16,17,12,13,14,1,2,3,24,25,26,27,21,22,23,
1,4,5,6,7,8,9,18,19,20,21,22,23,
1,4,5,6,7,8,9,18,19,20,21,22,23,1,2,3,
1,4,5,6,7,8,9,18,19,20,21,22,23,1,2,3,12,13,14,
1,4,5,6,7,8,9,18,19,20,21,22,23,24,25,26,27,15,16,17,12,13,14,1,2,3,
1,4,5,6,7,8,9,18,19,20,24,25,26,27,
2,4,5,6,7,8,9,21,22,23,
4,4,5,6,7,8,9,24,25,26,27,
1,4,5,6,7,8,9,24,25,26,27,15,16,17,
141,4,5,6,12,13,14,
10,4,5,6,12,13,14,1,2,3,
2,4,5,6,12,13,14,1,2,3,7,8,9,15,16,17,18,19,20,21,22,23,24,25,26,27,
1,4,5,6,12,13,14,1,2,3,7,8,9,15,16,17,21,22,23,24,25,26,27,18,19,20,
2,4,5,6,12,13,14,1,2,3,7,8,9,15,16,17,24,25,26,27,18,19,20,21,22,23,
1,4,5,6,12,13,14,1,2,3,7,8,9,18,19,20,15,16,17,21,22,23,24,25,26,27,
1,4,5,6,12,13,14,1,2,3,7,8,9,18,19,20,21,22,23,24,25,26,27,15,16,17,
1,4,5,6,12,13,14,1,2,3,7,8,9,21,22,23,
1,4,5,6,12,13,14,1,2,3,7,8,9,21,22,23,18,19,20,
1,4,5,6,12,13,14,1,2,3,7,8,9,21,22,23,18,19,20,15,16,17,24,25,26,27,
1,4,5,6,12,13,14,1,2,3,7,8,9,21,22,23,18,19,20,24,25,26,27,15,16,17,
1,4,5,6,12,13,14,1,2,3,18,19,20,
1,4,5,6,12,13,14,1,2,3,18,19,20,21,22,23,7,8,9,
5,4,5,6,12,13,14,7,8,9,
2,4,5,6,12,13,14,7,8,9,1,2,3,
4,4,5,6,12,13,14,7,8,9,1,2,3,15,16,17,18,19,20,21,22,23,24,25,26,27,
1,4,5,6,12,13,14,7,8,9,1,2,3,15,16,17,21,22,23,18,19,20,24,25,26,27,
1,4,5,6,12,13,14,7,8,9,1,2,3,15,16,17,21,22,23,24,25,26,27,18,19,20,
1,4,5,6,12,13,14,7,8,9,1,2,3,15,16,17,24,25,26,27,18,19,20,21,22,23,
1,4,5,6,12,13,14,7,8,9,1,2,3,18,19,20,
1,4,5,6,12,13,14,7,8,9,1,2,3,21,22,23,18,19,20,15,16,17,24,25,26,27,
1,4,5,6,12,13,14,7,8,9,15,16,17,
2,4,5,6,12,13,14,7,8,9,15,16,17,18,19,20,24,25,26,27,1,2,3,21,22,23,
1,4,5,6,12,13,14,7,8,9,18,19,20,
1,4,5,6,12,13,14,7,8,9,18,19,20,1,2,3,24,25,26,27,15,16,17,21,22,23,
1,4,5,6,12,13,14,7,8,9,18,19,20,15,16,17,24,25,26,27,21,22,23,1,2,3,
1,4,5,6,12,13,14,7,8,9,18,19,20,21,22,23,24,25,26,27,
1,4,5,6,12,13,14,7,8,9,21,22,23,24,25,26,27,15,16,17,18,19,20,
1,4,5,6,12,13,14,15,16,17,
1,4,5,6,12,13,14,15,16,17,7,8,9,1,2,3,
1,4,5,6,12,13,14,15,16,17,18,19,20,21,22,23,7,8,9,1,2,3,24,25,26,27,
1,4,5,6,12,13,14,15,16,17,21,22,23,18,19,20,24,25,26,27,7,8,9,1,2,3,
34,4,5,6,12,13,14,18,19,20,
3,4,5,6,12,13,14,18,19,20,1,2,3,
2,4,5,6,12,13,14,18,19,20,1,2,3,7,8,9,
1,4,5,6,12,13,14,18,19,20,1,2,3,7,8,9,15,16,17,21,22,23,24,25,26,27,
1,4,5,6,12,13,14,18,19,20,1,2,3,7,8,9,21,22,23,15,16,17,24,25,26,27,
1,4,5,6,12,13,14,18,19,20,1,2,3,7,8,9,21,22,23,24,25,26,27,15,16,17,
1,4,5,6,12,13,14,18,19,20,1,2,3,15,16,17,7,8,9,24,25,26,27,21,22,23,
1,4,5,6,12,13,14,18,19,20,1,2,3,21,22,23,24,25,26,27,7,8,9,15,16,17,
1,4,5,6,12,13,14,18,19,20,7,8,9,1,2,3,
1,4,5,6,12,13,14,18,19,20,7,8,9,1,2,3,15,16,17,24,25,26,27,21,22,23,
1,4,5,6,12,13,14,18,19,20,7,8,9,1,2,3,21,22,23,24,25,26,27,15,16,17,
1,4,5,6,12,13,14,18,19,20,7,8,9,15,16,17,24,25,26,27,1,2,3,21,22,23,
2,4,5,6,12,13,14,18,19,20,15,16,17,21,22,23,24,25,26,27,7,8,9,1,2,3,
1,4,5,6,12,13,14,18,19,20,21,22,23,1,2,3,7,8,9,15,16,17,24,25,26,27,
1,4,5,6,12,13,14,18,19,20,21,22,23,7,8,9,1,2,3,15,16,17,24,25,26,27,
1,4,5,6,12,13,14,18,19,20,21,22,23,7,8,9,1,2,3,24,25,26,27,15,16,17,30,10,11,28,29,
1,4,5,6,12,13,14,18,19,20,21,22,23,7,8,9,15,16,17,24,25,26,27,
1,4,5,6,12,13,14,18,19,20,21,22,23,15,16,17,24,25,26,27,7,8,9,
1,4,5,6,12,13,14,18,19,20,21,22,23,15,16,17,24,25,26,27,7,8,9,1,2,3,
1,4,5,6,12,13,14,18,19,20,21,22,23,15,16,17,24,25,26,27,28,29,30,10,11,7,8,9,1,2,3,
1,4,5,6,12,13,14,18,19,20,21,22,23,24,25,26,27,7,8,9,1,2,3,
1,4,5,6,12,13,14,18,19,20,24,25,26,27,15,16,17,7,8,9,1,2,3,21,22,23,
3,4,5,6,12,13,14,21,22,23,
1,4,5,6,12,13,14,21,22,23,1,2,3,7,8,9,
1,4,5,6,12,13,14,21,22,23,7,8,9,1,2,3,18,19,20,15,16,17,24,25,26,27,
1,4,5,6,12,13,14,21,22,23,18,19,20,24,25,26,27,15,16,17,7,8,9,1,2,3,
2,4,5,6,12,13,14,24,25,26,27,
57,4,5,6,15,16,17,
2,4,5,6,15,16,17,1,2,3,
1,4,5,6,15,16,17,1,2,3,7,8,9,
1,4,5,6,15,16,17,1,2,3,18,19,20,
1,4,5,6,15,16,17,1,2,3,18,19,20,24,25,26,27,7,8,9,
2,4,5,6,15,16,17,7,8,9,
1,4,5,6,15,16,17,7,8,9,1,2,3,12,13,14,18,19,20,21,22,23,24,25,26,27,
1,4,5,6,15,16,17,7,8,9,1,2,3,21,22,23,18,19,20,24,25,26,27,12,13,14,
1,4,5,6,15,16,17,12,13,14,
1,4,5,6,15,16,17,12,13,14,18,19,20,7,8,9,1,2,3,21,22,23,24,25,26,27,
10,4,5,6,15,16,17,18,19,20,
1,4,5,6,15,16,17,18,19,20,1,2,3,7,8,9,12,13,14,
1,4,5,6,15,16,17,18,19,20,1,2,3,7,8,9,12,13,14,24,25,26,27,21,22,23,
1,4,5,6,15,16,17,18,19,20,21,22,23,12,13,14,24,25,26,27,7,8,9,1,2,3,
1,4,5,6,15,16,17,18,19,20,24,25,26,27,
2,4,5,6,15,16,17,21,22,23,
1,4,5,6,15,16,17,21,22,23,18,19,20,24,25,26,27,7,8,9,1,2,3,
1,4,5,6,15,16,17,21,22,23,24,25,26,27,
3,4,5,6,15,16,17,24,25,26,27,
1,4,5,6,15,16,17,24,25,26,27,7,8,9,18,19,20,12,13,14,21,22,23,1,2,3,
1,4,5,6,15,16,17,24,25,26,27,12,13,14,1,2,3,7,8,9,21,22,23,18,19,20,
1,4,5,6,16,20,
449,4,5,6,18,19,20,
39,4,5,6,18,19,20,1,2,3,
1,4,5,6,18,19,20,1,2,3,7,8,9,
3,4,5,6,18,19,20,1,2,3,7,8,9,12,13,14,
6,4,5,6,18,19,20,1,2,3,7,8,9,12,13,14,15,16,17,21,22,23,24,25,26,27,
5,4,5,6,18,19,20,1,2,3,7,8,9,12,13,14,21,22,23,
1,4,5,6,18,19,20,1,2,3,7,8,9,12,13,14,21,22,23,15,16,17,24,25,26,27,
2,4,5,6,18,19,20,1,2,3,7,8,9,12,13,14,21,22,23,24,25,26,27,15,16,17,
4,4,5,6,18,19,20,1,2,3,7,8,9,12,13,14,24,25,26,27,15,16,17,21,22,23,
1,4,5,6,18,19,20,1,2,3,7,8,9,21,22,23,12,13,14,15,16,17,24,25,26,27,
1,4,5,6,18,19,20,1,2,3,7,8,9,21,22,23,12,13,14,24,25,26,27,
1,4,5,6,18,19,20,1,2,3,7,8,9,21,22,23,15,16,17,24,25,26,27,12,13,14,
1,4,5,6,18,19,20,1,2,3,7,8,9,24,25,26,27,12,13,14,15,16,17,21,22,23,
1,4,5,6,18,19,20,1,2,3,7,8,9,24,25,26,27,21,22,23,12,13,14,15,16,17,
4,4,5,6,18,19,20,1,2,3,12,13,14,
1,4,5,6,18,19,20,1,2,3,12,13,14,7,8,9,15,16,17,24,25,26,27,21,22,23,
3,4,5,6,18,19,20,1,2,3,12,13,14,7,8,9,21,22,23,
1,4,5,6,18,19,20,1,2,3,12,13,14,7,8,9,21,22,23,24,25,26,27,15,16,17,
1,4,5,6,18,19,20,1,2,3,12,13,14,15,16,17,24,25,26,27,7,8,9,21,22,23,
1,4,5,6,18,19,20,1,2,3,12,13,14,21,22,23,
1,4,5,6,18,19,20,1,2,3,12,13,14,21,22,23,7,8,9,
1,4,5,6,18,19,20,1,2,3,21,22,23,
2,4,5,6,18,19,20,1,2,3,21,22,23,12,13,14,7,8,9,
1,4,5,6,18,19,20,1,2,3,21,22,23,24,25,26,27,15,16,17,12,13,14,7,8,9,
1,4,5,6,18,19,20,1,2,3,24,25,26,27,
1,4,5,6,18,19,20,1,2,3,24,25,26,27,21,22,23,15,16,17,7,8,9,12,13,14,
29,4,5,6,18,19,20,7,8,9,
1,4,5,6,18,19,20,7,8,9,1,2,3,
1,4,5,6,18,19,20,7,8,9,1,2,3,12,13,14,15,16,17,21,22,23,24,25,26,27,
1,4,5,6,18,19,20,7,8,9,1,2,3,12,13,14,21,22,23,15,16,17,24,25,26,27,
1,4,5,6,18,19,20,7,8,9,1,2,3,21,22,23,12,13,14,15,16,17,24,25,26,27,
1,4,5,6,18,19,20,7,8,9,1,2,3,21,22,23,24,25,26,27,15,16,17,12,13,14,
1,4,5,6,18,19,20,7,8,9,1,2,3,24,25,26,27,15,16,17,12,13,14,21,22,23,
2,4,5,6,18,19,20,7,8,9,12,13,14,
1,4,5,6,18,19,20,7,8,9,12,13,14,15,16,17,24,25,26,27,1,2,3,21,22,23,
1,4,5,6,18,19,20,7,8,9,12,13,14,24,25,26,27,
1,4,5,6,18,19,20,7,8,9,15,16,17,24,25,26,27,21,22,23,1,2,3,12,13,14,
1,4,5,6,18,19,20,7,8,9,24,25,26,27,12,13,14,15,16,17,1,2,3,21,22,23,
59,4,5,6,18,19,20,12,13,14,
3,4,5,6,18,19,20,12,13,14,1,2,3,
2,4,5,6,18,19,20,12,13,14,1,2,3,7,8,9,
2,4,5,6,18,19,20,12,13,14,1,2,3,7,8,9,15,16,17,21,22,23,24,25,26,27,
5,4,5,6,18,19,20,12,13,14,1,2,3,7,8,9,15,16,17,24,25,26,27,21,22,23,
2,4,5,6,18,19,20,12,13,14,1,2,3,7,8,9,21,22,23,
1,4,5,6,18,19,20,12,13,14,1,2,3,7,8,9,21,22,23,15,16,17,24,25,26,27,
1,4,5,6,18,19,20,12,13,14,1,2,3,7,8,9,24,25,26,27,15,16,17,21,22,23,
1,4,5,6,18,19,20,12,13,14,1,2,3,7,8,9,24,25,26,27,21,22,23,15,16,17,
1,4,5,6,18,19,20,12,13,14,1,2,3,15,16,17,21,22,23,24,25,26,27,
1,4,5,6,18,19,20,12,13,14,1,2,3,21,22,23,
1,4,5,6,18,19,20,12,13,14,1,2,3,24,25,26,27,7,8,9,15,16,17,
1,4,5,6,18,19,20,12,13,14,7,8,9,
3,4,5,6,18,19,20,12,13,14,7,8,9,1,2,3,15,16,17,21,22,23,24,25,26,27,
1,4,5,6,18,19,20,12,13,14,7,8,9,1,2,3,15,16,17,24,25,26,27,21,22,23,
3,4,5,6,18,19,20,12,13,14,7,8,9,1,2,3,21,22,23,
1,4,5,6,18,19,20,12,13,14,7,8,9,1,2,3,21,22,23,24,25,26,27,
1,4,5,6,18,19,20,12,13,14,15,16,17,
1,4,5,6,18,19,20,12,13,14,15,16,17,1,2,3,
1,4,5,6,18,19,20,12,13,14,15,16,17,21,22,23,24,25,26,27,7,8,9,1,2,3,
1,4,5,6,18,19,20,12,13,14,15,16,17,24,25,26,27,
1,4,5,6,18,19,20,12,13,14,15,16,17,24,25,26,27,1,2,3,7,8,9,21,22,23,
4,4,5,6,18,19,20,12,13,14,21,22,23,
1,4,5,6,18,19,20,12,13,14,21,22,23,1,2,3,7,8,9,
3,4,5,6,18,19,20,12,13,14,21,22,23,1,2,3,7,8,9,15,16,17,24,25,26,27,
1,4,5,6,18,19,20,12,13,14,21,22,23,1,2,3,15,16,17,24,25,26,27,7,8,9,
1,4,5,6,18,19,20,12,13,14,21,22,23,7,8,9,
1,4,5,6,18,19,20,12,13,14,21,22,23,7,8,9,1,2,3,
9,4,5,6,18,19,20,15,16,17,
1,4,5,6,18,19,20,15,16,17,1,2,3,
1,4,5,6,18,19,20,15,16,17,1,2,3,12,13,14,7,8,9,21,22,23,24,25,26,27,
1,4,5,6,18,19,20,15,16,17,7,8,9,12,13,14,24,25,26,27,21,22,23,
1,4,5,6,18,19,20,15,16,17,12,13,14,
1,4,5,6,18,19,20,15,16,17,12,13,14,1,2,3,21,22,23,24,25,26,27,
1,4,5,6,18,19,20,15,16,17,24,25,26,27,1,2,3,7,8,9,21,22,23,
25,4,5,6,18,19,20,21,22,23,
2,4,5,6,18,19,20,21,22,23,1,2,3,7,8,9,12,13,14,
4,4,5,6,18,19,20,21,22,23,1,2,3,7,8,9,12,13,14,15,16,17,24,25,26,27,
1,4,5,6,18,19,20,21,22,23,1,2,3,7,8,9,15,16,17,12,13,14,24,25,26,27,
1,4,5,6,18,19,20,21,22,23,1,2,3,7,8,9,15,16,17,24,25,26,27,12,13,14,
1,4,5,6,18,19,20,21,22,23,1,2,3,12,13,14,7,8,9,24,25,26,27,15,16,17,
1,4,5,6,18,19,20,21,22,23,7,8,9,1,2,3,
1,4,5,6,18,19,20,21,22,23,7,8,9,1,2,3,12,13,14,15,16,17,24,25,26,27,
1,4,5,6,18,19,20,21,22,23,7,8,9,1,2,3,12,13,14,24,25,26,27,15,16,17,
1,4,5,6,18,19,20,21,22,23,7,8,9,24,25,26,27,
2,4,5,6,18,19,20,21,22,23,12,13,14,
1,4,5,6,18,19,20,21,22,23,12,13,14,7,8,9,1,2,3,
1,4,5,6,18,19,20,21,22,23,12,13,14,24,25,26,27,15,16,17,1,2,3,7,8,9,
1,4,5,6,18,19,20,21,22,23,15,16,17,
1,4,5,6,18,19,20,21,22,23,24,25,26,27,15,16,17,12,13,14,
2,4,5,6,18,19,20,21,22,23,24,25,26,27,15,16,17,12,13,14,7,8,9,1,2,3,
4,4,5,6,18,19,20,24,25,26,27,
1,4,5,6,18,19,20,24,25,26,27,7,8,9,12,13,14,15,16,17,1,2,3,21,22,23,
1,4,5,6,18,19,20,24,25,26,27,12,13,14,1,2,3,7,8,9,21,22,23,15,16,17,
1,4,5,6,18,19,20,24,25,26,27,15,16,17,1,2,3,7,8,9,12,13,14,21,22,23,
1,4,5,6,18,19,20,24,25,26,27,15,16,17,12,13,14,7,8,9,21,22,23,1,2,3,
1,4,5,6,18,19,20,24,25,26,27,15,16,17,21,22,23,
1,4,5,6,18,19,20,28,29,
131,4,5,6,21,22,23,
14,4,5,6,21,22,23,1,2,3,
3,4,5,6,21,22,23,1,2,3,7,8,9,12,13,14,15,16,17,18,19,20,24,25,26,27,
2,4,5,6,21,22,23,1,2,3,7,8,9,12,13,14,15,16,17,24,25,26,27,18,19,20,
1,4,5,6,21,22,23,1,2,3,7,8,9,12,13,14,18,19,20,15,16,17,24,25,26,27,
1,4,5,6,21,22,23,1,2,3,7,8,9,18,19,20,12,13,14,15,16,17,24,25,26,27,
1,4,5,6,21,22,23,1,2,3,12,13,14,
1,4,5,6,21,22,23,1,2,3,12,13,14,7,8,9,
1,4,5,6,21,22,23,1,2,3,18,19,20,
1,4,5,6,21,22,23,1,2,3,18,19,20,7,8,9,12,13,14,
5,4,5,6,21,22,23,7,8,9,
1,4,5,6,21,22,23,7,8,9,1,2,3,12,13,14,18,19,20,15,16,17,24,25,26,27,
1,4,5,6,21,22,23,7,8,9,1,2,3,12,13,14,24,25,26,27,18,19,20,15,16,17,
3,4,5,6,21,22,23,12,13,14,
1,4,5,6,21,22,23,12,13,14,1,2,3,7,8,9,
1,4,5,6,21,22,23,12,13,14,1,2,3,7,8,9,18,19,20,
1,4,5,6,21,22,23,12,13,14,7,8,9,1,2,3,15,16,17,18,19,20,24,25,26,27,
1,4,5,6,21,22,23,12,13,14,7,8,9,1,2,3,15,16,17,24,25,26,27,18,19,20,
1,4,5,6,21,22,23,12,13,14,7,8,9,15,16,17,24,25,26,27,18,19,20,1,2,3,
1,4,5,6,21,22,23,12,13,14,7,8,9,18,19,20,15,16,17,24,25,26,27,1,2,3,
1,4,5,6,21,22,23,12,13,14,15,16,17,7,8,9,1,2,3,18,19,20,
1,4,5,6,21,22,23,12,13,14,18,19,20,1,2,3,7,8,9,
1,4,5,6,21,22,23,15,16,17,12,13,14,24,25,26,27,7,8,9,1,2,3,
1,4,5,6,21,22,23,15,16,17,24,25,26,27,1,2,3,7,8,9,12,13,14,18,19,20,
14,4,5,6,21,22,23,18,19,20,
3,4,5,6,21,22,23,18,19,20,1,2,3,
3,4,5,6,21,22,23,18,19,20,1,2,3,7,8,9,12,13,14,
4,4,5,6,21,22,23,18,19,20,1,2,3,7,8,9,12,13,14,15,16,17,24,25,26,27,
2,4,5,6,21,22,23,18,19,20,1,2,3,7,8,9,12,13,14,24,25,26,27,15,16,17,
1,4,5,6,21,22,23,18,19,20,1,2,3,7,8,9,24,25,26,27,15,16,17,12,13,14,
1,4,5,6,21,22,23,18,19,20,1,2,3,12,13,14,7,8,9,
1,4,5,6,21,22,23,18,19,20,1,2,3,15,16,17,7,8,9,24,25,26,27,12,13,14,
1,4,5,6,21,22,23,18,19,20,7,8,9,
1,4,5,6,21,22,23,18,19,20,7,8,9,1,2,3,12,13,14,15,16,17,24,25,26,27,
1,4,5,6,21,22,23,18,19,20,12,13,14,1,2,3,7,8,9,
3,4,5,6,21,22,23,18,19,20,12,13,14,7,8,9,1,2,3,
1,4,5,6,21,22,23,18,19,20,12,13,14,7,8,9,1,2,3,15,16,17,24,25,26,27,
1,4,5,6,21,22,23,18,19,20,15,16,17,24,25,26,27,12,13,14,7,8,9,1,2,3,
1,4,5,6,21,22,23,18,19,20,24,25,26,27,15,16,17,12,13,14,7,8,9,1,2,3,
1,4,5,6,21,22,23,24,25,26,27,12,13,14,7,8,9,1,2,3,18,19,20,15,16,17,
1,4,5,6,21,22,23,24,25,26,27,15,16,17,1,2,3,18,19,20,12,13,14,7,8,9,
1,4,5,6,21,22,23,24,25,26,27,15,16,17,7,8,9,12,13,14,18,19,20,
1,4,5,6,21,22,23,24,25,26,27,18,19,20,15,16,17,7,8,9,1,2,3,12,13,14,
13,4,5,6,24,25,26,27,
1,4,5,6,24,25,26,27,1,2,3,
1,4,5,6,24,25,26,27,7,8,9,
1,4,5,6,24,25,26,27,7,8,9,18,19,20,1,2,3,15,16,17,12,13,14,21,22,23,
1,4,5,6,24,25,26,27,12,13,14,
1,4,5,6,24,25,26,27,15,16,17,
1,4,5,6,24,25,26,27,15,16,17,18,19,20,
1,4,5,6,24,25,26,27,15,16,17,21,22,23,7,8,9,1,2,3,12,13,14,18,19,20,
3,4,5,6,24,25,26,27,18,19,20,
2,4,5,6,24,25,26,27,18,19,20,12,13,14,15,16,17,7,8,9,1,2,3,21,22,23,
1,4,5,6,24,25,26,27,18,19,20,21,22,23,1,2,3,7,8,9,12,13,14,15,16,17,
1,4,5,6,24,25,26,27,21,22,23,15,16,17,18,19,20,12,13,14,7,8,9,1,2,3,
1,4,5,7,8,10,29,28,26,16,15,
1,4,5,9,
1,4,5,15,
2,4,5,16,
3,4,5,18,
1,4,5,20,
89,4,6,
1,4,6,2,
117,4,6,5,
1,4,6,5,16,15,17,
1,4,6,5,28,
1,4,6,9,
2,4,6,9,17,
1,4,6,10,
1,4,6,10,11,15,21,24,18,
1,4,6,12,
1,4,6,15,
1,4,6,15,16,17,
2,4,6,16,
3,4,6,17,
2,4,6,18,
1,4,6,24,
13,4,7,
1,4,7,5,
2,4,7,6,
1,4,7,9,
2,4,7,10,
2,4,7,12,
2,4,7,15,
1,4,7,22,18,
1,4,7,24,
3,4,8,
1,4,8,2,
1,4,8,3,
1,4,8,9,
2,4,8,13,
1,4,9,16,
3,4,10,
1,4,10,7,
1,4,10,11,
1,4,10,12,
4,4,10,15,
1,4,10,16,
3,4,10,18,
1,4,10,24,
3,4,11,
1,4,11,6,
1,4,11,16,
1,4,11,17,
4,4,12,
2,4,12,1,
1,4,12,13,
2,4,12,18,
1,4,12,21,
3,4,13,
1,4,13,1,
1,4,13,3,
1,4,13,12,
1,4,13,14,
1,4,13,14,12,5,6,9,8,7,3,1,2,11,30,10,15,17,16,26,25,27,24,29,28,22,21,23,20,18,19,
1,4,13,17,18,
1,4,13,19,
2,4,13,20,
1,4,13,26,
3,4,15,
4,4,15,5,
1,4,15,6,
2,4,15,7,
1,4,15,10,
1,4,15,12,
1,4,15,16,
1,4,15,18,5,19,16,1,
1,4,15,21,
1,4,15,29,
8,4,16,
1,4,16,6,
1,4,16,7,
3,4,17,
6,4,18,
1,4,18,1,
1,4,18,7,
1,4,18,14,
2,4,18,15,10,
1,4,18,19,
1,4,18,19,20,21,
2,4,18,21,
1,4,19,12,7,2,10,15,22,25,29,30,
1,4,19,21,25,2,9,
3,4,20,
1,4,20,6,
1,4,20,13,
1,4,20,15,24,10,2,12,21,28,30,7,
1,4,20,18,
1,4,21,18,
1,4,22,
2,4,22,3,
1,4,23,
1,4,24,12,
1,4,26,
4,4,28,
1,4,28,1,
1,4,28,6,
1,4,28,10,
1,4,28,15,
1,4,28,18,5,29,19,6,20,1,2,3,7,8,9,10,11,15,16,17,24,25,26,27,30,21,22,23,12,13,14,
1,4,28,20,
1,4,28,29,24,
1,4,30,10,5,
2,5,2,
1,5,3,
19,5,4,
75,5,4,6,
1,5,4,6,18,19,20,12,13,14,28,29,21,22,23,1,2,3,7,8,9,10,15,24,30,11,16,25,17,26,27,
1,5,4,6,28,29,
1,5,4,7,
1,5,4,12,
2,5,4,15,
1,5,4,28,
18,5,6,
23,5,6,4,
1,5,6,4,13,
1,5,6,4,20,19,18,
1,5,6,9,
2,5,6,18,
1,5,6,22,
1,5,7,4,
1,5,7,8,28,10,
2,5,7,15,
1,5,7,24,
1,5,7,28,
1,5,8,10,
1,5,8,11,
1,5,8,15,
1,5,9,3,
1,5,9,24,
2,5,10,
1,5,10,8,
1,5,10,11,
1,5,10,24,
3,5,11,
1,5,11,3,
1,5,12,18,21,
1,5,12,21,
2,5,13,
1,5,13,19,
2,5,15,
1,5,15,8,
1,5,15,10,
1,5,15,27,
2,5,15,28,
4,5,16,
1,5,16,8,
1,5,16,14,
1,5,16,19,
1,5,16,25,
2,5,18,
2,5,18,3,
1,5,19,25,
2,5,20,
1,5,20,4,6,18,19,13,14,11,23,
1,5,22,
1,5,24,
3,5,24,15,
1,5,24,16,
1,5,24,16,15,10,
1,5,24,28,
1,5,24,30,
1,5,28,14,
1,5,28,24,
1,5,29,
1,6,
2,6,1,
1,6,3,
1,6,3,9,
13,6,4,
1,6,4,3,
43,6,4,5,
1,6,4,17,12,10,
3,6,5,
33,6,5,4,
1,6,5,9,13,16,
1,6,5,24,
1,6,7,12,
1,6,8,
1,6,9,
1,6,11,
1,6,11,13,
1,6,12,
1,6,17,10,
1,6,18,
1,6,18,7,
1,6,20,
1,6,20,13,
1,6,21,18,
1,6,24,15,
1,6,28,
1,6,28,15,
1,6,28,16,
1,6,29,10,
3,7,
3,7,1,
1,7,2,
1,7,3,
6,7,4,
1,7,4,1,
2,7,4,6,
2,7,4,9,
1,7,4,15,
2,7,4,18,
1,7,4,21,15,24,28,12,10,
1,7,4,28,
1,7,5,
1,7,5,9,
1,7,5,16,
1,7,5,28,
1,7,6,4,
15,7,8,
2,7,8,4,
866,7,8,9,
23,7,8,9,1,2,3,
11,7,8,9,1,2,3,4,5,6,
1,7,8,9,1,2,3,4,5,6,12,13,14,15,16,17,18,19,20,21,22,23,
1,7,8,9,1,2,3,4,5,6,12,13,14,15,16,17,18,19,20,21,22,23,24,25,26,27,
1,7,8,9,1,2,3,4,5,6,18,19,20,12,13,14,15,16,17,21,22,23,24,25,26,27,
1,7,8,9,1,2,3,4,5,6,18,19,20,12,13,14,15,16,17,24,25,26,27,21,22,23,
1,7,8,9,1,2,3,12,13,14,
1,7,8,9,1,2,3,12,13,14,4,5,6,15,16,17,18,19,20,21,22,23,24,25,26,27,
1,7,8,9,1,2,3,12,13,14,21,22,23,
1,7,8,9,1,2,3,15,16,17,4,5,6,18,19,20,21,22,23,12,13,14,24,25,26,27,
1,7,8,9,1,2,3,15,16,17,24,25,26,27,4,5,6,12,13,14,18,19,20,21,22,23,
1,7,8,9,1,2,3,15,16,17,24,25,26,27,18,19,20,12,13,14,21,22,23,4,5,6,
1,7,8,9,1,2,3,18,19,20,
1,7,8,9,1,2,3,18,19,20,4,5,6,
1,7,8,9,1,2,3,18,19,20,12,13,14,4,5,6,21,22,23,15,16,17,24,25,26,27,
44,7,8,9,4,5,6,
12,7,8,9,4,5,6,1,2,3,
1,7,8,9,4,5,6,1,2,3,12,13,14,
3,7,8,9,4,5,6,1,2,3,12,13,14,15,16,17,18,19,20,21,22,23,24,25,26,27,
1,7,8,9,4,5,6,1,2,3,12,13,14,15,16,17,21,22,23,24,25,26,27,18,19,20,
1,7,8,9,4,5,6,1,2,3,12,13,14,24,25,26,27,15,16,17,21,22,23,18,19,20,
1,7,8,9,4,5,6,1,2,3,12,13,14,24,25,26,27,21,22,23,18,19,20,15,16,17,
1,7,8,9,4,5,6,1,2,3,18,19,20,
1,7,8,9,4,5,6,1,2,3,24,25,26,27,21,22,23,18,19,20,15,16,17,12,13,14,
1,7,8,9,4,5,6,12,13,14,
1,7,8,9,4,5,6,12,13,14,1,2,3,15,16,17,18,19,20,21,22,23,24,25,26,27,
1,7,8,9,4,5,6,12,13,14,18,19,20,21,22,23,1,2,3,24,25,26,27,
1,7,8,9,4,5,6,15,16,17,
6,7,8,9,4,5,6,18,19,20,
1,7,8,9,4,5,6,18,19,20,1,2,3,12,13,14,21,22,23,
1,7,8,9,4,5,6,18,19,20,1,2,3,12,13,14,21,22,23,15,16,17,24,25,26,27,
1,7,8,9,4,5,6,18,19,20,12,13,14,1,2,3,15,16,17,21,22,23,24,25,26,27,
1,7,8,9,4,5,6,18,19,20,21,22,23,12,13,14,1,2,3,15,16,17,24,25,26,27,
1,7,8,9,4,5,6,18,19,20,24,25,26,27,15,16,17,12,13,14,1,2,3,21,22,23,
1,7,8,9,4,5,6,21,22,23,
1,7,8,9,4,5,6,21,22,23,18,19,20,1,2,3,12,13,14,
1,7,8,9,4,5,6,21,22,23,18,19,20,15,16,17,
1,7,8,9,4,5,6,24,25,26,27,
1,7,8,9,4,5,6,24,25,26,27,15,16,17,18,19,20,21,22,23,12,13,14,1,2,3,
17,7,8,9,12,13,14,
1,7,8,9,12,13,14,1,2,3,
1,7,8,9,12,13,14,1,2,3,4,5,6,21,22,23,18,19,20,
1,7,8,9,12,13,14,4,5,6,
1,7,8,9,12,13,14,4,5,6,1,2,3,15,16,17,18,19,20,21,22,23,24,25,26,27,
1,7,8,9,12,13,14,4,5,6,15,16,17,
1,7,8,9,12,13,14,4,5,6,18,19,20,21,22,23,24,25,26,27,
2,7,8,9,12,13,14,15,16,17,
1,7,8,9,12,13,14,15,16,17,18,19,20,
1,7,8,9,12,13,14,15,16,17,18,19,20,4,5,6,1,2,3,24,25,26,27,21,22,23,
1,7,8,9,12,13,14,15,16,17,18,19,20,21,22,23,
1,7,8,9,12,13,14,15,16,17,21,22,23,
1,7,8,9,12,13,14,15,16,17,24,25,26,27,
8,7,8,9,12,13,14,18,19,20,
1,7,8,9,12,13,14,18,19,20,1,2,3,24,25,26,27,15,16,17,4,5,6,21,22,23,
1,7,8,9,12,13,14,18,19,20,4,5,6,1,2,3,21,22,23,
1,7,8,9,12,13,14,18,19,20,24,25,26,27,21,22,23,15,16,17,4,5,6,1,2,3,
1,7,8,9,12,13,14,24,25,26,27,21,22,23,4,5,6,15,16,17,18,19,20,1,2,3,
26,7,8,9,15,16,17,
1,7,8,9,15,16,17,1,2,3,
10,7,8,9,15,16,17,4,5,6,
1,7,8,9,15,16,17,4,5,6,24,25,26,27,12,13,14,18,19,20,
1,7,8,9,15,16,17,18,19,20,24,25,26,27,4,5,6,12,13,14,1,2,3,
2,7,8,9,15,16,17,21,22,23,
1,7,8,9,15,16,17,24,25,26,27,
1,7,8,9,15,16,17,24,25,26,27,12,13,14,1,2,3,4,5,6,18,19,20,21,22,23,
1,7,8,9,15,16,17,24,25,26,27,18,19,20,
30,7,8,9,18,19,20,
2,7,8,9,18,19,20,1,2,3,
4,7,8,9,18,19,20,4,5,6,
1,7,8,9,18,19,20,4,5,6,1,2,3,12,13,14,15,16,17,24,25,26,27,21,22,23,
1,7,8,9,18,19,20,4,5,6,12,13,14,
1,7,8,9,18,19,20,4,5,6,12,13,14,15,16,17,
4,7,8,9,18,19,20,12,13,14,
1,7,8,9,18,19,20,12,13,14,1,2,3,4,5,6,21,22,23,
1,7,8,9,18,19,20,12,13,14,4,5,6,
1,7,8,9,18,19,20,12,13,14,4,5,6,1,2,3,15,16,17,21,22,23,24,25,26,27,
1,7,8,9,18,19,20,12,13,14,4,5,6,15,16,17,1,2,3,24,25,26,27,21,22,23,
1,7,8,9,18,19,20,12,13,14,4,5,6,15,16,17,24,25,26,27,1,2,3,21,22,23,
1,7,8,9,18,19,20,15,16,17,12,13,14,1,2,3,4,5,6,24,25,26,27,21,22,23,
1,7,8,9,18,19,20,21,22,23,12,13,14,1,2,3,4,5,6,15,16,17,24,25,26,27,
10,7,8,9,21,22,23,
3,7,8,9,21,22,23,1,2,3,
1,7,8,9,21,22,23,1,2,3,4,5,6,12,13,14,15,16,17,18,19,20,24,25,26,27,
1,7,8,9,21,22,23,4,5,6,
3,7,8,9,24,25,26,27,
1,7,8,9,24,25,26,27,1,2,3,15,16,17,
1,7,8,9,24,25,26,27,4,5,6,
1,7,8,9,24,25,26,27,15,16,17,4,5,6,1,2,3,18,19,20,21,22,23,12,13,14,
1,7,8,9,24,25,26,27,18,19,20,
27,7,9,
11,7,9,4,
1,7,9,4,6,8,5,15,16,17,
1,7,9,5,
1,7,9,6,
24,7,9,8,
1,7,9,10,
2,7,9,11,
1,7,9,15,
2,7,9,20,
2,7,9,24,
2,7,9,30,
6,7,10,
1,7,10,12,
4,7,10,15,
1,7,10,15,12,4,1,18,
1,7,10,28,
1,7,11,
1,7,12,6,
1,7,12,16,
3,7,13,
1,7,13,17,
5,7,15,
2,7,15,4,
1,7,15,6,
1,7,15,8,
3,7,15,18,
2,7,15,20,
2,7,15,24,
1,7,15,25,
1,7,16,
2,7,16,5,
2,7,18,
2,7,18,6,
1,7,18,9,
1,7,19,
1,7,20,
1,7,20,4,
1,7,20,25,
1,7,24,
2,7,24,5,28,10,15,12,
1,7,24,15,10,
1,7,27,9,
4,7,28,
1,7,28,10,
1,7,29,28,1,
1,7,30,4,
1,8,1,2,13,14,9,28,29,21,22,23,3,7,11,12,10,15,16,17,24,25,26,27,30,4,5,6,18,19,20,
1,8,4,
1,8,5,
2,8,7,
4,8,7,9,
3,8,9,7,
1,8,9,7,1,2,3,10,11,12,13,14,15,16,17,24,25,26,27,4,5,6,21,22,23,18,19,20,28,29,30,
1,8,9,13,
1,8,10,4,15,
1,8,11,14,
1,8,15,10,5,24,16,27,26,19,
1,8,16,
2,8,19,
1,8,23,
2,9,4,6,
2,9,4,7,
1,9,5,
1,9,5,10,
2,9,7,
8,9,7,4,
2,9,7,4,15,
6,9,7,8,
1,9,7,10,
1,9,7,15,
1,9,8,
4,9,8,7,
1,9,10,6,
1,9,12,
1,9,12,14,
1,9,15,25,
1,9,17,
1,9,18,19,
1,9,27,5,
1,10,
2,10,1,
1,10,1,4,
1,10,1,21,
5,10,4,
1,10,4,6,
1,10,4,7,
2,10,4,11,
1,10,4,16,28,24,
1,10,4,21,
1,10,4,28,
1,10,5,
1,10,5,11,
1,10,5,15,
4,10,6,
1,10,6,8,29,
1,10,6,15,16,17,
1,10,6,17,18,
2,10,7,
1,10,7,4,
1,10,7,6,24,
1,10,7,8,
1,10,7,12,
3,10,7,15,
2,10,7,28,
3,10,8,
1,10,9,3,
400,10,11,
6,10,11,4,
1,10,11,4,5,6,15,16,17,28,29,
1,10,11,4,6,5,
1,10,11,4,6,15,
4,10,11,6,
1,10,11,7,
1,10,11,8,
1,10,11,9,
1,10,11,14,
8,10,11,15,
1,10,11,15,16,17,
1,10,11,15,16,17,18,19,20,4,5,6,
1,10,11,15,16,17,18,19,20,7,8,9,4,5,6,
1,10,11,16,15,17,1,2,3,30,
2,10,11,17,
2,10,11,18,
1,10,11,20,
1,10,11,20,4,6,5,
6,10,11,24,
1,10,11,25,
2,10,11,28,29,
2,10,12,
1,10,12,7,
7,10,15,
1,10,15,4,
1,10,15,5,7,
1,10,15,5,26,
1,10,15,8,
1,10,15,11,
1,10,15,16,
1,10,15,16,6,
1,10,15,16,17,7,24,
2,10,15,24,
3,10,15,28,
3,10,16,
1,10,16,4,5,24,26,7,
2,10,16,11,
1,10,16,15,
1,10,17,
1,10,17,15,
1,10,18,
1,10,18,16,
1,10,21,
3,10,24,
2,10,24,16,
1,10,24,25,
1,10,24,28,
1,10,24,28,15,25,8,18,29,
1,10,25,4,
1,10,25,16,
2,10,28,
1,10,28,5,
2,10,28,15,
1,10,28,15,4,29,
1,10,28,24,
4,10,28,29,
3,11,1,
1,11,1,14,
1,11,3,
1,11,3,28,
1,11,4,
1,11,4,5,6,7,9,18,19,20,24,26,27,10,
1,11,4,15,
1,11,4,28,
1,11,5,1,16,4,6,3,25,
3,11,6,
1,11,6,1,
1,11,6,5,4,
1,11,8,20,
35,11,10,
1,11,10,4,5,6,7,8,9,12,13,14,
1,11,10,7,16,4,5,6,17,15,24,
1,11,10,20,
1,11,10,28,29,
4,11,13,
1,11,13,14,
1,11,14,20,
3,11,15,
2,11,16,24,
3,11,20,
1,11,20,3,
1,11,20,10,
1,11,20,10,3,2,1,
1,11,20,13,14,22,23,21,3,
1,11,20,21,22,23,18,
1,11,20,27,
1,11,21,
1,11,22,13,20,14,23,21,25,
1,11,23,
1,11,23,22,
2,11,25,
1,11,25,15,
1,11,28,
2,12,1,
1,12,1,3,21,29,28,
2,12,1,21,
6,12,4,
1,12,4,5,
1,12,4,28,
1,12,5,18,
1,12,6,
1,12,7,16,
1,12,8,
2,12,10,
7,12,13,
948,12,13,14,
41,12,13,14,1,2,3,
8,12,13,14,1,2,3,4,5,6,
1,12,13,14,1,2,3,4,5,6,7,8,9,18,19,20,21,22,23,
1,12,13,14,1,2,3,4,5,6,18,19,20,7,8,9,24,25,26,27,21,22,23,
1,12,13,14,1,2,3,4,5,6,18,19,20,21,22,23,
1,12,13,14,1,2,3,4,5,6,21,22,23,7,8,9,18,19,20,24,25,26,27,15,16,17,
1,12,13,14,1,2,3,4,5,6,21,22,23,24,25,26,27,
2,12,13,14,1,2,3,7,8,9,
1,12,13,14,1,2,3,7,8,9,4,5,6,15,16,17,18,19,20,21,22,23,24,25,26,27,
1,12,13,14,1,2,3,7,8,9,4,5,6,18,19,20,
1,12,13,14,1,2,3,7,8,9,4,5,6,18,19,20,24,25,26,27,15,16,17,21,22,23,
1,12,13,14,1,2,3,7,8,9,15,16,17,24,25,26,27,18,19,20,4,5,6,21,22,23,
1,12,13,14,1,2,3,7,8,9,15,16,17,24,25,26,27,18,19,20,21,22,23,4,5,6,
1,12,13,14,1,2,3,7,8,9,18,19,20,
1,12,13,14,1,2,3,7,8,9,18,19,20,15,16,17,24,25,26,27,4,5,6,21,22,23,
1,12,13,14,1,2,3,7,8,9,18,19,20,15,16,17,24,25,26,27,21,22,23,4,5,6,
1,12,13,14,1,2,3,7,8,9,18,19,20,21,22,23,4,5,6,
1,12,13,14,1,2,3,7,8,9,18,19,20,24,25,26,27,15,16,17,21,22,23,4,5,6,
1,12,13,14,1,2,3,7,8,9,24,25,26,27,15,16,17,18,19,20,21,22,23,4,5,6,
1,12,13,14,1,2,3,15,16,17,
4,12,13,14,1,2,3,18,19,20,
1,12,13,14,1,2,3,18,19,20,4,5,6,
1,12,13,14,1,2,3,18,19,20,4,5,6,7,8,9,21,22,23,15,16,17,
2,12,13,14,1,2,3,21,22,23,
1,12,13,14,1,2,3,24,25,26,27,
1,12,13,14,1,2,3,24,25,26,27,15,16,17,21,22,23,7,8,9,18,19,20,4,5,6,
1,12,13,14,3,
54,12,13,14,4,5,6,
5,12,13,14,4,5,6,1,2,3,
1,12,13,14,4,5,6,1,2,3,7,8,9,
1,12,13,14,4,5,6,1,2,3,7,8,9,18,19,20,21,22,23,
1,12,13,14,4,5,6,1,2,3,18,19,20,
1,12,13,14,4,5,6,1,2,3,18,19,20,21,22,23,7,8,9,
1,12,13,14,4,5,6,1,2,3,24,25,26,27,21,22,23,15,16,17,7,8,9,18,19,20,
2,12,13,14,4,5,6,7,8,9,1,2,3,15,16,17,18,19,20,21,22,23,24,25,26,27,
1,12,13,14,4,5,6,7,8,9,1,2,3,15,16,17,18,19,20,24,25,26,27,21,22,23,
1,12,13,14,4,5,6,7,8,9,1,2,3,18,19,20,21,22,23,24,25,26,27,15,16,17,
1,12,13,14,4,5,6,7,8,9,10,11,1,2,3,
1,12,13,14,4,5,6,7,8,9,24,25,26,27,15,16,17,21,22,23,1,2,3,18,19,20,
1,12,13,14,4,5,6,15,16,17,18,19,20,
1,12,13,14,4,5,6,15,16,17,18,19,20,1,2,3,24,25,26,27,7,8,9,21,22,23,
1,12,13,14,4,5,6,15,16,17,18,19,20,24,25,26,27,1,2,3,7,8,9,21,22,23,
18,12,13,14,4,5,6,18,19,20,
1,12,13,14,4,5,6,18,19,20,1,2,3,7,8,9,
1,12,13,14,4,5,6,18,19,20,1,2,3,7,8,9,21,22,23,
1,12,13,14,4,5,6,18,19,20,1,2,3,7,8,9,21,22,23,24,25,26,27,15,16,17,
1,12,13,14,4,5,6,18,19,20,7,8,9,1,2,3,24,25,26,27,15,16,17,21,22,23,
1,12,13,14,4,5,6,18,19,20,24,25,26,27,21,22,23,1,2,3,15,16,17,7,8,9,
1,12,13,14,4,5,6,21,22,23,1,2,3,15,16,17,18,19,20,24,25,26,27,
1,12,13,14,4,5,6,24,25,26,27,18,19,20,15,16,17,7,8,9,1,2,3,21,22,23,
20,12,13,14,7,8,9,
5,12,13,14,7,8,9,1,2,3,
1,12,13,14,7,8,9,1,2,3,4,5,6,21,22,23,18,19,20,15,16,17,24,25,26,27,
1,12,13,14,7,8,9,1,2,3,15,16,17,24,25,26,27,21,22,23,18,19,20,
1,12,13,14,7,8,9,1,2,3,21,22,23,24,25,26,27,15,16,17,4,5,6,18,19,20,
1,12,13,14,7,8,9,1,2,3,24,25,26,27,21,22,23,4,5,6,15,16,17,18,19,20,
2,12,13,14,7,8,9,4,5,6,
1,12,13,14,7,8,9,4,5,6,15,16,17,18,19,20,21,22,23,24,25,26,27,1,2,3,
1,12,13,14,7,8,9,15,16,17,18,19,20,1,2,3,4,5,6,21,22,23,24,25,26,27,
1,12,13,14,7,8,9,15,16,17,18,19,20,4,5,6,1,2,3,21,22,23,24,25,26,27,
4,12,13,14,7,8,9,18,19,20,
1,12,13,14,7,8,9,18,19,20,1,2,3,
1,12,13,14,7,8,9,21,22,23,
1,12,13,14,7,8,9,24,25,26,27,15,16,17,1,2,3,21,22,23,4,5,6,18,19,20,
6,12,13,14,15,16,17,
1,12,13,14,15,16,17,7,8,9,4,5,6,1,2,3,18,19,20,21,22,23,24,25,26,27,
1,12,13,14,15,16,17,7,8,9,4,5,6,18,19,20,1,2,3,21,22,23,24,25,26,27,
3,12,13,14,15,16,17,18,19,20,
1,12,13,14,15,16,17,18,19,20,7,8,9,
1,12,13,14,15,16,17,18,19,20,7,8,9,4,5,6,1,2,3,21,22,23,24,25,26,27,
1,12,13,14,15,16,17,18,19,20,21,22,23,24,25,26,27,
1,12,13,14,15,16,17,21,22,23,18,19,20,1,2,3,4,5,6,
1,12,13,14,15,16,17,24,25,26,27,1,2,3,7,8,9,4,5,6,18,19,20,21,22,23,
1,12,13,14,15,16,17,24,25,26,27,7,8,9,18,19,20,1,2,3,4,5,6,21,22,23,
1,12,13,14,15,16,17,24,25,26,27,21,22,23,1,2,3,4,5,6,7,8,9,18,19,20,
105,12,13,14,18,19,20,
7,12,13,14,18,19,20,1,2,3,
2,12,13,14,18,19,20,1,2,3,4,5,6,
1,12,13,14,18,19,20,1,2,3,4,5,6,7,8,9,21,22,23,24,25,26,27,15,16,17,
1,12,13,14,18,19,20,1,2,3,4,5,6,21,22,23,
1,12,13,14,18,19,20,1,2,3,7,8,9,
1,12,13,14,18,19,20,1,2,3,7,8,9,4,5,6,15,16,17,21,22,23,
2,12,13,14,18,19,20,1,2,3,7,8,9,4,5,6,15,16,17,21,22,23,24,25,26,27,
1,12,13,14,18,19,20,1,2,3,7,8,9,4,5,6,15,16,17,24,25,26,27,21,22,23,
1,12,13,14,18,19,20,1,2,3,7,8,9,24,25,26,27,15,16,17,4,5,6,
1,12,13,14,18,19,20,1,2,3,21,22,23,7,8,9,4,5,6,15,16,17,24,25,26,27,
1,12,13,14,18,19,20,1,2,3,24,25,26,27,15,16,17,7,8,9,4,5,6,21,22,23,
95,12,13,14,18,19,20,4,5,6,
1,12,13,14,18,19,20,4,5,6,1,2,3,
1,12,13,14,18,19,20,4,5,6,1,2,3,7,8,9,
1,12,13,14,18,19,20,4,5,6,1,2,3,7,8,9,24,25,26,27,15,16,17,21,22,23,
1,12,13,14,18,19,20,4,5,6,1,2,3,7,8,9,24,25,26,27,21,22,23,15,16,17,
1,12,13,14,18,19,20,4,5,6,1,2,3,21,22,23,15,16,17,7,8,9,24,25,26,27,
1,12,13,14,18,19,20,4,5,6,7,8,9,1,2,3,15,16,17,24,25,26,27,21,22,23,
1,12,13,14,18,19,20,4,5,6,7,8,9,21,22,23,
1,12,13,14,18,19,20,4,5,6,21,22,23,1,2,3,24,25,26,27,7,8,9,15,16,17,
5,12,13,14,18,19,20,7,8,9,
2,12,13,14,18,19,20,7,8,9,1,2,3,4,5,6,15,16,17,21,22,23,24,25,26,27,
1,12,13,14,18,19,20,7,8,9,1,2,3,15,16,17,24,25,26,27,4,5,6,21,22,23,
1,12,13,14,18,19,20,7,8,9,4,5,6,1,2,3,
1,12,13,14,18,19,20,7,8,9,4,5,6,1,2,3,21,22,23,
1,12,13,14,18,19,20,7,8,9,10,11,15,16,17,4,5,6,28,29,1,2,3,24,25,26,27,30,23,22,21,
1,12,13,14,18,19,20,7,8,9,15,16,17,21,22,23,24,25,26,27,4,5,6,1,2,3,
1,12,13,14,18,19,20,15,16,17,21,22,23,
9,12,13,14,18,19,20,21,22,23,
1,12,13,14,18,19,20,21,22,23,4,5,6,1,2,3,7,8,9,24,25,26,27,15,16,17,
1,12,13,14,18,19,20,21,22,23,4,5,6,7,8,9,1,2,3,
1,12,13,14,18,19,20,21,22,23,7,8,9,1,2,3,4,5,6,15,16,17,24,25,26,27,
4,12,13,14,18,19,20,24,25,26,27,
1,12,13,14,18,19,20,24,25,26,27,21,22,23,15,16,17,7,8,9,1,2,3,4,5,6,
22,12,13,14,21,22,23,
2,12,13,14,21,22,23,1,2,3,
2,12,13,14,21,22,23,1,2,3,7,8,9,18,19,20,4,5,6,
1,12,13,14,21,22,23,4,5,6,
1,12,13,14,21,22,23,4,5,6,7,8,9,18,19,20,1,2,3,
1,12,13,14,21,22,23,4,5,6,18,19,20,15,16,17,7,8,9,1,2,3,24,25,26,27,
5,12,13,14,21,22,23,7,8,9,
1,12,13,14,21,22,23,7,8,9,1,2,3,4,5,6,18,19,20,15,16,17,24,25,26,27,
1,12,13,14,21,22,23,7,8,9,1,2,3,15,16,17,
2,12,13,14,21,22,23,18,19,20,
1,12,13,14,21,22,23,18,19,20,1,2,3,4,5,6,7,8,9,15,16,17,24,25,26,27,
1,12,13,14,21,22,23,18,19,20,7,8,9,
1,12,13,14,21,22,23,18,19,20,15,16,17,24,25,26,27,1,2,3,4,5,6,7,8,9,
1,12,13,14,21,22,23,18,19,20,24,25,26,27,15,16,17,4,5,6,7,8,9,1,2,3,
1,12,13,14,21,22,23,24,25,26,27,
1,12,13,14,21,22,23,24,25,26,27,7,8,9,1,2,3,
3,12,13,14,24,25,26,27,
1,12,13,18,
1,12,13,28,
3,12,14,
3,12,14,13,
1,12,15,
1,12,16,20,
1,12,17,25,
1,12,18,
1,12,18,4,
1,12,19,4,
1,12,20,
1,12,23,6,
1,12,24,4,
2,12,25,
1,12,30,
1,13,
3,13,1,
1,13,11,
1,13,11,20,
9,13,12,14,
13,13,14,
11,13,14,12,
1,13,14,20,
1,13,17,
1,13,20,14,
2,13,21,
1,13,21,22,23,20,
1,13,22,
1,13,22,21,
1,13,23,
1,13,30,1,
1,14,1,13,
1,14,2,9,
1,14,12,
5,14,13,
4,14,13,12,
1,14,19,28,
1,14,20,13,
1,14,21,
1,14,23,
1,14,25,
1,14,28,7,
1,15,
1,15,1,
4,15,4,
1,15,4,5,6,16,17,
2,15,4,7,
1,15,4,10,7,18,21,24,28,30,1,
1,15,4,16,
1,15,4,18,
1,15,4,28,29,
3,15,5,
1,15,5,7,
1,15,5,9,16,13,24,
1,15,5,11,
1,15,5,18,1,4,19,20,30,12,13,14,10,
3,15,7,
1,15,7,1,
1,15,7,4,
1,15,7,9,
1,15,7,10,
1,15,8,
1,15,9,17,
2,15,10,
1,15,10,4,20,14,
1,15,10,5,
1,15,10,16,
1,15,10,19,
1,15,10,24,
1,15,10,24,28,5,16,27,
1,15,10,28,5,
1,15,10,29,
1,15,11,17,
1,15,14,
14,15,16,
5,15,16,10,
973,15,16,17,
5,15,16,17,1,2,3,
1,15,16,17,1,2,3,4,5,6,
2,15,16,17,1,2,3,4,5,6,7,8,9,12,13,14,18,19,20,21,22,23,24,25,26,27,
1,15,16,17,1,2,3,7,8,9,
1,15,16,17,1,2,3,12,13,14,
1,15,16,17,1,2,3,18,19,20,
1,15,16,17,1,2,3,18,19,20,24,25,26,27,21,22,23,4,5,6,7,8,9,12,13,14,
50,15,16,17,4,5,6,
1,15,16,17,4,5,6,1,2,3,7,8,9,12,13,14,18,19,20,21,22,23,24,25,26,27,
1,15,16,17,4,5,6,1,2,3,18,19,20,7,8,9,12,13,14,21,22,23,24,25,26,27,
1,15,16,17,4,5,6,1,2,3,18,19,20,21,22,23,24,25,26,27,7,8,9,
4,15,16,17,4,5,6,7,8,9,
1,15,16,17,4,5,6,7,8,9,18,19,20,24,25,26,27,
1,15,16,17,4,5,6,12,13,14,
7,15,16,17,4,5,6,18,19,20,
1,15,16,17,4,5,6,18,19,20,7,8,9,1,2,3,24,25,26,27,
1,15,16,17,4,5,6,18,19,20,12,13,14,1,2,3,7,8,9,21,22,23,24,25,26,27,
1,15,16,17,4,5,6,18,19,20,21,22,23,7,8,9,1,2,3,24,25,26,27,
1,15,16,17,4,5,6,18,19,20,24,25,26,27,
2,15,16,17,4,5,6,21,22,23,
2,15,16,17,4,5,6,24,25,26,27,
21,15,16,17,7,8,9,
2,15,16,17,7,8,9,1,2,3,
1,15,16,17,7,8,9,1,2,3,18,19,20,21,22,23,24,25,26,27,4,5,6,
2,15,16,17,7,8,9,1,2,3,21,22,23,18,19,20,12,13,14,24,25,26,27,4,5,6,
1,15,16,17,7,8,9,4,5,6,1,2,3,
1,15,16,17,7,8,9,12,13,14,1,2,3,4,5,6,18,19,20,21,22,23,24,25,26,27,
1,15,16,17,7,8,9,18,19,20,4,5,6,
2,15,16,17,7,8,9,21,22,23,
1,15,16,17,7,8,9,21,22,23,4,5,6,
1,15,16,17,7,8,9,24,25,26,27,
1,15,16,17,10,
2,15,16,17,12,13,14,
1,15,16,17,12,13,14,4,5,6,
1,15,16,17,12,13,14,7,8,9,
1,15,16,17,12,13,14,7,8,9,1,2,3,
3,15,16,17,12,13,14,18,19,20,
1,15,16,17,12,13,14,18,19,20,21,22,23,24,25,26,27,
1,15,16,17,12,13,14,24,25,26,27,
22,15,16,17,18,19,20,
4,15,16,17,18,19,20,1,2,3,
3,15,16,17,18,19,20,4,5,6,
1,15,16,17,18,19,20,6,
4,15,16,17,18,19,20,7,8,9,
1,15,16,17,18,19,20,7,8,9,1,2,3,4,5,6,
1,15,16,17,18,19,20,7,8,9,24,25,26,27,12,13,14,1,2,3,4,5,6,
2,15,16,17,18,19,20,12,13,14,
1,15,16,17,18,19,20,12,13,14,4,5,6,1,2,3,7,8,9,
1,15,16,17,18,19,20,21,22,23,24,25,26,27,12,13,14,7,8,9,4,5,6,1,2,3,
3,15,16,17,21,22,23,
1,15,16,17,21,22,23,18,19,20,4,5,6,7,8,9,24,25,26,27,1,2,3,
27,15,16,17,24,25,26,27,
1,15,16,17,24,25,26,27,1,2,3,4,5,6,7,8,9,12,13,14,18,19,20,21,22,23,
1,15,16,17,24,25,26,27,1,2,3,7,8,9,12,13,14,21,22,23,4,5,6,18,19,20,
6,15,16,17,24,25,26,27,4,5,6,
1,15,16,17,24,25,26,27,4,5,6,1,2,3,7,8,9,12,13,14,18,19,20,21,22,23,
1,15,16,17,24,25,26,27,4,5,6,7,8,9,
1,15,16,17,24,25,26,27,7,8,9,
1,15,16,17,24,25,26,27,7,8,9,1,2,3,12,13,14,18,19,20,4,5,6,21,22,23,
1,15,16,17,24,25,26,27,7,8,9,1,2,3,12,13,14,21,22,23,18,19,20,4,5,6,
1,15,16,17,24,25,26,27,7,8,9,1,2,3,18,19,20,12,13,14,21,22,23,4,5,6,
1,15,16,17,24,25,26,27,7,8,9,18,19,20,4,5,6,1,2,3,12,13,14,21,22,23,
1,15,16,17,24,25,26,27,12,13,14,7,8,9,1,2,3,
1,15,16,17,24,25,26,27,18,19,20,12,13,14,
1,15,16,24,
1,15,16,24,28,10,
1,15,17,
5,15,17,16,
1,15,18,
1,15,19,
1,15,24,
1,15,24,7,
1,15,24,25,
1,15,24,27,
1,15,25,
4,15,28,
1,15,28,5,
2,15,28,6,
1,15,28,10,
1,15,28,24,21,
1,15,28,27,
1,15,28,29,3,5,
1,16,
3,16,4,
2,16,4,10,
1,16,4,10,6,11,
1,16,4,18,
1,16,4,28,
2,16,5,
1,16,5,4,
1,16,5,6,
1,16,5,7,
1,16,5,10,28,
1,16,7,
1,16,7,28,
1,16,8,6,11,
1,16,9,24,
1,16,10,
1,16,10,4,
1,16,10,5,28,
1,16,10,17,15,11,4,5,6,7,9,8,24,26,27,30,25,28,29,1,2,3,12,13,14,18,19,20,21,22,23,
1,16,11,15,
2,16,11,17,
8,16,15,
1,16,15,5,
18,16,15,17,
1,16,15,17,5,4,6,
4,16,17,
9,16,17,15,
2,16,20,24,
1,17,
1,17,4,
1,17,5,
1,17,7,
1,17,15,
6,17,15,16,
4,17,16,
1,17,16,4,
10,17,16,15,
2,17,20,16,
1,17,24,29,
2,17,30,
1,18,
1,18,1,4,
1,18,1,12,
1,18,1,19,
1,18,2,16,
5,18,4,
1,18,4,1,
1,18,4,6,
1,18,4,19,5,20,6,
1,18,4,20,29,5,
1,18,4,25,
1,18,5,
1,18,5,3,15,13,11,8,21,25,29,30,
1,18,5,7,15,27,
2,18,7,12,
1,18,7,24,
2,18,10,4,
1,18,10,19,20,
1,18,12,
2,18,12,4,
1,18,12,4,19,20,13,14,5,6,
2,18,12,20,
1,18,14,
1,18,14,12,10,11,
1,18,15,
1,18,15,16,
1,18,15,19,
22,18,19,
1,18,19,4,
1678,18,19,20,
49,18,19,20,1,2,3,
5,18,19,20,1,2,3,4,5,6,
1,18,19,20,1,2,3,4,5,6,7,8,9,
1,18,19,20,1,2,3,4,5,6,7,8,9,12,13,14,
1,18,19,20,1,2,3,4,5,6,7,8,9,12,13,14,15,16,17,
3,18,19,20,1,2,3,4,5,6,7,8,9,12,13,14,15,16,17,21,22,23,24,25,26,27,
1,18,19,20,1,2,3,4,5,6,7,8,9,15,16,17,24,25,26,27,12,13,14,21,22,23,
1,18,19,20,1,2,3,4,5,6,7,8,9,24,25,26,27,12,13,14,15,16,17,21,22,23,
3,18,19,20,1,2,3,4,5,6,12,13,14,
1,18,19,20,1,2,3,4,5,6,12,13,14,7,8,9,21,22,23,
1,18,19,20,1,2,3,4,5,6,12,13,14,7,8,9,21,22,23,15,16,17,24,25,26,27,
1,18,19,20,1,2,3,4,5,6,21,22,23,12,13,14,7,8,9,15,16,17,24,25,26,27,
1,18,19,20,1,2,3,4,5,6,21,22,23,15,16,17,24,25,26,27,7,8,9,12,13,14,
6,18,19,20,1,2,3,7,8,9,
1,18,19,20,1,2,3,7,8,9,4,5,6,
1,18,19,20,1,2,3,7,8,9,4,5,6,12,13,14,15,16,17,21,22,23,24,25,26,27,
1,18,19,20,1,2,3,7,8,9,4,5,6,12,13,14,21,22,23,15,16,17,24,25,26,27,
1,18,19,20,1,2,3,7,8,9,4,5,6,12,13,14,21,22,23,24,25,26,27,15,16,17,
1,18,19,20,1,2,3,7,8,9,4,5,6,15,16,17,24,25,26,27,12,13,14,21,22,23,
1,18,19,20,1,2,3,7,8,9,4,5,6,21,22,23,12,13,14,15,16,17,24,25,26,27,
1,18,19,20,1,2,3,7,8,9,4,5,6,21,22,23,15,16,17,12,13,14,24,25,26,27,
1,18,19,20,1,2,3,7,8,9,12,13,14,
1,18,19,20,1,2,3,7,8,9,12,13,14,15,16,17,24,25,26,27,4,5,6,21,22,23,
1,18,19,20,1,2,3,7,8,9,12,13,14,24,25,26,27,15,16,17,21,22,23,4,5,6,
1,18,19,20,1,2,3,7,8,9,15,16,17,24,25,26,27,12,13,14,4,5,6,21,22,23,
3,18,19,20,1,2,3,12,13,14,
1,18,19,20,1,2,3,12,13,14,7,8,9,4,5,6,15,16,17,21,22,23,
2,18,19,20,1,2,3,12,13,14,7,8,9,4,5,6,21,22,23,
1,18,19,20,1,2,3,12,13,14,7,8,9,4,5,6,21,22,23,15,16,17,24,25,26,27,
1,18,19,20,1,2,3,12,13,14,7,8,9,4,5,6,21,22,23,24,25,26,27,15,16,17,
1,18,19,20,1,2,3,12,13,14,21,22,23,24,25,26,27,4,5,6,7,8,9,15,16,17,
1,18,19,20,1,2,3,15,16,17,
1,18,19,20,1,2,3,15,16,17,7,8,9,24,25,26,27,
1,18,19,20,1,2,3,15,16,17,7,8,9,24,25,26,27,4,5,6,12,13,14,21,22,23,
1,18,19,20,1,2,3,15,16,17,24,25,26,27,7,8,9,12,13,14,4,5,6,21,22,23,
2,18,19,20,1,2,3,21,22,23,
1,18,19,20,1,2,3,21,22,23,4,5,6,12,13,14,7,8,9,15,16,17,24,25,26,27,
1,18,19,20,1,2,3,21,22,23,4,5,6,24,25,26,27,7,8,9,12,13,14,
1,18,19,20,1,2,3,21,22,23,15,16,17,7,8,9,12,13,14,24,25,26,27,4,5,6,
1,18,19,20,1,2,3,21,22,23,24,25,26,27,12,13,14,15,16,17,7,8,9,4,5,6,
1,18,19,20,1,2,3,24,25,26,27,15,16,17,7,8,9,12,13,14,
354,18,19,20,4,5,6,
27,18,19,20,4,5,6,1,2,3,
4,18,19,20,4,5,6,1,2,3,7,8,9,
2,18,19,20,4,5,6,1,2,3,7,8,9,12,13,14,15,16,17,21,22,23,24,25,26,27,
1,18,19,20,4,5,6,1,2,3,7,8,9,12,13,14,15,16,17,24,25,26,27,21,22,23,
1,18,19,20,4,5,6,1,2,3,7,8,9,12,13,14,21,22,23,
1,18,19,20,4,5,6,1,2,3,7,8,9,12,13,14,21,22,23,15,16,17,24,25,26,27,
1,18,19,20,4,5,6,1,2,3,7,8,9,12,13,14,21,22,23,24,25,26,27,15,16,17,
1,18,19,20,4,5,6,1,2,3,7,8,9,15,16,17,12,13,14,21,22,23,24,25,26,27,
1,18,19,20,4,5,6,1,2,3,7,8,9,15,16,17,12,13,14,24,25,26,27,21,22,23,
1,18,19,20,4,5,6,1,2,3,7,8,9,21,22,23,12,13,14,15,16,17,24,25,26,27,
1,18,19,20,4,5,6,1,2,3,12,13,14,
1,18,19,20,4,5,6,1,2,3,12,13,14,7,8,9,15,16,17,24,25,26,27,21,22,23,
1,18,19,20,4,5,6,1,2,3,12,13,14,15,16,17,7,8,9,21,22,23,24,25,26,27,
1,18,19,20,4,5,6,1,2,3,12,13,14,15,16,17,24,25,26,27,7,8,9,21,22,23,
1,18,19,20,4,5,6,1,2,3,15,16,17,
1,18,19,20,4,5,6,1,2,3,15,16,17,24,25,26,27,21,22,23,7,8,9,12,13,14,
1,18,19,20,4,5,6,1,2,3,21,22,23,
1,18,19,20,4,5,6,1,2,3,21,22,23,15,16,17,7,8,9,12,13,14,24,25,26,27,
9,18,19,20,4,5,6,7,8,9,
1,18,19,20,4,5,6,7,8,9,1,2,3,
1,18,19,20,4,5,6,7,8,9,1,2,3,12,13,14,
4,18,19,20,4,5,6,7,8,9,1,2,3,12,13,14,15,16,17,21,22,23,24,25,26,27,
1,18,19,20,4,5,6,7,8,9,1,2,3,12,13,14,21,22,23,
1,18,19,20,4,5,6,7,8,9,1,2,3,12,13,14,21,22,23,15,16,17,24,25,26,27,
1,18,19,20,4,5,6,7,8,9,1,2,3,15,16,17,12,13,14,21,22,23,24,25,26,27,
1,18,19,20,4,5,6,7,8,9,1,2,3,21,22,23,
1,18,19,20,4,5,6,7,8,9,1,2,3,21,22,23,12,13,14,
1,18,19,20,4,5,6,7,8,9,12,13,14,
1,18,19,20,4,5,6,7,8,9,12,13,14,1,2,3,
1,18,19,20,4,5,6,7,8,9,12,13,14,15,16,17,1,2,3,21,22,23,24,25,26,27,
1,18,19,20,4,5,6,7,8,9,12,13,14,15,16,17,1,2,3,24,25,26,27,21,22,23,
1,18,19,20,4,5,6,7,8,9,12,13,14,15,16,17,21,22,23,24,25,26,27,1,2,3,
1,18,19,20,4,5,6,10,11,
56,18,19,20,4,5,6,12,13,14,
2,18,19,20,4,5,6,12,13,14,1,2,3,
3,18,19,20,4,5,6,12,13,14,1,2,3,7,8,9,15,16,17,21,22,23,24,25,26,27,
4,18,19,20,4,5,6,12,13,14,1,2,3,7,8,9,15,16,17,24,25,26,27,21,22,23,
7,18,19,20,4,5,6,12,13,14,1,2,3,7,8,9,21,22,23,
1,18,19,20,4,5,6,12,13,14,1,2,3,7,8,9,21,22,23,15,16,17,24,25,26,27,
1,18,19,20,4,5,6,12,13,14,1,2,3,7,8,9,24,25,26,27,15,16,17,21,22,23,
1,18,19,20,4,5,6,12,13,14,1,2,3,15,16,17,24,25,26,27,7,8,9,21,22,23,
1,18,19,20,4,5,6,12,13,14,7,8,9,
1,18,19,20,4,5,6,12,13,14,7,8,9,1,2,3,15,16,17,
2,18,19,20,4,5,6,12,13,14,7,8,9,1,2,3,15,16,17,21,22,23,24,25,26,27,
2,18,19,20,4,5,6,12,13,14,7,8,9,1,2,3,15,16,17,24,25,26,27,21,22,23,
2,18,19,20,4,5,6,12,13,14,7,8,9,1,2,3,21,22,23,
3,18,19,20,4,5,6,12,13,14,7,8,9,1,2,3,21,22,23,15,16,17,24,25,26,27,
1,18,19,20,4,5,6,12,13,14,7,8,9,1,2,3,21,22,23,24,25,26,27,15,16,17,
1,18,19,20,4,5,6,12,13,14,7,8,9,24,25,26,27,15,16,17,1,2,3,21,22,23,
1,18,19,20,4,5,6,12,13,14,15,16,17,
2,18,19,20,4,5,6,12,13,14,15,16,17,1,2,3,7,8,9,24,25,26,27,21,22,23,
1,18,19,20,4,5,6,12,13,14,15,16,17,24,25,26,27,1,2,3,7,8,9,21,22,23,
1,18,19,20,4,5,6,12,13,14,15,16,17,24,25,26,27,21,22,23,1,2,3,7,8,9,
2,18,19,20,4,5,6,12,13,14,21,22,23,
1,18,19,20,4,5,6,12,13,14,21,22,23,1,2,3,7,8,9,
1,18,19,20,4,5,6,12,13,14,21,22,23,7,8,9,1,2,3,
1,18,19,20,4,5,6,12,13,14,21,22,23,15,16,17,7,8,9,24,25,26,27,1,2,3,
1,18,19,20,4,5,6,12,13,14,21,22,23,15,16,17,24,25,26,27,7,8,9,1,2,3,
1,18,19,20,4,5,6,12,13,14,21,22,23,24,25,26,27,15,16,17,1,2,3,7,8,9,
1,18,19,20,4,5,6,12,13,14,24,25,26,27,1,2,3,7,8,9,15,16,17,21,22,23,
1,18,19,20,4,5,6,12,13,14,24,25,26,27,7,8,9,15,16,17,21,22,23,1,2,3,
2,18,19,20,4,5,6,15,16,17,
2,18,19,20,4,5,6,15,16,17,7,8,9,1,2,3,24,25,26,27,12,13,14,21,22,23,
1,18,19,20,4,5,6,15,16,17,24,25,26,27,1,2,3,7,8,9,12,13,14,21,22,23,
1,18,19,20,4,5,6,15,16,17,24,25,26,27,12,13,14,7,8,9,1,2,3,21,22,23,
1,18,19,20,4,5,6,15,16,17,24,25,26,27,12,13,14,21,22,23,1,2,3,
8,18,19,20,4,5,6,21,22,23,
2,18,19,20,4,5,6,21,22,23,1,2,3,
2,18,19,20,4,5,6,21,22,23,1,2,3,7,8,9,
1,18,19,20,4,5,6,21,22,23,1,2,3,7,8,9,12,13,14,
1,18,19,20,4,5,6,21,22,23,1,2,3,7,8,9,12,13,14,15,16,17,24,25,26,27,
1,18,19,20,4,5,6,21,22,23,1,2,3,7,8,9,15,16,17,24,25,26,27,
1,18,19,20,4,5,6,21,22,23,1,2,3,7,8,9,24,25,26,27,12,13,14,15,16,17,
1,18,19,20,4,5,6,21,22,23,1,2,3,7,8,9,24,25,26,27,15,16,17,12,13,14,
1,18,19,20,4,5,6,21,22,23,1,2,3,12,13,14,7,8,9,24,25,26,27,15,16,17,
1,18,19,20,4,5,6,21,22,23,1,2,3,12,13,14,15,16,17,24,25,26,27,
1,18,19,20,4,5,6,21,22,23,7,8,9,1,2,3,12,13,14,15,16,17,24,25,26,27,
1,18,19,20,4,5,6,21,22,23,7,8,9,1,2,3,15,16,17,24,25,26,27,12,13,14,
1,18,19,20,4,5,6,21,22,23,12,13,14,
1,18,19,20,4,5,6,21,22,23,12,13,14,1,2,3,
1,18,19,20,4,5,6,21,22,23,15,16,17,1,2,3,7,8,9,
1,18,19,20,4,5,6,21,22,23,15,16,17,7,8,9,1,2,3,12,13,14,24,25,26,27,
1,18,19,20,4,5,6,21,22,23,24,25,26,27,1,2,3,15,16,17,7,8,9,12,13,14,
1,18,19,20,4,5,6,24,25,26,27,12,13,14,
1,18,19,20,4,5,6,24,25,26,27,12,13,14,15,16,17,7,8,9,1,2,3,
1,18,19,20,4,5,6,24,25,26,27,15,16,17,
1,18,19,20,4,5,6,24,25,26,27,15,16,17,1,2,3,7,8,9,21,22,23,12,13,14,
1,18,19,20,4,5,6,24,25,26,27,15,16,17,12,13,14,1,2,3,7,8,9,21,22,23,
1,18,19,20,4,5,6,24,25,26,27,15,16,17,12,13,14,21,22,23,7,8,9,1,2,3,
1,18,19,20,5,
1,18,19,20,5,6,4,12,13,14,7,8,9,26,24,25,27,16,15,17,10,11,30,1,2,3,21,22,23,29,28,
31,18,19,20,7,8,9,
6,18,19,20,7,8,9,1,2,3,
1,18,19,20,7,8,9,1,2,3,4,5,6,12,13,14,
1,18,19,20,7,8,9,1,2,3,4,5,6,12,13,14,15,16,17,24,25,26,27,21,22,23,
1,18,19,20,7,8,9,1,2,3,4,5,6,12,13,14,21,22,23,
1,18,19,20,7,8,9,1,2,3,4,5,6,12,13,14,21,22,23,24,25,26,27,
2,18,19,20,7,8,9,1,2,3,4,5,6,21,22,23,
1,18,19,20,7,8,9,1,2,3,12,13,14,4,5,6,15,16,17,24,25,26,27,21,22,23,
1,18,19,20,7,8,9,1,2,3,15,16,17,12,13,14,24,25,26,27,21,22,23,4,5,6,
8,18,19,20,7,8,9,4,5,6,
1,18,19,20,7,8,9,4,5,6,1,2,3,
3,18,19,20,7,8,9,4,5,6,1,2,3,12,13,14,15,16,17,21,22,23,24,25,26,27,
1,18,19,20,7,8,9,4,5,6,1,2,3,12,13,14,15,16,17,24,25,26,27,21,22,23,
3,18,19,20,7,8,9,4,5,6,1,2,3,12,13,14,21,22,23,
1,18,19,20,7,8,9,4,5,6,1,2,3,12,13,14,21,22,23,24,25,26,27,15,16,17,
1,18,19,20,7,8,9,4,5,6,1,2,3,24,25,26,27,12,13,14,15,16,17,21,22,23,
1,18,19,20,7,8,9,4,5,6,12,13,14,1,2,3,15,16,17,21,22,23,24,25,26,27,
1,18,19,20,7,8,9,4,5,6,15,16,17,24,25,26,27,12,13,14,1,2,3,21,22,23,
3,18,19,20,7,8,9,12,13,14,
1,18,19,20,7,8,9,12,13,14,1,2,3,
1,18,19,20,7,8,9,12,13,14,1,2,3,4,5,6,
1,18,19,20,7,8,9,12,13,14,1,2,3,4,5,6,21,22,23,
1,18,19,20,7,8,9,12,13,14,1,2,3,4,5,6,21,22,23,24,25,26,27,15,16,17,
2,18,19,20,7,8,9,12,13,14,4,5,6,
1,18,19,20,7,8,9,12,13,14,4,5,6,15,16,17,24,25,26,27,1,2,3,21,22,23,
1,18,19,20,7,8,9,12,13,14,4,5,6,21,22,23,1,2,3,24,25,26,27,
3,18,19,20,7,8,9,15,16,17,
1,18,19,20,7,8,9,15,16,17,4,5,6,24,25,26,27,12,13,14,21,22,23,1,2,3,
2,18,19,20,7,8,9,21,22,23,
1,18,19,20,7,8,9,24,25,26,27,
1,18,19,20,7,8,9,24,25,26,27,4,5,6,
1,18,19,20,10,11,4,5,6,24,25,26,27,
141,18,19,20,12,13,14,
7,18,19,20,12,13,14,1,2,3,
3,18,19,20,12,13,14,1,2,3,4,5,6,
1,18,19,20,12,13,14,1,2,3,4,5,6,7,8,9,
1,18,19,20,12,13,14,1,2,3,4,5,6,7,8,9,15,16,17,
1,18,19,20,12,13,14,1,2,3,4,5,6,7,8,9,15,16,17,24,25,26,27,
1,18,19,20,12,13,14,1,2,3,4,5,6,15,16,17,24,25,26,27,7,8,9,21,22,23,
1,18,19,20,12,13,14,1,2,3,4,5,6,21,22,23,
1,18,19,20,12,13,14,1,2,3,7,8,9,
1,18,19,20,12,13,14,1,2,3,7,8,9,4,5,6,
2,18,19,20,12,13,14,1,2,3,7,8,9,4,5,6,21,22,23,
1,18,19,20,12,13,14,1,2,3,7,8,9,15,16,17,21,22,23,24,25,26,27,4,5,6,
2,18,19,20,12,13,14,1,2,3,7,8,9,15,16,17,24,25,26,27,21,22,23,4,5,6,
1,18,19,20,12,13,14,1,2,3,7,8,9,24,25,26,27,4,5,6,21,22,23,15,16,17,
1,18,19,20,12,13,14,1,2,3,7,8,9,24,25,26,27,15,16,17,4,5,6,
1,18,19,20,12,13,14,1,2,3,24,25,26,27,7,8,9,4,5,6,15,16,17,21,22,23,
1,18,19,20,12,13,14,1,2,3,24,25,26,27,15,16,17,7,8,9,21,22,23,4,5,6,
193,18,19,20,12,13,14,4,5,6,
4,18,19,20,12,13,14,4,5,6,1,2,3,
3,18,19,20,12,13,14,4,5,6,1,2,3,7,8,9,
2,18,19,20,12,13,14,4,5,6,1,2,3,7,8,9,15,16,17,21,22,23,24,25,26,27,
4,18,19,20,12,13,14,4,5,6,1,2,3,7,8,9,15,16,17,24,25,26,27,21,22,23,
3,18,19,20,12,13,14,4,5,6,1,2,3,7,8,9,21,22,23,
1,18,19,20,12,13,14,4,5,6,1,2,3,7,8,9,21,22,23,15,16,17,
3,18,19,20,12,13,14,4,5,6,1,2,3,7,8,9,21,22,23,15,16,17,24,25,26,27,
1,18,19,20,12,13,14,4,5,6,1,2,3,7,8,9,21,22,23,24,25,26,27,15,16,17,
1,18,19,20,12,13,14,4,5,6,1,2,3,7,8,9,24,25,26,27,15,16,17,21,22,23,
1,18,19,20,12,13,14,4,5,6,1,2,3,21,22,23,7,8,9,15,16,17,24,25,26,27,
1,18,19,20,12,13,14,4,5,6,1,2,3,24,25,26,27,15,16,17,7,8,9,
2,18,19,20,12,13,14,4,5,6,7,8,9,1,2,3,
6,18,19,20,12,13,14,4,5,6,7,8,9,1,2,3,15,16,17,21,22,23,24,25,26,27,
2,18,19,20,12,13,14,4,5,6,7,8,9,1,2,3,21,22,23,
1,18,19,20,12,13,14,4,5,6,7,8,9,1,2,3,24,25,26,27,15,16,17,
1,18,19,20,12,13,14,4,5,6,7,8,9,15,16,17,1,2,3,
1,18,19,20,12,13,14,4,5,6,7,8,9,15,16,17,24,25,26,27,1,2,3,
1,18,19,20,12,13,14,4,5,6,7,8,9,21,22,23,
3,18,19,20,12,13,14,4,5,6,7,8,9,24,25,26,27,15,16,17,1,2,3,21,22,23,
1,18,19,20,12,13,14,4,5,6,15,16,17,
1,18,19,20,12,13,14,4,5,6,15,16,17,1,2,3,7,8,9,21,22,23,
1,18,19,20,12,13,14,4,5,6,15,16,17,7,8,9,1,2,3,21,22,23,24,25,26,27,
1,18,19,20,12,13,14,4,5,6,15,16,17,7,8,9,24,25,26,27,21,22,23,1,2,3,
1,18,19,20,12,13,14,4,5,6,15,16,17,24,25,26,27,1,2,3,7,8,9,21,22,23,
1,18,19,20,12,13,14,4,5,6,21,22,23,1,2,3,7,8,9,15,16,17,
1,18,19,20,12,13,14,4,5,6,21,22,23,7,8,9,1,2,3,24,25,26,27,15,16,17,
1,18,19,20,12,13,14,4,5,6,24,25,26,27,
1,18,19,20,12,13,14,4,5,6,24,25,26,27,1,2,3,7,8,9,15,16,17,21,22,23,
1,18,19,20,12,13,14,4,5,6,24,25,26,27,1,2,3,15,16,17,7,8,9,21,22,23,
1,18,19,20,12,13,14,4,5,6,24,25,26,27,15,16,17,
1,18,19,20,12,13,14,4,5,6,24,25,26,27,15,16,17,7,8,9,
1,18,19,20,12,13,14,4,5,6,24,25,26,27,15,16,17,7,8,9,1,2,3,21,22,23,
1,18,19,20,12,13,14,4,5,6,28,29,10,11,1,2,3,
14,18,19,20,12,13,14,7,8,9,
1,18,19,20,12,13,14,7,8,9,1,2,3,4,5,6,
1,18,19,20,12,13,14,7,8,9,1,2,3,4,5,6,15,16,17,21,22,23,24,25,26,27,
1,18,19,20,12,13,14,7,8,9,1,2,3,4,5,6,15,16,17,24,25,26,27,
1,18,19,20,12,13,14,7,8,9,1,2,3,4,5,6,15,16,17,24,25,26,27,21,22,23,
1,18,19,20,12,13,14,7,8,9,1,2,3,4,5,6,21,22,23,
1,18,19,20,12,13,14,7,8,9,1,2,3,4,5,6,21,22,23,24,25,26,27,15,16,17,
1,18,19,20,12,13,14,7,8,9,1,2,3,15,16,17,4,5,6,21,22,23,24,25,26,27,
1,18,19,20,12,13,14,7,8,9,1,2,3,15,16,17,24,25,26,27,4,5,6,21,22,23,
3,18,19,20,12,13,14,7,8,9,4,5,6,
2,18,19,20,12,13,14,7,8,9,4,5,6,1,2,3,
1,18,19,20,12,13,14,7,8,9,4,5,6,1,2,3,15,16,17,21,22,23,24,25,26,27,
1,18,19,20,12,13,14,7,8,9,4,5,6,1,2,3,15,16,17,24,25,26,27,21,22,23,
1,18,19,20,12,13,14,7,8,9,4,5,6,1,2,3,21,22,23,
1,18,19,20,12,13,14,7,8,9,4,5,6,1,2,3,21,22,23,24,25,26,27,15,16,17,
2,18,19,20,12,13,14,7,8,9,4,5,6,1,2,3,24,25,26,27,15,16,17,21,22,23,
1,18,19,20,12,13,14,7,8,9,4,5,6,15,16,17,24,25,26,27,21,22,23,1,2,3,
1,18,19,20,12,13,14,7,8,9,4,5,6,21,22,23,1,2,3,
1,18,19,20,12,13,14,7,8,9,4,5,6,21,22,23,24,25,26,27,1,2,3,
1,18,19,20,12,13,14,7,8,9,15,16,17,
1,18,19,20,12,13,14,7,8,9,15,16,17,24,25,26,27,1,2,3,21,22,23,4,5,6,
1,18,19,20,12,13,14,7,8,9,21,22,23,24,25,26,27,4,5,6,1,2,3,
2,18,19,20,12,13,14,15,16,17,
1,18,19,20,12,13,14,15,16,17,1,2,3,4,5,6,
1,18,19,20,12,13,14,15,16,17,4,5,6,
1,18,19,20,12,13,14,15,16,17,24,25,26,27,7,8,9,1,2,3,21,22,23,4,5,6,
1,18,19,20,12,13,14,15,16,17,24,25,26,27,7,8,9,21,22,23,1,2,3,4,5,6,
2,18,19,20,12,13,14,21,22,23,
1,18,19,20,12,13,14,21,22,23,1,2,3,7,8,9,15,16,17,4,5,6,24,25,26,27,
1,18,19,20,12,13,14,21,22,23,1,2,3,15,16,17,24,25,26,27,7,8,9,4,5,6,
1,18,19,20,12,13,14,21,22,23,4,5,6,1,2,3,7,8,9,15,16,17,24,25,26,27,
1,18,19,20,12,13,14,24,25,26,27,
1,18,19,20,12,13,14,24,25,26,27,1,2,3,7,8,9,15,16,17,21,22,23,4,5,6,
1,18,19,20,12,13,14,24,25,26,27,7,8,9,4,5,6,1,2,3,15,16,17,21,22,23,
1,18,19,20,12,13,14,24,25,26,27,15,16,17,4,5,6,7,8,9,1,2,3,21,22,23,
1,18,19,20,12,13,14,24,25,26,27,15,16,17,21,22,23,
21,18,19,20,15,16,17,
1,18,19,20,15,16,17,1,2,3,
8,18,19,20,15,16,17,4,5,6,
1,18,19,20,15,16,17,4,5,6,1,2,3,7,8,9,12,13,14,21,22,23,24,25,26,27,
1,18,19,20,15,16,17,7,8,9,24,25,26,27,12,13,14,1,2,3,4,5,6,21,22,23,
1,18,19,20,15,16,17,7,8,9,24,25,26,27,12,13,14,21,22,23,1,2,3,4,5,6,
3,18,19,20,15,16,17,12,13,14,
1,18,19,20,15,16,17,12,13,14,7,8,9,
1,18,19,20,15,16,17,12,13,14,7,8,9,1,2,3,21,22,23,24,25,26,27,4,5,6,
2,18,19,20,15,16,17,12,13,14,7,8,9,4,5,6,1,2,3,21,22,23,24,25,26,27,
1,18,19,20,15,16,17,12,13,14,7,8,9,24,25,26,27,21,22,23,4,5,6,1,2,3,
1,18,19,20,15,16,17,12,13,14,21,22,23,24,25,26,27,7,8,9,4,5,6,1,2,3,
1,18,19,20,15,16,17,21,22,23,
1,18,19,20,15,16,17,21,22,23,7,8,9,1,2,3,24,25,26,27,12,13,14,4,5,6,
5,18,19,20,15,16,17,24,25,26,27,
2,18,19,20,15,16,17,24,25,26,27,1,2,3,7,8,9,12,13,14,4,5,6,21,22,23,
1,18,19,20,15,16,17,24,25,26,27,4,5,6,
1,18,19,20,15,16,17,24,25,26,27,7,8,9,4,5,6,1,2,3,12,13,14,21,22,23,
34,18,19,20,21,22,23,
3,18,19,20,21,22,23,1,2,3,
1,18,19,20,21,22,23,1,2,3,15,16,17,4,5,6,7,8,9,24,25,26,27,12,13,14,
7,18,19,20,21,22,23,4,5,6,
1,18,19,20,21,22,23,4,5,6,1,2,3,
1,18,19,20,21,22,23,4,5,6,1,2,3,12,13,14,7,8,9,
1,18,19,20,21,22,23,4,5,6,1,2,3,24,25,26,27,15,16,17,12,13,14,7,8,9,
1,18,19,20,21,22,23,4,5,6,7,8,9,1,2,3,24,25,26,27,15,16,17,12,13,14,
1,18,19,20,21,22,23,4,5,6,12,13,14,1,2,3,7,8,9,24,25,26,27,
1,18,19,20,21,22,23,4,5,6,15,16,17,12,13,14,1,2,3,24,25,26,27,7,8,9,
2,18,19,20,21,22,23,7,8,9,12,13,14,1,2,3,15,16,17,24,25,26,27,
1,18,19,20,21,22,23,7,8,9,12,13,14,15,16,17,24,25,26,27,1,2,3,4,5,6,
3,18,19,20,21,22,23,12,13,14,
1,18,19,20,21,22,23,12,13,14,4,5,6,
1,18,19,20,21,22,23,12,13,14,7,8,9,1,2,3,4,5,6,
1,18,19,20,21,22,23,12,13,14,7,8,9,4,5,6,1,2,3,24,25,26,27,
1,18,19,20,21,22,23,15,16,17,24,25,26,27,12,13,14,7,8,9,4,5,6,1,2,3,
1,18,19,20,21,22,23,24,25,26,27,12,13,14,15,16,17,4,5,6,7,8,9,1,2,3,
2,18,19,20,21,22,23,24,25,26,27,15,16,17,12,13,14,7,8,9,4,5,6,1,2,3,
13,18,19,20,24,25,26,27,
1,18,19,20,24,25,26,27,1,2,3,
1,18,19,20,24,25,26,27,4,5,6,
2,18,19,20,24,25,26,27,7,8,9,
2,18,19,20,24,25,26,27,12,13,14,
3,18,19,20,24,25,26,27,12,13,14,7,8,9,15,16,17,1,2,3,4,5,6,21,22,23,
1,18,19,20,24,25,26,27,12,13,14,15,16,17,7,8,9,4,5,6,1,2,3,21,22,23,
1,18,19,20,24,25,26,27,12,13,14,21,22,23,15,16,17,1,2,3,7,8,9,4,5,6,
1,18,19,20,24,25,26,27,21,22,23,7,8,9,4,5,6,1,2,3,15,16,17,12,13,14,
1,18,19,21,
1,18,19,25,
9,18,20,
1,18,20,1,3,
1,18,20,5,
1,18,20,5,29,3,8,11,22,1,13,
1,18,20,7,
1,18,20,12,13,14,5,6,4,19,3,9,27,30,25,15,11,8,17,2,7,1,16,26,24,28,29,23,22,21,10,
1,18,20,14,
14,18,20,19,
1,18,20,19,5,4,6,
1,18,20,21,
1,18,20,28,
1,18,21,
1,18,22,13,
1,18,22,26,
1,18,23,
1,18,25,20,
1,18,26,14,
1,18,29,14,
1,19,11,
5,19,18,
1,19,18,13,14,
7,19,18,20,
2,19,20,
3,19,20,18,
1,19,21,1,
1,19,23,
1,20,1,3,
2,20,3,
1,20,4,15,5,6,1,18,19,
1,20,5,
1,20,5,7,
1,20,5,16,
1,20,6,
1,20,6,5,
1,20,7,
1,20,9,6,
2,20,11,
1,20,11,10,
1,20,11,14,
1,20,11,25,
1,20,12,
1,20,12,7,
1,20,13,
1,20,13,1,
1,20,13,14,
1,20,14,
1,20,14,11,1,3,21,22,23,
11,20,18,
1,20,18,4,
19,20,18,19,
1,20,18,19,13,5,
1,20,18,19,13,14,12,5,4,6,11,25,
1,20,18,21,
5,20,19,
1,20,19,13,14,
16,20,19,18,
1,20,19,18,13,14,
1,20,22,1,
1,20,23,21,
1,20,25,
1,20,30,18,19,1,10,12,15,21,24,28,4,5,6,7,2,3,8,9,11,13,14,16,17,22,23,25,26,27,29,
2,21,1,
1,21,1,3,
1,21,1,22,2,23,3,
1,21,1,23,
1,21,4,
1,21,5,3,
2,21,11,
1,21,13,2,8,5,
1,21,15,
1,21,16,9,
1,21,18,
1,21,18,4,
42,21,22,
2334,21,22,23,
121,21,22,23,1,2,3,
7,21,22,23,1,2,3,4,5,6,
1,21,22,23,1,2,3,4,5,6,18,19,20,7,8,9,12,13,14,15,16,17,24,25,26,27,
8,21,22,23,1,2,3,7,8,9,
1,21,22,23,1,2,3,7,8,9,4,5,6,15,16,17,24,25,26,27,12,13,14,18,19,20,
1,21,22,23,1,2,3,7,8,9,4,5,6,18,19,20,15,16,17,24,25,26,27,12,13,14,
1,21,22,23,1,2,3,7,8,9,4,5,6,24,25,26,27,15,16,17,18,19,20,12,13,14,
1,21,22,23,1,2,3,7,8,9,10,11,15,16,17,24,25,26,27,30,12,13,14,28,29,4,5,6,18,19,20,
2,21,22,23,1,2,3,7,8,9,12,13,14,4,5,6,18,19,20,
2,21,22,23,1,2,3,7,8,9,12,13,14,15,16,17,24,25,26,27,4,5,6,18,19,20,
1,21,22,23,1,2,3,7,8,9,12,13,14,18,19,20,4,5,6,15,16,17,24,25,26,27,
1,21,22,23,1,2,3,7,8,9,12,13,14,18,19,20,24,25,26,27,4,5,6,
1,21,22,23,1,2,3,7,8,9,15,16,17,
1,21,22,23,1,2,3,7,8,9,24,25,26,27,15,16,17,12,13,14,18,19,20,4,5,6,
1,21,22,23,1,2,3,7,8,9,24,25,26,27,18,19,20,15,16,17,12,13,14,4,5,6,
1,21,22,23,1,2,3,10,11,15,16,17,7,8,9,24,25,26,27,30,28,29,4,5,6,12,13,14,18,19,20,
4,21,22,23,1,2,3,12,13,14,
1,21,22,23,1,2,3,12,13,14,18,19,20,4,5,6,7,8,9,24,25,26,27,15,16,17,
1,21,22,23,1,2,3,12,13,14,24,25,26,27,18,19,20,4,5,6,15,16,17,7,8,9,
1,21,22,23,1,2,3,12,13,14,24,25,26,27,18,19,20,7,8,9,4,5,6,15,16,17,
3,21,22,23,1,2,3,18,19,20,
1,21,22,23,1,2,3,18,19,20,12,13,14,4,5,6,7,8,9,24,25,26,27,15,16,17,
1,21,22,23,1,2,3,18,19,20,28,29,24,25,26,27,12,13,14,10,11,7,8,9,4,5,6,15,16,17,30,
2,21,22,23,1,2,3,24,25,26,27,
1,21,22,23,1,2,3,24,25,26,27,15,16,17,7,8,9,12,13,14,4,5,6,18,19,20,
1,21,22,23,1,2,3,24,25,26,27,15,16,17,12,13,14,7,8,9,4,5,6,18,19,20,
122,21,22,23,4,5,6,
8,21,22,23,4,5,6,1,2,3,
2,21,22,23,4,5,6,1,2,3,7,8,9,
5,21,22,23,4,5,6,1,2,3,7,8,9,12,13,14,15,16,17,18,19,20,24,25,26,27,
2,21,22,23,4,5,6,1,2,3,7,8,9,12,13,14,18,19,20,
1,21,22,23,4,5,6,1,2,3,7,8,9,12,13,14,18,19,20,15,16,17,24,25,26,27,
1,21,22,23,4,5,6,1,2,3,7,8,9,12,13,14,24,25,26,27,15,16,17,18,19,20,
1,21,22,23,4,5,6,1,2,3,7,8,9,15,16,17,18,19,20,12,13,14,
1,21,22,23,4,5,6,1,2,3,7,8,9,15,16,17,18,19,20,24,25,26,27,
1,21,22,23,4,5,6,1,2,3,7,8,9,18,19,20,12,13,14,
1,21,22,23,4,5,6,1,2,3,7,8,9,18,19,20,24,25,26,27,12,13,14,15,16,17,
1,21,22,23,4,5,6,1,2,3,12,13,14,
1,21,22,23,4,5,6,1,2,3,12,13,14,15,16,17,7,8,9,18,19,20,24,25,26,27,
1,21,22,23,4,5,6,1,2,3,12,13,14,15,16,17,7,8,9,24,25,26,27,
3,21,22,23,4,5,6,1,2,3,18,19,20,
1,21,22,23,4,5,6,1,2,3,18,19,20,7,8,9,12,13,14,24,25,26,27,15,16,17,
1,21,22,23,4,5,6,1,2,3,18,19,20,12,13,14,7,8,9,15,16,17,24,25,26,27,
1,21,22,23,4,5,6,1,2,3,18,19,20,12,13,14,24,25,26,27,7,8,9,15,16,17,
1,21,22,23,4,5,6,1,2,3,24,25,26,27,15,16,17,7,8,9,12,13,14,18,19,20,
1,21,22,23,4,5,6,7,8,9,
1,21,22,23,4,5,6,7,8,9,12,13,14,15,16,17,18,19,20,24,25,26,27,1,2,3,
4,21,22,23,4,5,6,12,13,14,
2,21,22,23,4,5,6,12,13,14,18,19,20,
1,21,22,23,4,5,6,15,16,17,
1,21,22,23,4,5,6,15,16,17,18,19,20,
16,21,22,23,4,5,6,18,19,20,
1,21,22,23,4,5,6,18,19,20,1,2,3,7,8,9,12,13,14,
1,21,22,23,4,5,6,18,19,20,1,2,3,12,13,14,7,8,9,15,16,17,24,25,26,27,
1,21,22,23,4,5,6,18,19,20,7,8,9,1,2,3,
1,21,22,23,4,5,6,18,19,20,7,8,9,1,2,3,12,13,14,15,16,17,
1,21,22,23,4,5,6,18,19,20,12,13,14,
1,21,22,23,4,5,6,18,19,20,12,13,14,1,2,3,7,8,9,15,16,17,24,25,26,27,
1,21,22,23,4,5,6,24,25,26,27,1,2,3,7,8,9,18,19,20,
19,21,22,23,7,8,9,
1,21,22,23,7,8,9,1,2,3,4,5,6,12,13,14,15,16,17,24,25,26,27,18,19,20,
1,21,22,23,7,8,9,1,2,3,12,13,14,4,5,6,
1,21,22,23,7,8,9,1,2,3,12,13,14,4,5,6,18,19,20,24,25,26,27,15,16,17,
1,21,22,23,7,8,9,1,2,3,18,19,20,4,5,6,
1,21,22,23,7,8,9,1,2,3,24,25,26,27,15,16,17,12,13,14,4,5,6,18,19,20,
4,21,22,23,7,8,9,4,5,6,
1,21,22,23,7,8,9,12,13,14,
1,21,22,23,7,8,9,12,13,14,15,16,17,18,19,20,24,25,26,27,1,2,3,4,5,6,
1,21,22,23,7,8,9,18,19,20,1,2,3,4,5,6,12,13,14,24,25,26,27,15,16,17,
1,21,22,23,11,
47,21,22,23,12,13,14,
4,21,22,23,12,13,14,1,2,3,
1,21,22,23,12,13,14,1,2,3,4,5,6,7,8,9,18,19,20,15,16,17,24,25,26,27,
1,21,22,23,12,13,14,1,2,3,4,5,6,7,8,9,24,25,26,27,15,16,17,18,19,20,
2,21,22,23,12,13,14,1,2,3,7,8,9,4,5,6,15,16,17,18,19,20,24,25,26,27,
1,21,22,23,12,13,14,1,2,3,7,8,9,4,5,6,18,19,20,
1,21,22,23,12,13,14,1,2,3,7,8,9,4,5,6,18,19,20,15,16,17,24,25,26,27,
1,21,22,23,12,13,14,1,2,3,7,8,9,24,25,26,27,15,16,17,18,19,20,4,5,6,
4,21,22,23,12,13,14,4,5,6,
1,21,22,23,12,13,14,4,5,6,1,2,3,7,8,9,15,16,17,18,19,20,24,25,26,27,
1,21,22,23,12,13,14,4,5,6,18,19,20,1,2,3,7,8,9,
1,21,22,23,12,13,14,4,5,6,18,19,20,1,2,3,7,8,9,15,16,17,24,25,26,27,
3,21,22,23,12,13,14,7,8,9,
1,21,22,23,12,13,14,7,8,9,1,2,3,
3,21,22,23,12,13,14,7,8,9,1,2,3,4,5,6,
1,21,22,23,12,13,14,7,8,9,1,2,3,4,5,6,15,16,17,18,19,20,24,25,26,27,
1,21,22,23,12,13,14,7,8,9,1,2,3,4,5,6,18,19,20,
1,21,22,23,12,13,14,7,8,9,1,2,3,15,16,17,
1,21,22,23,12,13,14,7,8,9,4,5,6,
1,21,22,23,12,13,14,15,16,17,7,8,9,4,5,6,1,2,3,24,25,26,27,
1,21,22,23,12,13,14,15,16,17,18,19,20,24,25,26,27,7,8,9,4,5,6,1,2,3,
3,21,22,23,12,13,14,18,19,20,
1,21,22,23,12,13,14,18,19,20,4,5,6,
1,21,22,23,12,13,14,24,25,26,27,15,16,17,4,5,6,1,2,3,7,8,9,18,19,20,
1,21,22,23,12,13,14,24,25,26,27,15,16,17,7,8,9,1,2,3,18,19,20,4,5,6,
4,21,22,23,15,16,17,
1,21,22,23,15,16,17,4,5,6,18,19,20,24,25,26,27,7,8,9,1,2,3,
1,21,22,23,15,16,17,18,19,20,
1,21,22,23,15,16,17,18,19,20,12,13,14,7,8,9,24,25,26,27,4,5,6,1,2,3,
41,21,22,23,18,19,20,
4,21,22,23,18,19,20,1,2,3,
1,21,22,23,18,19,20,1,2,3,4,5,6,7,8,9,12,13,14,15,16,17,24,25,26,27,
1,21,22,23,18,19,20,1,2,3,7,8,9,4,5,6,12,13,14,
8,21,22,23,18,19,20,4,5,6,
1,21,22,23,18,19,20,4,5,6,1,2,3,7,8,9,
1,21,22,23,18,19,20,4,5,6,1,2,3,7,8,9,12,13,14,15,16,17,24,25,26,27,
1,21,22,23,18,19,20,4,5,6,7,8,9,1,2,3,12,13,14,24,25,26,27,15,16,17,
1,21,22,23,18,19,20,4,5,6,24,25,26,27,
4,21,22,23,18,19,20,7,8,9,
1,21,22,23,18,19,20,7,8,9,1,2,3,4,5,6,12,13,14,15,16,17,24,25,26,27,
1,21,22,23,18,19,20,7,8,9,4,5,6,1,2,3,12,13,14,24,25,26,27,15,16,17,
6,21,22,23,18,19,20,12,13,14,
1,21,22,23,18,19,20,12,13,14,1,2,3,
1,21,22,23,18,19,20,12,13,14,1,2,3,4,5,6,7,8,9,15,16,17,24,25,26,27,
2,21,22,23,18,19,20,12,13,14,1,2,3,7,8,9,4,5,6,
2,21,22,23,18,19,20,12,13,14,4,5,6,1,2,3,7,8,9,15,16,17,24,25,26,27,
1,21,22,23,18,19,20,12,13,14,7,8,9,1,2,3,4,5,6,
1,21,22,23,18,19,20,12,13,14,7,8,9,4,5,6,1,2,3,24,25,26,27,
1,21,22,23,18,19,20,12,13,14,7,8,9,24,25,26,27,15,16,17,1,2,3,
1,21,22,23,18,19,20,12,13,14,24,25,26,27,15,16,17,
1,21,22,23,18,19,20,12,13,14,24,25,26,27,15,16,17,7,8,9,4,5,6,1,2,3,
1,21,22,23,18,19,20,15,16,17,
1,21,22,23,18,19,20,24,25,26,27,12,13,14,1,2,3,
5,21,22,23,24,25,26,27,
2,21,22,23,24,25,26,27,4,5,6,
1,21,22,23,24,25,26,27,12,13,14,7,8,9,1,2,3,4,5,6,18,19,20,
1,21,22,23,24,25,26,27,15,16,17,
1,21,22,23,24,25,26,27,15,16,17,1,2,3,4,5,6,7,8,9,12,13,14,18,19,20,
1,21,22,23,24,25,26,27,18,19,20,12,13,14,7,8,9,4,5,6,1,2,3,15,16,17,
1,21,22,23,24,25,26,27,18,19,20,15,16,17,4,5,6,1,2,3,7,8,9,12,13,14,
1,21,22,23,24,25,26,27,18,19,20,15,16,17,12,13,14,7,8,9,4,5,6,1,2,3,
1,21,22,23,28,29,
1,21,22,23,28,29,1,2,3,4,5,6,7,8,9,30,24,25,26,27,15,16,17,10,11,12,13,14,18,19,20,
1,21,22,23,28,29,1,2,3,7,8,9,10,
11,21,23,
13,21,23,22,
1,21,28,
1,21,28,22,29,23,
1,21,29,
1,22,1,
1,22,6,
1,22,8,
1,22,11,
1,22,12,
1,22,21,
21,22,21,23,
15,22,23,
14,22,23,21,
1,22,25,27,
2,22,29,
1,23,1,
1,23,1,22,
1,23,1,30,
1,23,4,
1,23,11,20,
1,23,20,18,
3,23,21,
10,23,21,22,
4,23,22,
18,23,22,21,
1,23,22,21,29,28,
1,23,22,25,
1,23,28,11,
1,24,
1,24,1,4,7,10,12,15,18,21,28,
1,24,4,7,
2,24,4,16,
1,24,5,4,
1,24,5,6,
1,24,7,
1,24,7,15,
1,24,10,28,
3,24,15,
1,24,15,3,5,9,11,13,19,22,29,30,
1,24,15,5,
1,24,15,8,
1,24,15,10,
1,24,15,10,7,16,4,17,30,28,27,
2,24,16,
1,24,18,
1,24,21,
8,24,25,
1,24,25,11,
3,24,25,26,
463,24,25,26,27,
4,24,25,26,27,1,2,3,
1,24,25,26,27,1,2,3,15,16,17,
8,24,25,26,27,4,5,6,
1,24,25,26,27,4,5,6,18,19,20,15,16,17,21,22,23,7,8,9,12,13,14,1,2,3,
1,24,25,26,27,7,8,9,15,16,17,
5,24,25,26,27,12,13,14,
1,24,25,26,27,12,13,14,4,5,6,
1,24,25,26,27,12,13,14,7,8,9,1,2,3,18,19,20,21,22,23,15,16,17,4,5,6,
1,24,25,26,27,12,13,14,15,16,17,18,19,20,21,22,23,
1,24,25,26,27,12,13,14,18,19,20,1,2,3,4,5,6,
6,24,25,26,27,15,16,17,
2,24,25,26,27,15,16,17,1,2,3,
1,24,25,26,27,15,16,17,1,2,3,21,22,23,7,8,9,12,13,14,18,19,20,4,5,6,
3,24,25,26,27,15,16,17,4,5,6,
1,24,25,26,27,15,16,17,7,8,9,1,2,3,4,5,6,12,13,14,18,19,20,21,22,23,
1,24,25,26,27,15,16,17,18,19,20,
1,24,25,26,27,15,16,17,18,19,20,7,8,9,1,2,3,
1,24,25,26,27,15,16,17,18,19,20,12,13,14,21,22,23,7,8,9,4,5,6,1,2,3,
5,24,25,26,27,18,19,20,
1,24,25,26,27,18,19,20,1,2,3,4,5,6,
1,24,25,26,27,18,19,20,4,5,6,1,2,3,7,8,9,12,13,14,15,16,17,21,22,23,
1,24,25,26,27,18,19,20,7,8,9,
1,24,25,26,27,18,19,20,21,22,23,
3,24,25,26,27,21,22,23,
1,24,25,26,27,21,22,23,1,2,3,7,8,9,12,13,14,4,5,6,
1,24,25,26,27,21,22,23,4,5,6,
1,24,25,26,27,21,22,23,7,8,9,4,5,6,1,2,3,12,13,14,15,16,17,18,19,20,
1,24,25,26,27,21,22,23,18,19,20,15,16,17,
1,24,25,26,27,21,22,23,18,19,20,15,16,17,12,13,14,
2,24,25,26,27,21,22,23,18,19,20,15,16,17,12,13,14,7,8,9,4,5,6,1,2,3,
1,24,25,26,27,30,15,16,17,10,11,12,13,14,18,19,20,4,5,6,
2,24,26,
1,24,26,25,27,
2,24,27,
1,24,27,15,
1,24,27,26,
1,24,28,
1,24,28,15,
1,24,28,18,
1,24,29,18,
1,25,3,
1,25,4,
1,25,5,28,
2,25,15,
1,25,15,12,4,1,
1,25,18,12,
1,25,21,15,7,
1,25,24,26,27,
1,25,26,21,22,
1,25,26,27,24,
1,25,28,
1,26,6,
1,26,10,
1,26,11,
1,26,24,27,25,
1,26,24,28,
1,26,25,24,27,
1,26,28,
1,27,15,10,
1,27,17,
2,27,24,1,
1,27,24,7,
1,27,24,10,
1,27,24,25,26,
1,27,24,26,25,
1,27,28,5,
1,28,
2,28,1,
2,28,1,9,
1,28,1,29,
2,28,2,
1,28,3,
1,28,3,23,
7,28,4,
1,28,4,6,
1,28,4,7,
1,28,4,7,22,
1,28,4,15,
1,28,4,29,
3,28,5,
1,28,5,4,
1,28,5,6,
1,28,5,10,
2,28,5,15,
1,28,5,29,
1,28,5,29,24,27,15,
1,28,6,
1,28,7,
1,28,7,5,
2,28,7,10,
4,28,10,
2,28,10,5,
1,28,10,7,
2,28,10,8,
1,28,10,11,
1,28,10,15,1,
1,28,10,29,
1,28,11,1,
2,28,12,
1,28,12,5,
1,28,12,11,5,29,
1,28,12,29,
1,28,13,
1,28,13,25,
5,28,15,
1,28,15,5,
1,28,15,5,10,
1,28,15,5,24,26,
1,28,15,6,
1,28,15,7,
2,28,15,10,
1,28,15,10,5,26,
1,28,15,10,7,5,12,24,19,
1,28,15,16,
1,28,15,17,
1,28,15,18,
1,28,15,20,
1,28,15,24,
2,28,16,15,
1,28,17,15,16,29,
2,28,18,
1,28,20,
2,28,20,1,
1,28,21,
1,28,21,22,23,
1,28,22,
1,28,22,11,
1,28,22,23,
1,28,23,
1,28,23,4,18,
1,28,24,
1,28,24,4,
1,28,24,15,
2,28,24,21,18,15,12,10,7,4,1,
1,28,24,22,19,16,10,13,7,1,5,
1,28,24,25,
1,28,24,30,
1,28,25,11,
1,28,26,5,
1,28,26,15,
1,28,26,17,13,8,5,
1,28,27,
2027,28,29,
12,28,29,1,
2,28,29,1,2,3,
1,28,29,1,2,3,10,11,
1,28,29,1,2,3,15,16,17,21,22,23,7,8,9,
1,28,29,1,3,2,11,10,13,14,12,22,23,21,
1,28,29,2,
1,28,29,3,
1,28,29,3,1,2,4,6,5,7,8,9,10,11,21,22,23,
1,28,29,4,
2,28,29,4,5,6,
1,28,29,4,5,6,18,19,20,15,16,17,
3,28,29,5,
1,28,29,5,6,4,
1,28,29,7,
1,28,29,7,8,9,
1,28,29,9,7,8,
3,28,29,10,
4,28,29,10,11,
1,28,29,10,11,15,16,17,24,25,26,27,
2,28,29,11,
1,28,29,11,3,
1,28,29,12,
1,28,29,12,13,
1,28,29,12,13,14,21,22,23,1,2,3,10,11,7,8,9,24,25,26,27,15,16,17,30,4,5,6,18,19,20,
2,28,29,13,
1,28,29,14,
2,28,29,15,
1,28,29,18,
1,28,29,18,19,20,
1,28,29,20,
3,28,29,21,
8,28,29,21,22,23,
1,28,29,21,22,23,10,11,4,5,6,3,2,1,7,8,9,12,13,14,15,16,17,18,19,20,24,25,26,27,30,
1,28,29,21,22,23,12,13,14,
1,28,29,22,
1,28,29,23,
2,28,29,23,22,21,
3,28,29,24,
2,28,29,26,
1,28,29,26,25,
2,28,29,30,
1,28,29,30,10,11,17,16,15,4,5,6,24,25,26,27,1,2,3,9,8,7,21,22,23,18,19,20,12,13,14,
1,29,
1,29,3,11,14,13,12,2,1,10,9,8,7,17,16,15,27,26,25,24,28,30,6,5,4,20,19,18,
1,29,5,
1,29,14,
1,29,15,5,10,20,
2,29,16,11,
1,29,18,
1,29,21,
1,29,24,28,
62,29,28,
1,29,28,4,
1,30,
1,30,1,15,
1,30,2,9,1,14,
1,30,3,13,
1,30,4,
1,30,10,4,
1,30,14,3,
1,30,15,
1,30,15,10,
1,30,15,16,
1,30,15,16,17,
1,30,17,
1,30,18,
1,30,18,4,19,20,5,6,7,8,9,12,13,14,
1,30,18,6,
1,30,18,19,20,4,5,6,12,13,14,
1,30,28,
Candidate 1,STAVRINOS Harry,OUR LOCAL COMMUNITY,
Candidate 2,MOUJALLI Raymond,OUR LOCAL COMMUNITY,
Candidate 3,DIFRANCESCO Maria,OUR LOCAL COMMUNITY,
Candidate 4,SALEH K,LABOR,
Candidate 5,AKTHER Sherin,LABOR,
Candidate 6,SALEH H,LABOR,
Candidate 7,HOSSAIN Solaiman,COMMUNITY VOICE OF AUSTRALIA,
Candidate 8,PALLY Faizun,COMMUNITY VOICE OF AUSTRALIA,
Candidate 9,MAHMUD Sameer,COMMUNITY VOICE OF AUSTRALIA,
Candidate 10,SHIKDER Ali,D,
Candidate 11,PICKERING Rachael,D,
Candidate 12,ABOU-HAIDAR Dorlene,ANIMAL JUSTICE PARTY,
Candidate 13,WARD Louise,ANIMAL JUSTICE PARTY,
Candidate 14,STAFFORD Brad,ANIMAL JUSTICE PARTY,
Candidate 15,SHARIF Rana,F,
Candidate 16,SHAIKH MOHAMMED Taher,F,
Candidate 17,MOHAMMED Elsadig,F,
Candidate 18,GAUTAM Anisha,THE GREENS,
Candidate 19,RAJKUMAR Shilpa,THE GREENS,
Candidate 20,MCCLURE Zoe,THE GREENS,
Candidate 21,SMALING Mark,LIBERTARIAN PARTY (FORMERLY LIBERAL DEMOCRATS),
Candidate 22,NICHOLLS Carmel,LIBERTARIAN PARTY (FORMERLY LIBERAL DEMOCRATS),
Candidate 23,O'REILLY Raymond,LIBERTARIAN PARTY (FORMERLY LIBERAL DEMOCRATS),
Candidate 24,RAHMAN Mohammad Mahbub,I,
Candidate 25,MOSTAIN Maria,I,
Candidate 26,KHANDAKUR Fahmida,I,
Candidate 27,ALAM Rakibul,I,
Candidate 28,ZAMAN Mohammad,J,
Candidate 29,AKTER Sazeda,J,
Candidate 30,KADEH Imad,UNGROUPED CANDIDATES,
NSW Local Government 2024 Canterbury-Bankstown - Roselands Ward,
