30,7,
1,1,
1,1,2,
28,1,2,3,4,
8,1,2,3,4,5,
1,1,2,3,4,5,6,
3,1,2,3,4,5,6,7,
2768,1,2,3,4,5,6,7,8,
25,1,2,3,4,5,6,7,8,9,10,11,12,13,
1,1,2,3,4,5,6,7,8,9,10,11,12,13,14,15,16,17,18,19,
8,1,2,3,4,5,6,7,8,9,10,11,12,13,14,15,16,17,18,19,20,
136,1,2,3,4,5,6,7,8,9,10,11,12,13,14,15,16,17,18,19,20,21,22,23,24,25,26,27,28,29,
1,1,2,3,4,5,6,7,8,9,10,11,12,13,14,15,16,17,18,19,20,29,28,27,26,25,24,23,22,21,30,
6,1,2,3,4,5,6,7,8,9,10,11,12,13,21,22,23,24,25,26,27,28,29,
79,1,2,3,4,5,6,7,8,9,10,11,12,13,21,22,23,24,25,26,27,28,29,14,15,16,17,18,19,20,
74,1,2,3,4,5,6,7,8,14,15,16,17,18,19,20,
6,1,2,3,4,5,6,7,8,14,15,16,17,18,19,20,9,10,11,12,13,
67,1,2,3,4,5,6,7,8,14,15,16,17,18,19,20,9,10,11,12,13,21,22,23,24,25,26,27,28,29,
8,1,2,3,4,5,6,7,8,14,15,16,17,18,19,20,21,22,23,24,25,26,27,28,29,
101,1,2,3,4,5,6,7,8,14,15,16,17,18,19,20,21,22,23,24,25,26,27,28,29,9,10,11,12,13,
1,1,2,3,4,5,6,7,8,14,15,16,17,18,19,20,30,21,22,23,24,25,26,27,28,29,9,10,11,12,13,
133,1,2,3,4,5,6,7,8,21,22,23,24,25,26,27,28,29,
7,1,2,3,4,5,6,7,8,21,22,23,24,25,26,27,28,29,9,10,11,12,13,
183,1,2,3,4,5,6,7,8,21,22,23,24,25,26,27,28,29,9,10,11,12,13,14,15,16,17,18,19,20,
18,1,2,3,4,5,6,7,8,21,22,23,24,25,26,27,28,29,14,15,16,17,18,19,20,
112,1,2,3,4,5,6,7,8,21,22,23,24,25,26,27,28,29,14,15,16,17,18,19,20,9,10,11,12,13,
1,1,2,3,4,5,14,17,
1,1,2,3,4,7,
1,1,2,3,5,6,4,
1,1,2,3,5,6,7,8,4,
1,1,2,3,6,
1,1,2,3,6,5,7,8,
1,1,2,3,7,
1,1,2,3,8,
1,1,2,3,21,9,
1,1,2,3,21,22,23,4,
1,1,2,3,21,22,23,24,25,26,4,5,6,7,8,27,28,29,14,
1,1,2,3,22,
4,1,2,4,3,
1,1,2,4,5,7,8,6,3,
4,1,2,4,6,
1,1,2,4,6,8,7,5,3,
1,1,2,4,7,
1,1,2,4,7,3,
2,1,2,4,7,8,6,5,3,
1,1,2,4,8,
1,1,2,4,8,3,
1,1,2,4,29,
1,1,2,5,3,
2,1,2,5,4,
1,1,2,5,7,3,
3,1,2,6,8,
2,1,2,7,8,
1,1,2,7,14,3,4,5,
1,1,2,7,14,16,
1,1,2,8,7,3,4,5,6,9,10,11,12,13,14,15,16,17,18,19,20,22,21,23,24,25,26,27,28,29,30,
1,1,2,8,26,29,4,7,
4,1,2,12,3,
1,1,2,14,17,21,9,22,
2,1,2,21,4,
3,1,2,21,22,
1,1,2,21,22,9,30,3,
1,1,2,21,29,
1,1,3,2,4,
1,1,3,2,4,5,
1,1,3,2,4,5,6,7,8,
1,1,3,2,4,7,6,5,8,
1,1,3,4,2,
1,1,3,4,5,
1,1,3,4,6,
1,1,3,4,6,7,
1,1,3,5,4,2,7,6,8,
1,1,3,5,7,
1,1,3,6,21,27,16,15,
2,1,3,7,8,
1,1,3,7,10,17,21,22,24,25,26,29,30,14,9,2,4,5,6,8,11,12,13,15,16,18,19,20,23,27,28,
1,1,3,8,5,
1,1,3,8,7,4,
1,1,3,9,22,28,
1,1,3,14,5,
1,1,3,15,16,
1,1,3,16,15,22,21,2,
2,1,3,16,30,15,
1,1,3,21,28,
1,1,3,29,16,22,17,8,
1,1,4,
1,1,4,2,6,7,8,3,
1,1,4,3,2,
2,1,4,3,2,5,6,7,8,
1,1,4,3,5,2,6,7,8,
1,1,4,5,18,14,3,7,9,15,16,17,19,20,
2,1,4,6,3,8,
1,1,4,7,2,
1,1,4,7,2,8,
1,1,4,7,3,
1,1,4,7,8,
1,1,4,7,8,2,
1,1,4,7,8,3,2,
1,1,4,7,14,
2,1,4,7,25,
1,1,4,8,6,
1,1,4,15,14,
1,1,4,21,22,
1,1,4,30,5,
1,1,5,2,4,
1,1,5,3,6,
1,1,5,3,8,
2,1,5,4,2,
1,1,5,4,7,
1,1,5,4,8,
1,1,5,6,7,8,
1,1,5,7,2,
1,1,5,7,4,
3,1,5,8,7,
2,1,5,8,21,24,29,14,
1,1,6,
1,1,6,3,4,28,
2,1,7,3,2,
1,1,7,4,3,
1,1,7,4,5,
1,1,7,5,2,
1,1,7,8,2,
2,1,7,8,21,
1,1,7,8,25,23,26,29,
1,1,7,10,17,
1,1,7,14,17,4,22,25,23,10,30,2,3,5,6,8,19,15,29,28,27,26,24,21,16,18,20,9,11,12,13,
1,1,7,14,21,
2,1,7,18,30,
2,1,7,19,17,
1,1,7,23,25,29,26,22,21,2,3,4,5,6,8,9,10,11,12,13,14,15,16,17,18,19,20,24,27,28,
1,1,7,25,23,26,22,8,
1,1,8,2,3,4,5,6,7,14,15,16,17,18,19,20,30,29,28,27,26,25,24,23,22,21,13,12,11,10,9,
1,1,8,2,7,4,
2,1,8,4,5,
1,1,8,4,14,5,
1,1,8,5,7,
1,1,8,7,2,4,
1,1,8,7,3,
1,1,8,7,3,2,
1,1,8,9,26,
1,1,8,22,26,29,17,21,
1,1,8,29,22,26,
1,1,8,30,29,
1,1,9,3,12,
1,1,9,14,7,
4,1,9,14,21,
1,1,9,14,21,17,
1,1,9,14,21,22,
4,1,9,14,21,30,
1,1,9,16,25,
1,1,9,17,21,
1,1,9,20,21,
1,1,9,21,2,3,4,5,6,7,8,10,11,12,13,14,22,23,24,25,26,27,28,29,15,16,17,18,19,20,
1,1,9,21,14,
1,1,9,22,25,30,
1,1,9,23,16,
1,1,9,30,11,
1,1,9,30,14,
1,1,10,2,12,5,
2,1,10,15,21,
1,1,10,15,22,
1,1,10,16,22,
1,1,10,16,23,30,
2,1,10,17,22,
1,1,10,17,26,
2,1,10,20,30,
1,1,10,22,17,28,
1,1,10,22,30,
1,1,10,29,26,
1,1,11,18,26,30,
1,1,11,18,27,30,
1,1,11,21,30,
1,1,11,23,20,
1,1,12,9,3,2,
1,1,12,18,27,15,
1,1,14,2,3,17,4,
1,1,14,2,15,
1,1,14,3,4,
1,1,14,9,21,
1,1,14,9,30,
1,1,14,15,7,4,5,8,
1,1,14,15,16,
1,1,14,15,16,21,22,3,
1,1,14,16,3,
1,1,14,16,7,
1,1,14,16,17,
1,1,14,17,3,
1,1,14,17,4,7,15,2,16,3,18,5,19,6,20,8,
2,1,14,17,7,21,
1,1,14,17,15,7,8,3,21,
1,1,14,18,15,
2,1,14,21,9,
1,1,14,21,9,2,3,4,
1,1,14,21,9,30,
1,1,14,21,15,
1,1,14,21,17,
1,1,14,21,30,9,2,3,
1,1,14,22,21,9,23,
1,1,14,28,20,
1,1,14,30,2,
1,1,15,14,30,2,
1,1,15,16,29,
1,1,15,21,3,22,
1,1,16,4,30,
1,1,16,9,2,
2,1,16,14,7,
1,1,16,21,3,22,15,2,
1,1,16,21,12,
1,1,16,22,7,14,30,
1,1,17,14,2,3,5,8,7,6,4,21,
1,1,17,14,7,
1,1,17,14,7,8,29,23,
1,1,17,14,7,15,21,24,
1,1,17,14,21,
1,1,17,14,21,2,3,4,5,6,7,8,
1,1,18,30,22,
1,1,20,27,5,
2,1,21,2,4,
1,1,21,2,7,
1,1,21,2,22,3,4,
1,1,21,2,22,3,11,12,
1,1,21,2,22,3,23,4,24,5,25,6,26,7,27,8,
1,1,21,2,22,3,23,4,24,5,25,6,26,7,27,8,28,29,
1,1,21,2,22,23,9,10,
2,1,21,2,24,29,3,8,6,
1,1,21,3,4,5,
1,1,21,3,22,8,5,
1,1,21,4,10,7,
1,1,21,5,22,
1,1,21,7,9,
1,1,21,9,12,2,
2,1,21,9,14,
1,1,21,9,30,
1,1,21,10,22,24,25,
2,1,21,14,2,22,3,23,
1,1,21,14,7,
1,1,21,14,9,
1,1,21,14,9,25,17,11,5,
1,1,21,14,20,8,5,30,4,16,22,9,24,
1,1,21,15,2,17,6,14,
1,1,21,15,2,22,
1,1,21,18,12,
5,1,21,22,2,6,7,8,
1,1,21,22,2,14,
1,1,21,22,3,
1,1,21,22,4,25,17,26,2,8,6,
2,1,21,22,9,
1,1,21,22,14,8,7,17,
1,1,21,22,24,
1,1,21,23,16,
1,1,21,23,25,
1,1,21,25,22,
1,1,21,26,6,
1,1,21,26,25,
1,1,21,29,2,
1,1,21,30,9,14,
1,1,21,30,9,15,27,4,
4,1,21,30,22,
1,1,22,3,16,
1,1,22,8,7,
1,1,22,8,16,21,2,3,5,
1,1,22,9,14,
1,1,22,16,3,30,
1,1,22,16,15,
1,1,22,23,24,
1,1,22,30,21,
1,1,23,10,17,
1,1,23,14,30,11,
2,1,25,5,30,7,2,8,9,
1,1,26,21,18,7,29,
1,1,26,29,8,7,
1,1,30,2,3,4,5,6,7,8,
1,1,30,2,3,21,22,
1,1,30,2,10,3,21,22,5,29,28,27,26,25,24,8,7,6,4,
1,1,30,9,14,21,
1,1,30,14,9,21,
1,1,30,14,17,
1,1,30,18,24,
1,1,30,19,14,
1,1,30,21,2,
2,1,30,21,9,14,
1,1,30,21,14,
1,1,30,21,29,
1,1,30,22,14,23,2,4,9,15,8,
1,2,
1,2,1,3,4,
2,2,1,3,4,5,
2,2,1,3,4,5,6,7,8,
1,2,1,3,5,
3,2,1,3,7,
1,2,1,4,3,5,6,7,8,
1,2,1,4,6,
1,2,1,7,8,
1,2,1,9,22,
1,2,1,22,21,
1,2,3,1,5,
1,2,3,4,5,
2,2,3,5,6,
1,2,4,1,3,5,
1,2,4,1,7,6,
2,2,4,3,1,
1,2,4,6,5,3,1,8,
1,2,4,6,7,8,
1,2,4,6,8,
1,2,4,7,6,5,1,3,8,
1,2,4,8,7,
1,2,4,24,7,
1,2,6,4,8,
1,2,7,10,24,23,
1,2,8,4,1,6,
1,2,9,3,1,
1,2,9,16,23,
1,2,9,21,15,5,3,4,10,
1,2,10,6,19,22,
1,2,10,14,25,
1,2,10,15,22,
1,2,10,17,20,
1,2,11,15,23,28,
1,2,12,17,22,4,10,11,
1,2,14,21,1,
1,2,17,24,15,
1,2,20,29,21,
1,2,22,15,1,9,30,
1,2,23,16,11,
1,2,24,21,22,
3,3,1,2,4,
1,3,1,2,5,
1,3,1,2,7,
1,3,1,4,2,
1,3,1,4,5,8,
1,3,1,4,7,
1,3,1,4,7,2,5,6,8,
1,3,1,6,4,7,
1,3,1,7,4,
1,3,1,8,7,6,5,4,2,
1,3,1,11,8,20,19,22,
1,3,1,11,27,
1,3,1,16,22,
1,3,1,22,2,
1,3,1,30,6,
1,3,2,1,4,
1,3,2,30,1,4,7,6,
1,3,4,6,2,
1,3,4,6,7,
1,3,4,6,22,15,16,27,
1,3,4,7,2,
1,3,4,7,6,
1,3,4,9,1,8,
1,3,4,15,27,
1,3,5,1,2,4,7,8,6,
1,3,5,1,7,
1,3,5,7,1,
1,3,5,7,8,6,
1,3,7,4,5,
1,3,8,7,5,4,2,6,1,
1,3,9,15,21,22,27,29,
1,3,9,15,30,
1,3,9,16,11,
1,3,9,18,30,
1,3,9,30,26,
1,3,10,15,22,27,
1,3,10,15,23,30,
1,3,10,16,21,30,
1,3,10,17,30,
1,3,11,18,22,
1,3,11,19,26,
1,3,13,12,18,19,
1,3,15,1,16,
1,3,15,17,1,
1,3,15,17,22,23,
1,3,15,18,27,22,28,19,16,11,12,9,13,4,30,
1,3,15,22,12,
1,3,15,27,10,
1,3,15,29,7,
1,3,16,9,1,
1,3,16,22,30,
1,3,16,30,14,1,5,21,
1,3,20,21,15,
1,3,21,9,15,
1,3,21,28,16,
1,3,22,14,24,
1,3,22,15,9,
2,3,22,15,16,
1,3,22,15,27,28,
1,3,22,16,28,27,15,
1,3,22,23,24,
1,3,30,7,16,
3,3,30,16,2,9,14,21,
4,4,1,2,3,
3,4,1,2,6,
1,4,1,2,7,
1,4,1,2,7,8,
1,4,1,2,8,7,5,6,3,
1,4,1,2,21,25,
1,4,1,6,2,
1,4,1,8,2,
1,4,1,21,24,8,
1,4,2,6,7,1,
2,4,2,24,14,
1,4,3,1,5,7,
1,4,3,2,1,
2,4,3,2,6,
1,4,3,5,7,2,
1,4,5,3,2,7,
1,4,5,3,6,7,8,2,1,
1,4,5,7,8,
2,4,6,1,7,
1,4,6,1,8,
1,4,6,7,5,2,1,3,8,
1,4,6,14,22,15,
1,4,6,24,2,
1,4,9,15,16,
1,4,9,20,24,30,
1,4,10,17,22,
1,4,12,15,23,
1,4,12,30,15,6,9,16,7,10,18,3,13,14,1,11,17,2,19,5,20,8,21,22,23,25,27,29,28,26,24,
1,4,13,18,28,
1,4,15,9,23,
1,4,24,2,14,
1,4,24,2,21,
1,4,24,17,2,
1,4,30,1,14,10,7,25,23,22,17,3,
1,5,1,2,3,
1,5,1,2,3,4,6,7,8,
2,5,1,6,7,
1,5,4,3,2,6,7,8,1,
1,5,4,14,19,
1,5,7,1,6,
1,5,9,14,23,
2,5,11,12,13,
1,5,11,12,13,18,
1,5,11,21,18,
1,5,13,12,4,
1,5,13,12,11,
1,5,18,11,23,
1,5,18,12,19,9,
1,5,18,19,20,
9,6,1,2,3,
1,6,1,2,3,4,5,7,8,
1,6,4,1,2,
1,6,10,14,26,
1,6,12,19,22,
1,7,1,4,5,
1,7,1,4,8,
3,7,1,8,30,
2,7,1,21,22,
1,7,3,1,2,8,
1,7,3,15,21,1,
1,7,3,16,21,1,
1,7,5,3,1,6,
1,7,5,21,1,26,25,2,8,3,23,
1,7,6,21,1,26,25,2,8,3,23,
1,7,6,21,1,26,25,2,8,23,3,
1,7,8,17,28,
2,7,8,28,17,
1,7,8,28,30,
1,7,9,17,25,
1,7,9,20,23,
1,7,11,23,2,
1,7,12,16,23,
1,7,21,26,2,22,
1,7,28,8,17,
1,7,28,14,23,
1,7,30,21,22,9,14,1,
1,8,1,2,3,4,5,6,7,
1,8,7,6,5,4,3,2,1,29,28,27,26,25,24,23,22,21,13,12,11,10,9,30,20,19,18,17,16,15,14,
1,8,7,6,5,4,3,2,1,29,28,27,26,25,24,23,22,21,20,19,18,17,16,15,14,30,
1,8,9,14,21,
1,9,
1,9,1,2,3,4,5,6,7,8,
1,9,1,10,18,21,
1,9,1,14,22,
1,9,1,14,30,10,
1,9,1,21,4,
2,9,1,21,14,
1,9,1,21,14,17,
1,9,1,21,25,26,
1,9,3,16,12,29,
1,9,5,16,22,19,
1,9,5,19,12,11,13,
1,9,8,25,29,
1,9,10,1,14,22,
13,9,10,11,12,
1261,9,10,11,12,13,
21,9,10,11,12,13,1,2,3,4,5,6,7,8,
44,9,10,11,12,13,1,2,3,4,5,6,7,8,14,15,16,17,18,19,20,21,22,23,24,25,26,27,28,29,
29,9,10,11,12,13,1,2,3,4,5,6,7,8,21,22,23,24,25,26,27,28,29,14,15,16,17,18,19,20,
65,9,10,11,12,13,14,15,16,17,18,19,20,
54,9,10,11,12,13,14,15,16,17,18,19,20,1,2,3,4,5,6,7,8,21,22,23,24,25,26,27,28,29,
2,9,10,11,12,13,14,15,16,17,18,19,20,21,22,23,24,25,26,27,28,29,
82,9,10,11,12,13,14,15,16,17,18,19,20,21,22,23,24,25,26,27,28,29,1,2,3,4,5,6,7,8,
1,9,10,11,12,13,19,1,30,
50,9,10,11,12,13,21,22,23,24,25,26,27,28,29,
3,9,10,11,12,13,21,22,23,24,25,26,27,28,29,1,2,3,4,5,6,7,8,
43,9,10,11,12,13,21,22,23,24,25,26,27,28,29,1,2,3,4,5,6,7,8,14,15,16,17,18,19,20,
1,9,10,11,12,13,21,22,23,24,25,26,27,28,29,14,15,16,17,18,19,20,
33,9,10,11,12,13,21,22,23,24,25,26,27,28,29,14,15,16,17,18,19,20,1,2,3,4,5,6,7,8,
1,9,10,11,12,30,
1,9,10,11,13,
1,9,10,11,13,12,14,18,17,22,25,21,24,30,
3,9,10,12,11,13,
1,9,10,12,13,11,
1,9,10,13,11,12,
1,9,10,16,17,
1,9,10,25,12,15,17,27,19,
1,9,11,1,12,
1,9,11,10,12,13,
4,9,11,12,10,
4,9,11,12,10,13,
18,9,11,12,13,
1,9,11,12,13,1,
1,9,11,12,13,5,
20,9,11,12,13,10,
1,9,11,12,13,14,
1,9,11,12,13,18,19,16,15,30,
1,9,11,12,13,19,
1,9,11,12,13,19,18,30,
1,9,11,12,13,30,
2,9,11,12,18,
4,9,11,13,12,
3,9,11,13,12,10,
1,9,11,19,13,
1,9,12,10,11,
1,9,12,10,11,13,
1,9,12,11,10,
2,9,12,11,13,
1,9,12,11,13,10,
1,9,12,11,23,
1,9,12,13,11,
1,9,12,13,11,10,
1,9,12,13,30,
1,9,12,14,11,13,
1,9,12,22,3,
1,9,12,30,18,
1,9,13,11,12,
1,9,13,11,12,10,
1,9,13,12,10,
1,9,13,12,11,
1,9,13,12,11,10,
1,9,13,14,16,17,
1,9,14,10,11,18,
1,9,14,15,1,3,
1,9,14,17,18,19,16,21,22,20,
1,9,14,17,21,22,10,20,
1,9,14,21,11,
1,9,14,21,30,1,
1,9,14,30,1,21,
1,9,15,17,19,23,25,4,6,8,12,
1,9,15,22,16,
1,9,15,23,5,
1,9,15,24,28,30,
1,9,15,25,20,
1,9,16,11,5,12,
1,9,16,11,17,
1,9,16,24,5,30,
1,9,18,5,22,
1,9,18,10,30,
1,9,18,19,12,
1,9,18,30,11,
1,9,19,29,12,
1,9,21,1,10,25,12,6,
1,9,21,1,27,
1,9,21,4,29,
1,9,21,10,11,
1,9,21,10,22,
1,9,21,14,22,15,23,16,24,17,25,18,26,19,27,20,28,29,
1,9,21,26,29,
1,9,21,30,1,14,
1,9,22,10,11,12,
1,9,22,11,1,
1,9,22,14,23,13,
1,9,22,25,29,
1,9,22,27,28,
1,9,24,25,3,
1,9,30,1,18,
1,9,30,2,4,1,
1,9,30,5,1,2,10,19,18,13,12,11,14,16,3,4,7,15,17,20,6,8,21,22,23,24,25,26,27,28,29,
1,9,30,10,11,
1,9,30,10,11,15,16,18,12,13,
1,9,30,10,21,22,23,24,11,12,
1,9,30,11,12,13,
1,9,30,12,11,
1,9,30,14,10,
1,9,30,18,11,
1,9,30,20,12,
1,9,30,23,20,10,
1,10,1,3,4,6,7,14,
1,10,2,15,22,
1,10,2,21,30,
1,10,4,20,22,27,2,12,
1,10,9,11,12,
2,10,9,11,12,13,
1,10,9,11,12,13,14,19,17,15,16,18,20,
1,10,9,11,13,12,
1,10,11,9,12,
1,10,11,12,13,
1,10,11,12,13,9,
1,10,17,21,5,
1,10,22,26,30,
1,10,30,16,22,
1,11,7,25,20,
1,11,9,10,12,
1,11,9,10,12,13,
1,11,9,10,13,
2,11,9,12,13,
1,11,9,19,12,
1,11,9,21,15,30,
1,11,9,22,30,
1,11,10,9,12,13,
1,11,10,12,9,
1,11,10,12,13,9,
1,11,12,9,13,
1,11,12,9,13,10,
1,11,12,9,30,
2,11,12,10,9,
3,11,12,13,9,
1,11,12,13,9,10,
1,11,12,13,9,10,30,18,
2,11,12,13,10,9,
1,11,12,13,18,19,5,
1,11,12,13,29,
1,11,13,9,12,5,
2,11,13,12,9,10,
1,11,13,12,10,9,
1,11,14,1,21,
1,11,18,5,22,
1,11,18,19,12,14,15,16,17,
1,11,18,30,25,13,12,
1,11,19,12,18,
1,11,19,14,30,
1,11,23,25,21,
1,12,1,14,23,
1,12,5,30,18,
1,12,5,30,18,9,11,13,19,22,
2,12,9,10,11,
1,12,9,11,14,
1,12,10,9,18,27,
1,12,11,9,10,13,
1,12,11,9,13,
1,12,11,9,13,10,
1,12,11,9,21,
1,12,11,10,9,13,
1,12,11,13,9,
1,12,11,13,9,10,
1,12,11,13,10,9,
1,12,11,19,5,
1,12,13,11,9,10,
1,12,13,11,10,9,
1,12,13,11,19,
1,12,14,30,24,29,
1,12,18,14,17,
1,12,19,11,25,
1,12,19,29,2,
1,12,19,30,24,
1,12,29,5,18,
1,13,5,23,19,
1,13,9,11,12,10,
1,13,12,11,9,18,19,5,
3,13,12,11,10,
1,13,12,11,22,25,
1,13,18,19,11,
1,14,1,7,10,
1,14,1,7,17,
1,14,1,9,21,
1,14,1,15,2,
1,14,1,15,4,16,17,18,
1,14,1,17,15,
1,14,1,17,21,
1,14,1,17,24,
1,14,1,21,9,
1,14,1,21,15,2,24,
1,14,1,25,8,10,5,
1,14,1,29,10,
1,14,3,17,7,28,30,
1,14,6,24,30,
1,14,8,17,21,1,22,
1,14,9,3,22,15,1,21,
1,14,9,10,17,20,11,
1,14,9,15,10,12,
1,14,9,15,11,12,
1,14,9,15,16,17,
1,14,9,21,1,
1,14,11,12,21,
1,14,11,25,18,13,
1,14,13,17,30,
4,14,15,1,2,
1,14,15,2,21,10,
1,14,15,12,13,
1,14,15,16,1,3,
1,14,15,16,3,
52,14,15,16,17,
1,14,15,16,17,1,21,22,18,19,20,
25,14,15,16,17,18,
2,14,15,16,17,18,19,
1,14,15,16,17,18,19,9,10,11,12,13,29,30,
5803,14,15,16,17,18,19,20,
104,14,15,16,17,18,19,20,1,2,3,4,5,6,7,8,
6,14,15,16,17,18,19,20,1,2,3,4,5,6,7,8,9,10,11,12,13,
123,14,15,16,17,18,19,20,1,2,3,4,5,6,7,8,9,10,11,12,13,21,22,23,24,25,26,27,28,29,
13,14,15,16,17,18,19,20,1,2,3,4,5,6,7,8,21,22,23,24,25,26,27,28,29,
132,14,15,16,17,18,19,20,1,2,3,4,5,6,7,8,21,22,23,24,25,26,27,28,29,9,10,11,12,13,
1,14,15,16,17,18,19,20,1,2,3,4,5,6,7,8,21,22,23,24,25,26,27,28,29,30,9,10,11,12,13,
1,14,15,16,17,18,19,20,1,9,2,10,21,5,7,12,13,30,28,25,3,11,26,23,8,29,4,6,22,27,24,
104,14,15,16,17,18,19,20,9,10,11,12,13,
1,14,15,16,17,18,19,20,9,10,11,12,13,1,2,3,4,5,6,7,8,
139,14,15,16,17,18,19,20,9,10,11,12,13,1,2,3,4,5,6,7,8,21,22,23,24,25,26,27,28,29,
5,14,15,16,17,18,19,20,9,10,11,12,13,21,22,23,24,25,26,27,28,29,
179,14,15,16,17,18,19,20,9,10,11,12,13,21,22,23,24,25,26,27,28,29,1,2,3,4,5,6,7,8,
1,14,15,16,17,18,19,20,10,4,22,23,11,13,12,27,25,3,7,28,24,26,6,5,21,29,8,9,1,2,30,
267,14,15,16,17,18,19,20,21,22,23,24,25,26,27,28,29,
15,14,15,16,17,18,19,20,21,22,23,24,25,26,27,28,29,1,2,3,4,5,6,7,8,
320,14,15,16,17,18,19,20,21,22,23,24,25,26,27,28,29,1,2,3,4,5,6,7,8,9,10,11,12,13,
15,14,15,16,17,18,19,20,21,22,23,24,25,26,27,28,29,9,10,11,12,13,
262,14,15,16,17,18,19,20,21,22,23,24,25,26,27,28,29,9,10,11,12,13,1,2,3,4,5,6,7,8,
1,14,15,16,17,18,19,20,29,28,27,26,25,30,24,23,22,21,13,12,11,9,10,8,7,6,5,4,3,2,1,
1,14,15,16,17,18,21,1,3,22,23,
2,14,15,16,17,20,
1,14,15,16,17,21,
1,14,15,16,17,21,18,19,20,22,
2,14,15,16,17,22,18,19,20,
2,14,15,16,17,30,
1,14,15,16,18,
1,14,15,16,18,19,20,17,
1,14,15,16,19,17,18,20,
1,14,15,16,20,19,18,
1,14,15,16,21,22,23,
2,14,15,16,22,17,18,19,20,
1,14,15,16,30,
1,14,15,17,9,
1,14,15,17,16,
1,14,15,17,16,18,
1,14,15,17,16,18,1,2,
1,14,15,17,16,20,18,19,
2,14,15,17,18,
1,14,15,17,18,19,20,16,
1,14,15,17,18,20,
1,14,15,17,19,
1,14,15,17,20,
1,14,15,17,21,23,1,10,30,
2,14,15,18,16,
1,14,15,18,19,
1,14,15,18,19,16,
1,14,15,18,19,17,
1,14,15,18,20,
1,14,15,19,16,17,20,18,
1,14,15,19,22,25,
2,14,15,20,17,
1,14,15,21,9,
2,14,15,21,22,
1,14,15,30,21,1,9,16,17,18,19,20,22,2,10,
1,14,16,9,3,
3,14,16,15,17,
1,14,16,15,17,18,
1,14,16,15,17,19,18,20,
1,14,16,15,17,21,
1,14,16,15,18,
1,14,16,15,18,19,
1,14,16,15,20,17,
1,14,16,15,27,
1,14,16,17,15,
1,14,16,17,15,18,
1,14,16,17,15,20,
1,14,16,17,15,20,18,19,
1,14,16,17,18,
1,14,16,17,18,19,
1,14,16,17,19,18,
1,14,16,17,20,15,
1,14,16,17,20,19,18,15,
1,14,16,17,21,22,
1,14,16,18,17,15,
1,14,16,18,19,
1,14,16,18,20,
1,14,16,18,20,19,15,
1,14,16,19,23,26,
1,14,16,20,15,
1,14,17,1,3,
1,14,17,1,7,2,4,20,
1,14,17,1,9,22,
1,14,17,1,15,16,18,19,20,
1,14,17,1,21,
3,14,17,1,21,7,
1,14,17,1,21,15,
1,14,17,7,1,
1,14,17,12,18,8,
1,14,17,15,1,
3,14,17,15,16,
2,14,17,15,16,18,
6,14,17,15,16,18,19,20,
1,14,17,15,18,
1,14,17,15,19,
1,14,17,15,19,20,18,16,
1,14,17,15,22,
1,14,17,16,3,
1,14,17,16,3,22,15,27,
2,14,17,16,15,
4,14,17,16,15,18,19,20,
1,14,17,16,18,19,20,15,
1,14,17,16,18,19,20,15,30,13,12,11,10,9,29,28,27,26,25,24,23,22,21,8,7,6,5,4,3,2,1,
1,14,17,16,19,
1,14,17,16,22,21,
1,14,17,18,15,
1,14,17,18,19,
3,14,17,18,20,
1,14,17,19,9,
1,14,17,19,15,
1,14,17,19,15,16,18,20,
1,14,17,19,16,15,18,20,
2,14,17,19,18,
2,14,17,20,15,
1,14,17,20,15,16,18,19,
1,14,17,20,15,18,
1,14,17,20,18,
1,14,17,20,18,9,
1,14,17,20,19,
1,14,17,20,19,18,16,15,
1,14,17,21,1,
1,14,17,21,1,30,
1,14,17,21,9,15,
1,14,17,21,22,
1,14,17,21,22,24,25,26,23,30,15,16,18,19,10,9,11,12,13,1,2,3,4,5,6,7,8,
1,14,17,21,23,7,
1,14,17,22,15,
1,14,17,22,15,18,16,1,2,23,21,7,10,30,
1,14,17,22,25,
1,14,17,30,21,7,10,20,
1,14,18,1,16,26,20,10,
1,14,18,15,16,
1,14,18,16,20,
1,14,18,17,16,20,19,15,
1,14,18,19,15,
1,14,18,19,15,16,
1,14,18,19,15,16,17,20,
1,14,18,19,15,22,27,26,
1,14,18,19,16,15,20,
2,14,18,19,17,
1,14,18,19,17,16,
2,14,18,19,20,
1,14,18,19,20,16,15,17,
1,14,18,19,20,16,17,15,
1,14,18,19,20,30,16,15,
1,14,18,19,21,29,
1,14,18,20,15,
1,14,18,20,17,
1,14,19,11,12,
1,14,19,15,17,20,
1,14,19,16,18,
1,14,19,17,4,
1,14,19,17,15,
1,14,19,17,18,26,20,15,16,
1,14,19,17,20,
1,14,19,18,20,
1,14,19,30,18,
1,14,20,15,18,19,17,16,
1,14,20,17,9,12,
1,14,20,17,15,16,
1,14,20,18,16,
1,14,20,18,17,
1,14,20,18,19,
1,14,20,19,18,
1,14,20,19,18,17,16,15,
1,14,21,1,9,
1,14,21,1,15,
1,14,21,1,22,
1,14,21,2,5,
1,14,21,2,24,3,
2,14,21,9,1,
1,14,21,9,22,17,16,
1,14,21,17,22,
1,14,21,17,26,
1,14,21,30,15,22,10,11,16,24,17,18,12,13,25,23,19,26,27,20,28,29,
1,14,22,1,7,17,23,4,
1,14,22,9,1,
1,14,22,10,3,
1,14,22,16,17,30,18,19,20,
1,14,22,17,15,24,
1,14,22,30,10,2,
1,14,23,11,1,15,
1,14,24,21,10,
1,14,24,25,26,
1,14,25,5,19,
1,14,27,13,7,
1,14,29,10,5,30,
1,14,30,1,17,
1,14,30,4,1,
1,14,30,11,12,
1,14,30,15,16,
1,14,30,16,1,
1,14,30,19,18,
1,14,30,29,9,
1,15,
2,15,1,3,16,
1,15,1,3,27,
1,15,1,9,23,
1,15,1,16,22,
1,15,1,16,29,
1,15,1,25,22,
1,15,3,27,4,20,19,18,17,16,14,30,
1,15,7,17,22,
1,15,7,27,16,3,
1,15,8,24,29,16,
1,15,9,18,19,
1,15,9,21,1,
1,15,14,3,4,
1,15,14,16,1,
9,15,14,16,17,
1,15,14,16,17,18,
6,15,14,16,17,18,19,20,
1,15,14,16,17,19,
1,15,14,16,17,20,19,18,
1,15,14,16,17,30,1,18,
1,15,14,16,18,17,20,19,
1,15,14,16,18,19,
1,15,14,16,20,
1,15,14,16,20,17,19,18,
1,15,14,17,16,
1,15,14,17,16,18,19,20,
1,15,14,17,18,
1,15,14,17,18,19,20,
1,15,14,17,18,19,20,22,
1,15,14,17,18,20,19,16,
2,15,14,17,19,
5,15,14,17,20,
1,15,14,17,20,19,16,18,
1,15,14,18,17,19,20,
1,15,14,18,19,
1,15,14,19,18,
1,15,14,19,20,18,
1,15,14,20,17,
1,15,14,20,17,16,19,18,
1,15,14,20,17,18,16,19,
1,15,14,20,19,
1,15,14,30,1,
1,15,14,30,21,16,1,2,3,17,18,
1,15,16,1,2,3,
1,15,16,1,22,
1,15,16,3,22,
1,15,16,3,27,
1,15,16,9,3,
1,15,16,9,27,
1,15,16,13,26,23,
1,15,16,14,1,
14,15,16,14,17,
1,15,16,14,17,3,
1,15,16,14,17,18,
4,15,16,14,17,18,19,20,
1,15,16,14,17,19,18,20,
1,15,16,14,17,19,20,18,
2,15,16,14,18,
1,15,16,14,19,
1,15,16,14,20,
1,15,16,14,20,18,
5,15,16,17,14,
3,15,16,17,14,18,19,20,
1,15,16,17,14,19,18,20,
6,15,16,17,18,
2,15,16,17,18,14,19,20,
1,15,16,17,18,19,
1,15,16,17,18,19,20,
1,15,16,17,18,19,20,14,1,2,3,4,5,6,7,8,
2,15,16,17,18,20,
1,15,16,17,19,14,
1,15,16,17,20,
1,15,16,17,21,24,14,
1,15,16,18,17,
2,15,16,18,19,
1,15,16,18,19,4,
1,15,16,18,19,14,
1,15,16,18,20,14,
1,15,16,18,20,17,19,14,22,30,
1,15,16,18,27,
1,15,16,19,14,17,18,20,
1,15,16,19,18,
1,15,16,19,20,
1,15,16,19,20,17,18,14,
1,15,16,20,14,
1,15,16,20,14,17,18,19,
1,15,16,20,19,18,17,14,
2,15,16,22,3,
1,15,16,22,27,
1,15,16,22,27,17,20,18,
1,15,16,23,25,18,20,
1,15,16,27,17,
1,15,16,27,22,
1,15,17,3,1,
1,15,17,3,27,30,
1,15,17,9,22,6,
2,15,17,14,16,
1,15,17,14,18,
1,15,17,14,19,
2,15,17,14,20,
3,15,17,16,14,
1,15,17,18,14,20,19,16,
1,15,17,18,20,
2,15,17,19,14,
1,15,17,19,18,
1,15,17,20,14,
1,15,18,10,12,
1,15,18,14,16,
1,15,18,17,14,
1,15,18,17,16,
1,15,18,19,17,16,14,20,
1,15,18,19,20,14,
1,15,18,20,16,
1,15,18,22,4,
1,15,19,17,14,18,
1,15,19,18,17,
1,15,20,7,23,16,
1,15,20,9,30,
1,15,20,17,14,23,30,
1,15,20,18,16,14,17,19,
1,15,20,18,19,
2,15,20,19,18,
1,15,20,19,18,17,16,14,
1,15,21,1,10,29,26,22,
1,15,21,7,22,17,
2,15,21,14,16,
1,15,21,27,29,2,4,8,
1,15,21,30,12,
1,15,22,9,29,19,
1,15,22,16,17,
1,15,22,16,27,
1,15,22,27,28,
1,15,22,29,27,
1,15,23,22,30,
1,15,24,12,5,
1,15,25,27,4,
1,15,27,1,30,
1,15,27,3,10,
1,15,30,14,9,1,21,22,10,2,3,11,16,23,4,12,17,24,5,13,18,25,6,19,26,28,27,20,7,8,29,
1,16,
1,16,1,2,3,
1,16,1,10,24,
1,16,1,20,28,30,3,14,
1,16,1,25,22,
1,16,2,10,22,
1,16,3,15,22,
1,16,3,15,30,12,
1,16,3,22,27,14,
1,16,5,12,27,
1,16,9,12,5,
1,16,10,21,2,
3,16,14,15,17,
2,16,14,15,17,18,
1,16,14,17,18,
1,16,14,18,19,
1,16,14,21,1,2,
3,16,15,3,22,
1,16,15,11,25,
7,16,15,14,17,
1,16,15,14,17,18,
2,16,15,14,17,18,19,20,
1,16,15,14,17,18,20,19,
3,16,15,14,17,20,
1,16,15,14,19,
2,16,15,14,20,
4,16,15,17,14,
1,16,15,17,14,18,19,20,
1,16,15,17,18,14,20,19,
1,16,15,17,19,18,
2,16,15,17,20,
1,16,15,17,22,23,
1,16,15,18,20,
1,16,15,20,14,
2,16,15,20,17,
1,16,15,20,18,
1,16,15,22,3,
1,16,15,22,14,27,
1,16,15,22,27,3,
1,16,15,27,22,
1,16,17,9,14,15,18,19,20,10,11,12,13,21,22,23,24,25,30,26,27,28,29,1,2,3,4,5,6,7,8,
1,16,17,14,
1,16,17,14,15,18,19,20,
1,16,17,14,19,18,20,15,
1,16,17,15,14,
1,16,17,15,18,19,14,20,
1,16,17,18,14,
2,16,17,18,19,
1,16,17,18,19,20,14,15,
1,16,17,20,19,
1,16,18,17,19,
1,16,18,19,15,
1,16,18,19,20,
1,16,18,19,20,17,
1,16,19,14,15,
1,16,19,14,20,18,17,15,
1,16,19,20,18,15,17,14,
1,16,20,18,15,
2,16,20,19,18,17,
2,16,21,3,15,1,
1,16,22,3,9,
1,16,22,3,12,20,
1,16,22,3,15,1,21,14,
1,16,22,3,27,
3,16,22,15,27,
1,16,22,21,1,
1,16,22,21,1,3,
1,16,22,21,26,28,
1,16,23,12,8,
1,16,27,22,15,
1,16,30,9,22,
1,16,30,20,19,
1,17,1,4,19,30,29,28,27,26,25,24,23,22,21,20,8,7,18,5,16,15,
1,17,1,5,15,23,22,
1,17,1,7,3,16,
2,17,1,7,14,
1,17,1,9,14,16,
1,17,1,10,24,
1,17,1,16,14,
1,17,1,21,22,10,
1,17,1,22,9,
1,17,1,30,21,9,
1,17,3,22,1,
1,17,14,1,2,
1,17,14,1,9,
1,17,14,1,9,15,16,18,2,3,
2,17,14,1,21,
1,17,14,2,29,
3,17,14,15,16,
1,17,14,15,16,10,11,30,
2,17,14,15,16,20,19,18,
1,17,14,15,18,
2,17,14,15,18,19,20,16,
1,17,14,15,20,
1,17,14,16,1,
3,17,14,16,15,
2,17,14,16,15,18,19,20,
1,17,14,16,15,20,
1,17,14,18,15,
2,17,14,18,20,
1,17,14,19,18,
1,17,14,19,18,20,16,15,
3,17,14,20,18,
1,17,14,21,2,1,7,22,
1,17,14,21,10,
1,17,14,25,1,7,
1,17,14,30,21,
1,17,15,14,18,19,20,1,16,2,3,5,6,7,8,9,10,11,12,13,4,30,
1,17,15,14,20,
1,17,15,16,14,
1,17,15,16,14,20,18,19,
1,17,15,16,18,
1,17,15,18,14,
1,17,15,18,19,
1,17,15,20,18,
1,17,16,14,19,
2,17,16,15,14,
1,17,16,15,18,20,19,14,
1,17,16,18,15,14,
1,17,18,15,14,16,19,20,
1,17,18,15,16,
2,17,18,19,20,
1,17,18,19,20,14,15,16,
1,17,18,19,20,16,15,14,
1,17,18,20,14,16,
1,17,18,20,14,19,16,15,
1,17,19,14,15,
1,17,19,18,15,
1,17,19,18,20,16,15,14,
2,17,20,14,15,
1,17,20,15,18,
1,17,20,18,16,15,14,19,
1,17,20,19,16,
1,17,21,1,14,
1,17,21,9,29,
1,17,21,14,1,2,7,22,
1,17,21,18,20,
1,17,21,20,14,19,15,16,18,22,23,24,25,26,27,30,28,29,
1,17,22,16,1,
2,17,22,18,16,15,19,20,1,14,2,3,4,5,6,7,8,9,10,11,12,13,29,28,27,26,25,24,23,21,30,
1,17,22,30,13,5,
1,17,24,2,11,
1,17,30,13,8,
1,18,2,25,11,
1,18,9,14,11,12,
1,18,9,21,5,
1,18,11,12,14,
1,18,12,11,5,
1,18,12,11,19,
1,18,12,11,22,25,4,9,20,7,1,10,23,28,30,
1,18,14,1,2,
1,18,14,15,16,17,
1,18,14,15,17,16,
1,18,14,15,19,
1,18,14,16,15,
1,18,14,16,20,
1,18,14,19,15,16,20,17,
1,18,14,19,20,
1,18,15,14,16,17,19,20,
1,18,15,14,16,20,
1,18,15,19,14,
2,18,16,14,20,
1,18,17,14,3,9,10,11,12,13,5,
1,18,17,19,14,
1,18,17,19,16,15,14,20,
1,18,19,5,12,
1,18,19,9,11,
1,18,19,9,11,12,13,5,
1,18,19,9,13,12,
1,18,19,11,12,13,
1,18,19,12,11,
1,18,19,12,11,13,
2,18,19,14,15,
2,18,19,14,20,
1,18,19,14,20,15,
1,18,19,14,20,17,
2,18,19,15,14,16,17,20,
1,18,19,15,16,
1,18,19,15,20,14,16,17,
1,18,19,16,12,13,11,9,
2,18,19,16,14,
2,18,19,16,15,
1,18,19,16,20,
2,18,19,17,14,
1,18,19,17,14,15,16,20,
1,18,19,17,14,15,20,16,
2,18,19,17,15,
1,18,19,17,16,
3,18,19,17,20,
2,18,19,20,14,
1,18,19,20,14,15,16,17,
1,18,19,20,16,
1,18,19,20,17,
1,18,19,20,17,14,15,16,
1,18,19,20,17,16,
1,18,19,22,25,
1,18,20,14,19,16,
1,18,20,17,16,15,
1,18,20,19,
2,18,20,19,14,
1,18,20,19,17,16,14,15,
1,18,22,5,10,28,
1,18,26,9,19,
1,18,26,30,11,
1,18,28,13,7,
1,18,30,14,1,
1,18,30,19,9,
1,19,8,9,29,
1,19,11,12,4,26,
1,19,14,15,17,
1,19,14,15,18,20,
2,19,14,18,20,
1,19,14,20,17,
1,19,14,20,18,17,16,15,
1,19,15,6,10,21,
1,19,15,16,17,
1,19,15,22,27,28,
1,19,16,14,15,
1,19,16,15,14,
1,19,17,14,15,
1,19,17,15,18,14,
2,19,18,11,12,
1,19,18,14,15,
1,19,18,14,15,16,
1,19,18,14,15,16,20,17,
1,19,18,14,17,
1,19,18,15,14,16,
1,19,18,15,14,16,17,20,
1,19,18,15,20,24,
2,19,18,16,14,
1,19,18,16,22,
1,19,18,17,15,
1,19,18,17,16,
1,19,18,17,16,15,
1,19,18,17,20,14,15,16,
1,19,18,17,20,16,
2,19,18,20,14,
1,19,18,20,17,
2,19,18,20,17,16,15,14,
1,19,18,30,20,
1,19,20,17,15,14,16,18,
1,19,20,18,14,15,
1,19,20,18,15,14,
1,19,20,18,17,
1,19,20,18,17,15,
1,19,22,17,7,
1,19,25,13,5,
1,19,30,6,21,
1,19,30,17,18,
1,19,30,17,20,
1,19,30,26,21,
1,20,8,29,13,
3,20,14,15,16,
1,20,14,17,15,
1,20,14,17,16,
1,20,14,18,11,
1,20,14,18,17,
1,20,14,18,19,
1,20,15,16,14,17,
1,20,15,17,19,14,16,
1,20,16,15,14,
1,20,17,14,15,18,
1,20,17,14,19,
1,20,17,14,19,18,15,
1,20,17,19,14,
1,20,18,16,14,15,17,19,
1,20,18,16,15,
1,20,18,16,15,14,
1,20,18,17,16,
1,20,18,19,17,
1,20,19,15,14,16,17,
2,20,19,18,17,
1,20,19,18,17,16,
1,20,21,25,24,17,14,10,26,28,29,
1,20,22,29,30,
1,20,26,23,21,
1,21,
1,21,1,2,3,4,
1,21,1,2,3,5,
1,21,1,2,10,
1,21,1,2,22,
1,21,1,3,15,
1,21,1,5,22,
1,21,1,7,14,
1,21,1,9,2,
2,21,1,9,14,
1,21,1,9,30,
1,21,1,9,30,22,
1,21,1,10,14,
1,21,1,13,20,
1,21,1,14,9,
1,21,1,14,16,
1,21,1,14,22,15,
1,21,1,14,29,
1,21,1,15,7,
1,21,1,15,7,3,
1,21,1,17,9,
1,21,1,17,10,
1,21,1,22,2,9,
1,21,1,22,2,23,24,25,26,27,28,29,
1,21,1,22,10,
1,21,1,22,14,
1,21,1,22,23,
1,21,1,22,23,24,25,26,27,28,29,2,3,4,5,
1,21,1,22,24,
1,21,1,22,24,26,29,2,
1,21,1,23,25,
1,21,1,24,14,26,
1,21,1,24,29,26,22,2,
1,21,1,25,7,
1,21,1,25,22,
1,21,1,26,29,
1,21,1,30,9,17,14,22,4,
1,21,2,1,14,4,
1,21,2,14,4,
1,21,2,22,23,
1,21,2,24,25,
1,21,4,2,24,28,
1,21,5,18,9,
2,21,9,1,14,
1,21,9,1,14,17,
1,21,9,1,22,
1,21,9,6,19,
1,21,9,14,1,
1,21,9,16,12,
1,21,10,1,4,
1,21,10,3,7,
1,21,14,1,12,
1,21,14,1,17,
1,21,14,1,22,2,3,16,
1,21,14,2,22,9,16,
1,21,14,3,16,
1,21,14,9,23,30,1,2,10,15,22,16,11,3,4,12,17,24,25,18,13,5,6,19,26,27,20,7,8,28,29,
1,21,14,9,30,
1,21,14,12,4,
1,21,14,16,22,
1,21,14,17,1,7,
1,21,14,17,22,23,24,25,26,
1,21,14,22,15,
1,21,14,22,26,30,
1,21,14,30,1,
1,21,14,30,15,
1,21,14,30,18,19,
1,21,14,30,22,
1,21,15,3,22,
1,21,15,16,3,
1,21,15,16,17,18,19,20,
1,21,15,16,22,
1,21,16,25,22,
2,21,17,1,4,
1,21,17,9,7,
1,21,17,12,5,
1,21,17,25,14,
1,21,17,26,12,4,
1,21,18,19,5,11,13,12,
1,21,18,19,30,10,7,17,
1,21,19,16,26,24,
1,21,20,10,1,
1,21,22,1,2,6,7,8,
1,21,22,1,2,23,24,25,26,27,28,29,30,3,4,5,6,7,8,9,10,11,12,13,14,15,16,17,18,19,20,
1,21,22,1,14,
1,21,22,1,17,
1,21,22,1,17,14,
1,21,22,7,23,24,25,26,
1,21,22,7,29,
1,21,22,9,25,30,26,29,1,7,
3,21,22,14,15,
1,21,22,15,18,
1,21,22,16,25,
1,21,22,16,27,
1,21,22,23,
1,21,22,23,1,2,3,4,
1,21,22,23,1,4,5,9,
36,21,22,23,24,
1,21,22,23,24,1,2,3,4,
1,21,22,23,24,15,17,18,1,14,25,2,30,9,26,16,5,
1,21,22,23,24,15,17,18,1,14,25,2,30,9,26,16,5,19,27,20,28,29,10,3,4,6,7,8,11,12,13,
1,21,22,23,24,17,
20,21,22,23,24,25,
1,21,22,23,24,25,26,27,
2594,21,22,23,24,25,26,27,28,29,
109,21,22,23,24,25,26,27,28,29,1,2,3,4,5,6,7,8,
8,21,22,23,24,25,26,27,28,29,1,2,3,4,5,6,7,8,9,10,11,12,13,
195,21,22,23,24,25,26,27,28,29,1,2,3,4,5,6,7,8,9,10,11,12,13,14,15,16,17,18,19,20,
6,21,22,23,24,25,26,27,28,29,1,2,3,4,5,6,7,8,14,15,16,17,18,19,20,
106,21,22,23,24,25,26,27,28,29,1,2,3,4,5,6,7,8,14,15,16,17,18,19,20,9,10,11,12,13,
45,21,22,23,24,25,26,27,28,29,9,10,11,12,13,
3,21,22,23,24,25,26,27,28,29,9,10,11,12,13,1,2,3,4,5,6,7,8,
65,21,22,23,24,25,26,27,28,29,9,10,11,12,13,1,2,3,4,5,6,7,8,14,15,16,17,18,19,20,
1,21,22,23,24,25,26,27,28,29,9,10,11,12,13,1,2,3,4,5,6,7,8,30,20,19,18,17,16,15,14,
2,21,22,23,24,25,26,27,28,29,9,10,11,12,13,14,15,16,17,18,19,20,
58,21,22,23,24,25,26,27,28,29,9,10,11,12,13,14,15,16,17,18,19,20,1,2,3,4,5,6,7,8,
118,21,22,23,24,25,26,27,28,29,14,15,16,17,18,19,20,
6,21,22,23,24,25,26,27,28,29,14,15,16,17,18,19,20,1,2,3,4,5,6,7,8,
114,21,22,23,24,25,26,27,28,29,14,15,16,17,18,19,20,1,2,3,4,5,6,7,8,9,10,11,12,13,
4,21,22,23,24,25,26,27,28,29,14,15,16,17,18,19,20,9,10,11,12,13,
147,21,22,23,24,25,26,27,28,29,14,15,16,17,18,19,20,9,10,11,12,13,1,2,3,4,5,6,7,8,
1,21,22,23,24,25,26,27,28,29,14,17,10,8,7,2,30,20,19,18,16,13,12,11,15,9,6,5,4,3,1,
1,21,22,23,24,25,26,27,28,29,30,13,12,11,10,9,8,7,6,5,4,3,2,1,20,19,18,17,16,15,14,
1,21,22,23,25,
1,21,22,23,25,24,26,
1,21,22,23,26,24,
2,21,22,23,29,
1,21,22,23,29,26,
5,21,22,23,30,
2,21,22,24,25,
1,21,22,24,27,23,25,26,28,29,
1,21,22,24,29,
1,21,22,25,4,
1,21,22,25,23,
1,21,22,25,24,23,
1,21,22,26,27,30,16,15,11,10,3,4,5,2,
1,21,22,26,28,
3,21,22,26,29,
1,21,22,27,28,
1,21,22,28,29,27,26,25,24,23,13,12,11,10,9,8,7,6,5,4,3,2,1,20,19,18,17,16,15,14,
1,21,22,29,23,
1,21,22,29,23,25,26,28,27,
2,21,22,29,25,
1,21,22,30,16,
1,21,22,30,23,
1,21,22,30,23,24,25,26,
1,21,23,20,9,5,
1,21,23,22,25,
2,21,23,24,22,
1,21,23,24,25,
1,21,23,24,26,22,
1,21,23,24,26,29,
1,21,23,25,22,
1,21,23,25,22,26,
1,21,23,25,22,26,28,29,24,27,30,
1,21,23,26,22,
1,21,23,26,28,22,29,24,25,27,
1,21,23,26,29,
1,21,23,27,22,
1,21,23,27,25,
1,21,23,28,29,26,
1,21,24,16,17,
1,21,24,23,22,
1,21,24,25,16,
1,21,24,25,26,
1,21,24,25,29,
1,21,24,26,22,
3,21,24,26,29,
1,21,24,27,22,
1,21,24,28,22,
1,21,24,28,29,
1,21,24,28,29,27,25,22,23,26,
1,21,24,29,23,1,2,7,8,
1,21,24,29,25,
1,21,25,9,1,
1,21,25,11,9,22,
1,21,25,17,16,
1,21,25,18,17,
2,21,25,22,23,
1,21,25,22,24,23,
1,21,25,23,16,30,
1,21,25,23,26,
1,21,25,23,27,
1,21,25,24,29,23,
1,21,25,26,27,29,
1,21,25,27,29,
1,21,25,28,29,
1,21,25,29,22,
1,21,25,29,24,26,
1,21,25,29,28,26,22,23,24,27,30,
1,21,26,17,10,22,
1,21,26,17,14,
1,21,26,24,23,
1,21,26,25,22,
1,21,26,28,22,24,
1,21,26,29,8,1,
1,21,26,29,22,
1,21,26,29,23,22,24,25,27,28,
2,21,26,29,25,
1,21,27,23,28,
1,21,27,26,25,28,29,24,23,22,
1,21,28,11,18,7,
1,21,28,25,23,
1,21,29,22,26,
2,21,29,24,26,
1,21,29,25,9,28,27,26,24,23,22,
1,21,29,25,27,
2,21,29,26,24,
1,21,29,28,27,
3,21,30,1,22,
1,21,30,4,22,
1,21,30,9,5,
1,21,30,9,10,
1,21,30,14,9,10,15,22,23,16,11,17,18,24,25,19,26,27,20,28,29,12,13,1,2,3,4,5,6,7,8,
1,21,30,15,16,11,
1,21,30,16,14,18,19,20,15,17,
1,21,30,22,1,9,
3,21,30,22,23,
1,21,30,22,23,24,25,26,
1,21,30,22,24,
1,21,30,22,29,
2,21,30,24,29,
1,21,30,27,26,
1,21,30,29,26,
1,22,
1,22,1,3,15,
1,22,1,9,12,
1,22,1,15,24,
2,22,1,23,24,
1,22,3,5,30,
1,22,3,9,16,21,
1,22,3,18,16,15,
1,22,3,23,24,
1,22,3,23,24,25,
1,22,4,7,24,1,
1,22,7,23,25,4,10,19,
1,22,7,25,30,
1,22,9,1,11,
1,22,9,14,15,
1,22,9,15,16,3,
1,22,9,21,16,
1,22,14,15,1,
1,22,14,15,3,
1,22,14,15,16,
1,22,14,15,25,
2,22,14,16,27,
1,22,15,3,7,17,25,24,
1,22,15,3,16,
1,22,15,3,25,16,30,
1,22,15,9,3,
1,22,15,9,27,16,
1,22,15,16,1,
1,22,15,16,3,
1,22,15,16,18,
2,22,15,16,27,
1,22,15,17,18,
1,22,15,21,14,
1,22,15,27,30,
1,22,16,3,2,
1,22,16,3,10,
1,22,16,3,27,
1,22,16,11,3,30,
1,22,16,11,15,
1,22,16,12,7,
1,22,16,15,17,
1,22,16,15,17,23,
2,22,16,15,27,
1,22,16,21,1,3,
1,22,16,27,15,14,
1,22,16,30,1,
1,22,18,16,19,
1,22,18,27,20,
1,22,18,28,11,3,7,
1,22,21,1,3,
1,22,21,1,3,29,25,5,7,27,23,2,4,24,28,6,11,8,10,12,13,9,20,19,18,17,16,15,14,30,26,
1,22,21,1,23,26,3,24,2,14,27,29,8,7,28,25,5,4,6,15,16,17,18,19,20,10,11,12,13,9,30,
1,22,21,15,1,
5,22,21,23,24,
1,22,21,23,24,25,26,27,28,29,
1,22,21,23,24,25,26,27,28,29,1,2,3,4,5,6,7,8,
1,22,21,23,27,
1,22,21,24,25,26,
1,22,21,26,27,28,
1,22,21,27,25,29,28,24,23,
47,22,23,24,25,
2,22,23,24,25,26,
1,22,23,24,25,29,
1,22,23,25,26,29,
2,22,23,25,27,
1,22,23,26,27,
1,22,23,27,21,
1,22,23,27,24,25,
1,22,23,27,28,24,
1,22,23,30,27,
1,22,24,4,12,
1,22,24,21,23,25,
1,22,24,21,26,
1,22,24,21,27,
1,22,24,23,26,
1,22,24,26,21,
2,22,24,26,28,
1,22,24,29,27,
1,22,25,23,24,28,
1,22,27,1,25,12,
1,22,27,9,15,
2,22,27,15,30,
1,22,27,16,6,
1,22,27,16,15,
3,22,27,21,23,
1,22,27,21,25,
1,22,27,23,21,
1,22,27,23,25,26,29,21,24,
1,22,27,24,25,
1,22,27,25,21,
1,22,27,25,23,
1,22,27,25,29,
1,22,27,28,21,
1,22,27,28,29,26,25,24,23,21,
1,22,27,29,25,
1,22,27,30,1,9,15,
1,22,27,30,16,
1,22,27,30,28,
1,22,28,15,16,3,
1,22,28,21,24,27,
1,22,30,16,15,9,8,27,
1,22,30,21,27,
1,22,30,25,29,
1,23,6,27,8,
1,23,12,11,13,
1,23,14,21,22,10,5,17,
1,23,21,22,24,
1,23,21,22,25,24,28,27,26,29,
1,23,22,21,24,25,
1,23,24,26,27,
1,23,25,17,14,
1,23,27,25,29,
1,23,27,29,16,
1,24,2,4,1,
1,24,2,4,6,
1,24,2,6,29,
1,24,10,18,6,11,26,1,21,13,20,
1,24,17,4,6,
1,24,17,12,6,13,
1,24,21,22,2,
1,24,21,23,29,22,25,26,27,28,
1,24,23,22,25,21,26,27,28,29,30,
1,24,23,25,18,
1,24,25,22,23,21,26,27,29,28,
1,24,26,27,22,
1,24,26,28,29,27,
1,24,26,29,21,
1,25,
1,25,1,6,30,
1,25,5,7,18,30,22,
1,25,9,1,18,
1,25,13,17,11,
1,25,17,10,2,
1,25,22,29,24,
1,25,23,24,22,
1,25,23,27,22,
1,25,23,27,29,
1,25,24,23,22,
1,25,24,26,27,
1,25,26,9,30,
1,25,26,21,29,
1,25,26,22,21,
1,25,26,27,28,29,30,21,22,23,24,9,10,11,12,13,14,15,16,17,18,19,20,1,2,3,4,5,6,7,8,
1,25,27,23,22,26,29,28,21,30,24,
1,25,28,29,27,23,22,26,21,30,24,
1,25,29,21,23,
1,25,29,26,21,
1,25,29,28,21,24,
1,25,30,22,23,
1,26,21,20,11,10,
1,26,21,29,22,
1,26,23,21,24,
1,26,23,28,29,
1,26,24,25,27,
1,26,25,24,23,22,21,27,28,29,30,1,2,3,4,5,6,7,8,9,10,11,12,13,14,15,16,17,18,19,20,
1,26,28,29,24,21,23,22,25,27,
1,26,29,21,22,23,24,25,27,28,30,
1,27,3,15,1,
1,27,15,9,16,
1,27,15,16,22,3,17,14,18,19,20,
1,27,21,22,30,
1,27,22,15,16,
1,27,22,15,16,3,17,14,9,18,19,20,
1,27,22,21,3,15,
1,27,22,21,24,25,26,28,29,23,
1,27,22,23,24,
1,27,24,22,29,
1,27,24,25,23,
1,28,12,7,25,
1,28,14,1,9,30,
1,28,23,30,17,11,25,26,
1,28,27,12,9,
1,29,1,10,14,
1,29,4,21,17,
1,29,8,28,7,27,6,26,5,25,4,24,3,23,2,22,1,21,13,12,11,10,9,
1,29,8,28,24,
1,29,13,8,20,28,
1,29,14,13,7,
1,29,21,24,22,
1,29,21,24,26,
1,29,21,26,8,
1,29,21,26,24,25,
1,29,22,21,24,23,14,17,
1,29,24,17,10,
1,29,24,21,26,10,8,
1,29,25,21,26,
1,29,26,8,1,17,25,22,21,10,
1,29,26,10,21,
1,29,28,25,23,
1,29,28,27,1,
1,29,28,27,26,25,24,23,22,21,30,13,12,11,10,20,19,18,17,16,15,14,9,8,7,6,5,4,3,2,1,
1,29,30,17,28,
2,30,
11,30,1,2,3,
2,30,1,2,3,4,
1,30,1,2,3,4,5,6,7,8,
1,30,1,2,3,4,5,6,7,8,9,10,11,12,13,20,19,18,17,16,15,14,29,28,27,26,25,24,23,22,21,
1,30,1,2,4,
1,30,1,2,5,11,14,22,
1,30,1,2,8,
1,30,1,2,20,
1,30,1,3,19,
1,30,1,4,3,
1,30,1,4,7,
1,30,1,4,8,
2,30,1,4,21,26,
1,30,1,5,9,
1,30,1,5,11,21,
2,30,1,5,14,
2,30,1,7,21,
1,30,1,7,25,
1,30,1,9,4,
2,30,1,9,14,
2,30,1,9,14,21,
1,30,1,9,14,21,2,10,
1,30,1,9,15,
2,30,1,9,21,
1,30,1,14,7,
1,30,1,14,9,21,
1,30,1,14,10,
1,30,1,14,25,22,
1,30,1,15,
1,30,1,16,13,
1,30,1,17,4,
1,30,1,17,14,
1,30,1,21,2,
1,30,1,21,6,9,29,14,
1,30,1,21,9,
1,30,1,21,9,14,
4,30,1,21,14,
1,30,1,21,22,
1,30,1,21,22,4,
2,30,1,21,22,23,
1,30,1,21,26,5,
1,30,1,21,29,
1,30,1,23,8,
1,30,1,29,8,
1,30,1,29,24,
1,30,2,1,4,
1,30,2,1,6,8,7,4,5,3,21,22,23,24,25,26,27,28,29,
2,30,2,3,4,
1,30,2,4,1,
3,30,2,4,6,
2,30,2,4,24,
1,30,2,7,8,
2,30,2,10,13,
1,30,2,11,15,24,
1,30,2,11,16,22,
1,30,2,24,4,
1,30,3,4,9,
1,30,4,2,24,
1,30,4,3,5,
1,30,4,7,8,
1,30,4,14,25,
1,30,4,24,25,
1,30,5,13,19,
1,30,5,13,25,
1,30,5,26,22,
1,30,6,18,19,
1,30,7,1,8,
1,30,7,4,1,6,
1,30,7,6,5,
1,30,7,8,1,
1,30,7,21,9,1,14,22,
1,30,9,1,10,
1,30,9,1,14,
1,30,9,1,19,
2,30,9,1,21,
7,30,9,10,11,
2,30,9,10,11,12,
2,30,9,10,11,12,13,
1,30,9,10,12,11,13,
1,30,9,10,23,
7,30,9,11,12,
4,30,9,11,12,13,
1,30,9,11,13,
1,30,9,11,25,12,22,10,5,18,19,16,14,23,27,28,
1,30,9,12,1,
1,30,9,12,10,
1,30,9,12,11,
1,30,9,12,13,
1,30,9,13,21,
2,30,9,14,1,21,
1,30,9,14,5,
1,30,9,17,10,
1,30,9,18,21,10,
2,30,9,19,21,
3,30,9,21,1,
1,30,9,21,1,14,
1,30,9,21,11,
1,30,9,21,12,2,14,
2,30,9,21,14,1,
1,30,9,21,14,18,5,10,11,19,
1,30,9,21,19,18,
1,30,9,22,18,
1,30,9,22,23,
1,30,9,22,25,
1,30,9,24,6,
1,30,9,26,5,
1,30,9,26,29,
1,30,9,29,16,
1,30,10,14,1,
1,30,10,17,26,
1,30,10,18,23,
1,30,11,5,9,
1,30,11,9,1,
1,30,11,9,12,
1,30,11,10,1,
1,30,11,10,9,
1,30,11,12,5,
1,30,11,12,5,18,19,
1,30,11,12,9,
2,30,11,12,13,
1,30,11,12,13,9,10,
1,30,11,12,13,9,18,19,5,
1,30,11,12,13,18,
1,30,11,12,13,21,22,23,24,25,26,27,28,29,9,10,14,15,16,17,18,19,20,1,2,3,4,5,6,7,8,
1,30,11,12,19,
1,30,11,13,12,
1,30,11,18,5,
1,30,11,25,1,
1,30,12,1,2,
1,30,12,5,18,9,
1,30,12,5,18,13,
1,30,12,9,11,13,
1,30,12,10,5,
1,30,12,11,13,
1,30,12,18,5,
1,30,12,19,18,
1,30,13,8,20,
1,30,13,9,11,12,
1,30,13,11,12,5,
4,30,13,12,11,
1,30,13,12,11,10,
1,30,14,1,9,21,
1,30,14,1,21,
1,30,14,1,21,9,
1,30,14,5,9,
1,30,14,7,24,21,
1,30,14,9,5,
1,30,14,9,11,
1,30,14,10,7,
1,30,14,11,22,1,
1,30,14,13,2,
2,30,14,15,16,
2,30,14,15,16,17,18,19,20,
1,30,14,17,8,
1,30,14,17,15,
1,30,14,18,17,
1,30,14,18,19,
1,30,14,19,18,
2,30,14,19,20,
1,30,14,21,1,
1,30,14,21,1,9,
1,30,14,21,9,
1,30,14,21,17,
1,30,15,1,21,
1,30,15,11,5,29,
1,30,15,14,16,
1,30,15,14,17,
1,30,15,14,21,
1,30,15,16,24,
1,30,15,18,11,
1,30,15,27,3,22,16,1,
1,30,16,7,20,
1,30,16,12,8,
1,30,16,14,11,
1,30,16,22,1,
1,30,16,25,22,
1,30,17,14,26,
1,30,17,18,25,
1,30,17,20,1,26,
1,30,17,29,12,
1,30,18,9,14,
1,30,18,11,7,
1,30,18,11,13,9,
1,30,18,12,5,
1,30,18,12,13,
1,30,18,15,14,
1,30,18,15,20,
1,30,18,19,12,
1,30,18,19,13,11,12,21,14,
3,30,18,19,14,
1,30,18,19,17,
4,30,18,19,20,
1,30,18,19,22,13,
1,30,18,19,26,21,
1,30,18,21,22,
1,30,18,21,25,13,
1,30,18,29,19,
1,30,19,11,5,
1,30,19,12,5,
1,30,19,12,11,5,
1,30,19,13,5,
1,30,19,14,20,
1,30,19,14,21,
1,30,19,16,15,
1,30,19,18,11,
1,30,19,18,11,9,
1,30,19,18,12,
1,30,19,18,17,
1,30,19,20,18,
1,30,19,21,1,
1,30,19,22,28,29,
1,30,19,25,1,
1,30,19,26,29,
1,30,19,29,9,
1,30,21,1,2,
1,30,21,1,4,
6,30,21,1,9,
1,30,21,1,14,26,
3,30,21,1,22,
3,30,21,2,4,
1,30,21,8,22,
6,30,21,9,1,
1,30,21,9,1,14,
1,30,21,9,2,
1,30,21,9,11,
2,30,21,9,14,1,
1,30,21,9,18,
1,30,21,10,2,14,
1,30,21,10,18,
1,30,21,11,7,
1,30,21,11,24,
1,30,21,11,24,26,
3,30,21,14,1,
4,30,21,14,9,
3,30,21,14,9,1,
1,30,21,14,10,
1,30,21,14,19,
1,30,21,14,22,23,
1,30,21,15,11,
1,30,21,15,22,23,
6,30,21,22,1,
1,30,21,22,7,
1,30,21,22,14,10,
274,30,21,22,23,
1,30,21,22,23,1,
1,30,21,22,23,1,2,7,
2,30,21,22,23,9,
1,30,21,22,23,16,17,
8,30,21,22,23,24,
1,30,21,22,23,24,1,2,
1,30,21,22,23,24,25,
4,30,21,22,23,24,25,26,
1,30,21,22,23,24,25,26,27,
7,30,21,22,23,24,25,26,27,28,29,
1,30,21,22,23,24,25,26,27,28,29,1,2,3,4,5,6,7,
1,30,21,22,23,24,25,26,27,28,29,1,2,3,4,5,6,7,8,9,10,11,12,13,14,20,19,18,17,16,15,
1,30,21,22,23,24,25,26,27,28,29,9,10,11,12,13,1,2,3,4,5,6,7,8,14,15,16,17,18,19,20,
1,30,21,22,23,24,25,26,27,28,29,14,15,16,17,18,19,20,9,10,11,12,13,
1,30,21,22,23,25,27,24,26,28,29,
1,30,21,22,24,
2,30,21,22,25,
3,30,21,22,26,
1,30,21,22,29,
1,30,21,23,22,24,25,26,27,28,29,
1,30,21,23,22,25,24,27,26,28,29,
1,30,21,23,22,26,28,25,29,24,27,
1,30,21,23,24,
1,30,21,23,25,
1,30,21,23,26,
1,30,21,23,28,
1,30,21,24,14,
1,30,21,24,25,
2,30,21,24,26,
1,30,21,24,28,
1,30,21,24,29,25,
1,30,21,25,9,
1,30,21,25,17,
1,30,21,25,20,7,
1,30,21,25,22,
1,30,21,25,24,
2,30,21,25,26,
1,30,21,25,27,
2,30,21,25,29,
1,30,21,26,14,
1,30,21,26,23,
1,30,21,26,28,
3,30,21,26,29,
1,30,21,26,29,22,
1,30,21,28,23,
1,30,21,29,1,
1,30,21,29,18,
3,30,21,29,25,
2,30,21,29,26,
1,30,22,3,10,
1,30,22,3,11,
1,30,22,9,16,
2,30,22,15,10,
1,30,22,15,11,2,
1,30,22,16,12,
2,30,22,16,13,
1,30,22,17,11,5,
1,30,22,18,12,3,
1,30,22,18,16,4,
1,30,22,21,23,24,
1,30,22,21,27,
1,30,22,23,21,
1,30,22,23,24,25,26,27,28,29,21,16,17,18,19,20,9,10,11,12,13,
1,30,22,23,26,
1,30,22,23,27,
2,30,22,24,26,
1,30,22,24,29,
1,30,22,25,10,
1,30,22,25,23,
1,30,22,25,26,
1,30,22,25,27,
1,30,22,25,29,
1,30,22,26,27,29,
1,30,22,28,26,
1,30,23,12,5,
1,30,23,12,7,
1,30,23,17,11,1,
2,30,23,24,25,
1,30,23,25,22,
1,30,23,25,26,
1,30,23,25,28,
1,30,23,26,27,
1,30,23,26,27,22,
1,30,24,2,26,
1,30,24,11,9,21,
1,30,24,18,12,
1,30,24,19,10,
1,30,24,20,11,12,13,9,5,
2,30,24,25,26,
1,30,24,25,29,
1,30,24,26,28,
1,30,25,14,7,
1,30,25,21,29,
1,30,25,22,23,
1,30,25,23,21,
1,30,25,23,22,
1,30,25,23,22,24,21,28,
1,30,25,24,10,
1,30,25,27,4,1,
1,30,25,27,12,
1,30,25,28,23,21,
1,30,25,29,21,
1,30,25,29,28,
1,30,26,18,27,
1,30,26,20,2,
1,30,26,23,21,
1,30,26,24,22,
1,30,26,25,22,9,8,
1,30,26,27,28,
2,30,26,28,29,
1,30,27,15,3,22,
1,30,27,16,22,
1,30,27,22,21,
1,30,27,22,24,
2,30,27,23,28,
1,30,27,25,26,23,
1,30,28,1,10,
1,30,28,21,22,
1,30,28,21,25,
1,30,28,26,21,24,
1,30,29,8,13,
1,30,29,8,20,
1,30,29,8,28,
1,30,29,10,7,25,14,23,
1,30,29,13,8,
1,30,29,19,18,12,25,11,
1,30,29,20,13,
1,30,29,20,13,8,
1,30,29,22,21,
1,30,29,22,26,
2,30,29,24,22,
1,30,29,26,22,
1,30,29,26,22,10,21,25,28,27,24,23,9,11,12,13,1,2,3,4,5,6,7,8,14,15,16,17,18,19,20,
1,30,29,26,22,23,21,27,28,25,24,
1,30,29,26,25,
1,30,29,28,8,
1,30,29,28,25,
4,30,29,28,27,
1,30,29,28,27,26,
Candidate 1,HALL Nella,NELLA HALL INDEPENDENTS,
Candidate 2,GEORGES Bakhos,NELLA HALL INDEPENDENTS,
Candidate 3,BHATIA Harpreet,NELLA HALL INDEPENDENTS,
Candidate 4,SAAD Monique,NELLA HALL INDEPENDENTS,
Candidate 5,LIANG Jack,NELLA HALL INDEPENDENTS,
Candidate 6,CAN Yakub,NELLA HALL INDEPENDENTS,
Candidate 7,GIAMMARCO Patricia,NELLA HALL INDEPENDENTS,
Candidate 8,EATON Nigel,NELLA HALL INDEPENDENTS,
Candidate 9,CAI Benjamin,B,
Candidate 10,BANKS Rhonda,B,
Candidate 11,ZHANG Chi,B,
Candidate 12,LIN Cai,B,
Candidate 13,SHANG Lifeng,B,
Candidate 14,PENSABENE Karen,LABOR,
Candidate 15,MAHESWARAN Sharangan,LABOR,
Candidate 16,DATTA Raj,LABOR,
Candidate 17,DUGGAN Maryanne,LABOR,
Candidate 18,LU Andy,LABOR,
Candidate 19,YUN Su Cha,LABOR,
Candidate 20,KOLESNIKOFF Joshua,LABOR,
Candidate 21,BLACKMORE Matthew,STRATHFIELD INDEPENDENTS,
Candidate 22,REDDY Sandy,STRATHFIELD INDEPENDENTS,
Candidate 23,GIANNONE Martika,STRATHFIELD INDEPENDENTS,
Candidate 24,SHEHADIE James,STRATHFIELD INDEPENDENTS,
Candidate 25,APOSTLE Helen,STRATHFIELD INDEPENDENTS,
Candidate 26,FORD Dale,STRATHFIELD INDEPENDENTS,
Candidate 27,ANANDULA Venkat,STRATHFIELD INDEPENDENTS,
Candidate 28,LALLI Paul,STRATHFIELD INDEPENDENTS,
Candidate 29,SMITH Adam,STRATHFIELD INDEPENDENTS,
Candidate 30,KIM Vanessa,UNGROUPED CANDIDATES,
NSW Local Government 2021 Strathfield,
