27,9,
742,1,2,3,4,5,
1,1,2,3,4,5,6,7,8,9,10,
15,1,2,3,4,5,6,7,8,9,10,11,
6,1,2,3,4,5,6,7,8,9,10,11,12,13,14,15,16,17,18,
38,1,2,3,4,5,6,7,8,9,10,11,12,13,14,15,16,17,18,19,20,21,22,23,
1,1,2,3,4,5,6,7,8,9,10,11,12,13,14,15,16,17,18,19,20,21,22,23,24,25,26,27,
3,1,2,3,4,5,6,7,8,9,10,11,19,20,21,22,23,
11,1,2,3,4,5,6,7,8,9,10,11,19,20,21,22,23,12,13,14,15,16,17,18,
1,1,2,3,4,5,12,13,
13,1,2,3,4,5,12,13,14,15,16,17,18,
26,1,2,3,4,5,12,13,14,15,16,17,18,6,7,8,9,10,11,19,20,21,22,23,
97,1,2,3,4,5,12,13,14,15,16,17,18,19,20,21,22,23,
24,1,2,3,4,5,12,13,14,15,16,17,18,19,20,21,22,23,6,7,8,9,10,11,
1,1,2,3,4,5,12,13,25,19,
1,1,2,3,4,5,12,13,26,
21,1,2,3,4,5,12,13,26,19,
1,1,2,3,4,5,12,13,26,19,27,21,8,10,7,14,6,20,
1,1,2,3,4,5,12,18,17,22,
1,1,2,3,4,5,19,20,21,22,
10,1,2,3,4,5,19,20,21,22,23,
1,1,2,3,4,5,19,20,21,22,23,6,7,8,9,10,11,
12,1,2,3,4,5,19,20,21,22,23,6,7,8,9,10,11,12,13,14,15,16,17,18,
4,1,2,3,4,5,19,20,21,22,23,12,13,14,15,16,17,18,
17,1,2,3,4,5,19,20,21,22,23,12,13,14,15,16,17,18,6,7,8,9,10,11,
1,1,2,3,4,5,24,19,12,25,
1,1,2,3,4,5,27,26,25,24,
1,1,2,3,4,25,
1,1,2,3,12,13,14,15,16,17,
1,1,2,3,12,13,14,19,25,20,4,5,15,16,17,18,21,22,23,26,11,10,9,8,7,6,24,27,
1,1,2,3,12,19,20,
1,1,2,5,4,3,12,13,26,19,
1,1,2,12,6,7,13,
1,1,2,19,18,3,4,5,
1,1,2,19,25,13,22,23,3,4,5,
1,1,2,22,23,12,
1,1,2,25,3,4,5,
1,1,2,25,22,23,10,26,24,27,19,20,21,12,6,13,7,14,8,15,9,11,16,17,18,3,4,5,
1,1,3,2,4,6,
1,1,3,2,5,4,
1,1,3,5,4,2,
1,1,3,6,9,8,
1,1,4,
2,1,4,2,3,5,
1,1,4,2,5,3,
1,1,4,5,2,3,
1,1,4,5,3,2,
1,1,4,5,3,2,23,
1,1,5,2,3,4,
1,1,5,2,4,3,
1,1,5,3,4,2,
1,1,5,4,2,3,
1,1,6,10,22,26,
4,1,6,12,19,24,
1,1,7,8,14,15,22,21,24,26,
1,1,7,9,14,22,23,25,26,27,15,
1,1,7,13,20,25,
1,1,7,17,19,24,
1,1,10,24,7,22,26,2,3,4,5,20,21,6,9,12,
1,1,11,12,22,27,
1,1,12,6,19,25,
1,1,12,13,2,3,4,5,14,15,16,17,18,19,20,21,22,23,
1,1,12,14,19,27,
1,1,12,19,6,24,
1,1,12,19,13,21,25,20,14,26,
1,1,12,19,27,25,26,2,3,4,5,
1,1,13,2,4,5,3,25,26,15,21,17,16,18,14,22,12,20,23,7,9,10,8,6,11,19,24,27,
1,1,13,14,21,9,3,12,25,22,19,16,7,4,5,6,17,23,15,11,26,24,20,18,27,10,2,8,
1,1,14,20,17,12,
1,1,18,13,19,22,23,2,20,12,3,4,5,14,15,16,17,25,26,21,6,7,8,9,10,11,24,27,
1,1,18,19,16,27,25,12,21,13,
1,1,18,27,10,12,
1,1,19,2,4,5,12,13,26,3,18,17,14,
1,1,19,20,27,21,
1,1,19,25,13,6,26,12,5,14,
1,1,22,4,12,13,23,20,27,19,
1,1,24,20,5,27,2,4,21,3,9,13,
1,1,24,25,26,27,
1,1,25,19,16,12,
1,1,25,19,21,11,16,2,20,10,
1,1,27,2,3,4,5,
1,1,27,18,6,24,7,19,
1,1,27,24,7,5,
5,2,1,3,4,5,
1,2,1,3,4,5,12,13,26,19,
1,2,1,4,3,5,12,24,19,13,
1,2,1,4,5,3,
3,2,1,5,4,3,
1,2,1,12,7,24,20,19,21,22,27,18,11,3,8,9,6,10,13,17,25,14,26,16,15,4,5,
3,2,3,1,4,5,
1,2,3,4,5,1,12,13,18,17,16,15,14,11,10,9,8,7,6,23,22,21,20,19,26,25,24,27,
1,2,4,5,22,12,
1,2,5,1,3,4,
1,2,5,4,3,1,
1,2,8,9,12,16,
1,2,8,10,3,9,
1,2,8,10,27,7,4,3,12,13,
1,2,9,15,19,26,
1,2,11,5,1,4,
1,2,13,19,1,3,4,5,12,14,15,16,17,18,20,21,22,23,
1,2,17,11,7,27,9,4,16,20,14,8,21,19,23,25,5,22,10,15,18,26,3,1,13,6,12,24,
1,2,19,13,22,8,
1,2,24,25,26,27,
1,2,25,19,8,22,
1,3,1,2,4,5,
1,3,1,5,2,4,
1,3,4,5,19,22,12,23,20,21,1,2,18,17,16,15,14,13,9,8,7,6,24,25,26,10,27,11,
1,3,8,16,20,6,13,23,25,27,2,
1,3,9,23,21,16,
1,3,10,27,21,15,
1,4,1,2,3,5,
1,4,2,3,5,1,
1,4,2,5,1,3,
1,4,2,5,3,1,
1,4,5,1,2,3,12,13,14,15,16,17,18,
1,4,5,3,2,13,1,12,26,19,
1,4,5,12,14,18,16,22,1,6,13,19,2,
1,4,5,16,18,24,
1,4,5,17,18,12,
1,4,5,22,12,17,18,16,14,
1,4,5,22,17,18,14,16,12,
1,4,5,25,27,8,
1,4,5,27,26,24,
1,4,7,15,19,25,
1,4,8,24,21,27,
1,4,11,25,9,3,
1,4,13,5,12,2,3,1,19,26,
1,4,14,17,25,1,
1,4,25,5,26,19,1,21,3,12,
1,4,25,5,26,19,1,21,3,12,2,20,22,23,18,17,16,15,14,13,8,24,11,10,9,7,6,27,
1,5,1,2,3,4,
1,5,1,2,3,4,12,13,26,19,
1,5,1,2,3,4,25,24,26,19,14,
1,5,1,4,2,3,
2,5,1,8,4,24,
1,5,1,14,25,4,
1,5,2,1,4,3,
1,5,2,4,1,3,
3,5,4,1,2,3,
1,5,4,1,14,17,
1,5,4,2,3,1,
2,5,4,3,2,1,
1,5,4,3,2,1,11,10,9,8,7,6,12,18,17,13,14,16,15,19,23,
1,5,4,14,17,25,
1,5,4,17,1,2,3,13,25,16,
1,5,4,22,12,17,
1,5,4,24,26,2,1,3,
1,5,4,25,26,8,
1,5,4,25,26,14,
1,5,6,7,8,9,10,11,
1,5,11,10,9,8,7,6,
1,5,11,17,16,10,
1,5,11,17,23,19,
1,5,13,12,17,4,
1,5,13,25,26,27,
1,5,13,27,25,8,
1,5,14,1,2,22,24,25,12,17,18,
2,5,14,1,17,26,
1,5,14,1,26,9,2,4,7,6,
2,5,14,16,18,22,4,17,
1,5,14,26,1,13,17,12,15,16,18,
1,5,19,25,23,18,
1,5,25,4,17,14,
1,5,25,14,17,26,12,13,15,16,
1,5,25,17,26,14,
1,5,25,26,7,23,21,
1,5,26,25,17,14,
1,5,27,24,25,26,
1,6,4,8,26,19,
13,6,7,8,9,10,
1158,6,7,8,9,10,11,
10,6,7,8,9,10,11,1,2,3,4,5,
3,6,7,8,9,10,11,1,2,3,4,5,12,13,14,15,16,17,18,
18,6,7,8,9,10,11,1,2,3,4,5,12,13,14,15,16,17,18,19,20,21,22,23,
1,6,7,8,9,10,11,1,2,3,4,5,19,20,21,22,23,
12,6,7,8,9,10,11,1,2,3,4,5,19,20,21,22,23,12,13,14,15,16,17,18,
1,6,7,8,9,10,11,5,
6,6,7,8,9,10,11,12,13,14,15,16,17,18,
2,6,7,8,9,10,11,12,13,14,15,16,17,18,1,2,3,4,5,
12,6,7,8,9,10,11,12,13,14,15,16,17,18,1,2,3,4,5,19,20,21,22,23,
11,6,7,8,9,10,11,12,13,14,15,16,17,18,19,20,21,22,23,
39,6,7,8,9,10,11,12,13,14,15,16,17,18,19,20,21,22,23,1,2,3,4,5,
1,6,7,8,9,10,11,13,12,14,15,16,17,18,
1,6,7,8,9,10,11,19,20,21,
23,6,7,8,9,10,11,19,20,21,22,23,
3,6,7,8,9,10,11,19,20,21,22,23,1,2,3,4,5,
14,6,7,8,9,10,11,19,20,21,22,23,1,2,3,4,5,12,13,14,15,16,17,18,
12,6,7,8,9,10,11,19,20,21,22,23,12,13,14,15,16,17,18,
49,6,7,8,9,10,11,19,20,21,22,23,12,13,14,15,16,17,18,1,2,3,4,5,
3,6,7,8,9,10,11,24,25,26,27,
1,6,7,8,9,10,11,24,25,26,27,19,20,21,22,23,12,13,14,15,16,17,18,1,2,3,4,5,
1,6,7,8,9,10,11,24,26,
1,6,7,8,9,10,11,24,26,19,
1,6,7,8,9,10,11,24,26,27,
1,6,7,8,9,10,11,24,27,26,
1,6,7,8,9,10,11,26,
1,6,7,8,9,10,11,26,27,24,
1,6,7,8,9,10,11,27,
3,6,7,8,9,10,11,27,24,
1,6,7,8,9,10,11,27,26,24,
1,6,7,8,19,24,26,22,25,
1,6,7,8,24,27,9,10,11,19,20,21,22,23,12,13,14,25,26,15,16,17,18,1,2,3,4,5,
1,6,7,8,24,27,9,10,11,26,25,19,20,21,22,23,12,13,14,15,16,17,18,5,4,3,2,1,
1,6,7,8,27,9,
1,6,7,10,11,19,21,20,22,23,13,15,26,5,4,3,2,1,16,12,14,17,18,24,9,27,25,8,
1,6,7,19,11,26,8,10,20,
2,6,7,24,8,27,25,10,11,26,9,
1,6,7,24,26,8,10,25,27,9,11,19,21,20,22,23,4,2,1,14,3,12,5,13,15,16,17,18,
1,6,7,24,27,12,
1,6,7,27,24,1,
1,6,7,27,24,8,9,10,11,1,
1,6,8,7,9,10,
2,6,8,7,9,10,11,
1,6,8,7,9,11,10,
1,6,8,9,10,11,
1,6,8,9,11,10,
1,6,8,9,27,15,19,26,7,12,18,22,
1,6,8,10,7,11,9,
1,6,8,10,9,7,11,
1,6,8,10,14,12,19,21,22,23,
1,6,8,25,16,7,9,10,12,24,
1,6,11,10,7,8,
1,6,11,21,16,8,22,24,27,25,
1,6,12,1,19,11,
1,6,12,7,25,10,
1,6,12,7,26,13,1,
1,6,12,19,24,1,
1,6,13,22,14,15,
1,6,13,25,18,9,19,21,27,24,
1,6,16,21,19,11,13,12,14,17,
1,6,19,1,26,21,
1,6,19,7,8,9,10,11,
1,6,19,7,8,9,10,11,21,23,
1,6,19,17,25,12,27,18,16,14,13,15,20,21,22,23,7,8,9,10,11,1,26,2,3,4,5,24,
1,6,19,24,27,26,
1,6,19,26,11,7,8,9,10,20,23,
1,6,22,19,24,25,
1,6,24,10,11,7,
1,6,27,24,7,1,
1,6,27,24,7,8,
1,6,27,24,9,10,19,7,8,13,
1,7,1,2,3,4,
1,7,1,2,6,9,
1,7,1,3,16,20,
1,7,1,4,9,8,6,10,11,5,3,2,12,13,14,15,16,17,18,19,20,21,22,23,24,25,26,27,
1,7,3,15,22,27,
1,7,4,13,22,24,
3,7,6,8,9,10,
7,7,6,8,9,10,11,
1,7,6,8,10,11,19,
1,7,6,8,10,11,19,20,21,22,23,24,25,26,27,12,13,14,15,16,17,18,9,1,2,3,4,5,
2,7,6,9,8,10,11,
1,7,6,9,11,10,8,
1,7,8,5,27,24,
1,7,8,6,9,10,11,
1,7,8,9,6,10,11,
3,7,8,9,10,11,6,
1,7,8,9,10,11,6,24,25,26,27,19,20,21,22,23,1,2,3,4,5,12,13,14,15,16,17,18,
1,7,8,10,9,6,11,
1,7,8,10,13,9,
1,7,8,26,25,23,
1,7,9,6,8,10,11,
1,7,9,6,11,8,10,
1,7,9,8,
1,7,9,8,6,10,11,
1,7,9,10,11,8,6,
1,7,9,11,6,8,10,
1,7,10,8,9,11,6,
1,7,10,9,8,6,
1,7,10,9,8,6,11,
1,7,10,11,9,8,6,
1,7,11,4,5,14,
1,7,11,6,8,10,9,
1,7,11,13,24,10,
1,7,13,9,6,11,
1,7,13,24,26,25,
1,7,13,27,26,25,24,1,2,3,4,5,12,14,15,16,17,18,6,8,9,10,11,19,20,21,22,23,
1,7,14,12,18,11,16,
1,7,15,17,20,2,1,
1,7,16,19,10,21,
1,7,17,25,14,27,24,22,12,11,16,4,5,19,23,20,13,6,8,9,15,26,21,18,10,1,2,3,
1,7,19,26,27,11,10,
1,7,24,8,27,6,
1,7,26,24,19,3,
1,8,6,7,9,10,
2,8,6,7,9,10,11,24,25,26,
1,8,6,7,9,10,11,24,26,1,2,3,4,5,19,20,21,22,23,12,13,14,15,16,17,18,25,27,
1,8,6,7,10,9,11,24,19,26,1,23,22,20,21,5,4,2,3,17,18,16,15,14,13,12,25,27,
1,8,6,10,7,9,11,24,26,19,20,21,22,23,5,4,3,2,1,18,17,16,15,14,13,12,25,27,
1,8,6,11,9,7,10,
1,8,6,25,7,26,9,10,11,24,27,
1,8,6,26,25,24,7,9,10,11,
3,8,7,6,9,10,
3,8,7,6,9,10,11,
1,8,7,6,25,19,20,12,1,2,13,14,15,3,4,5,9,10,11,16,17,18,21,22,23,26,27,24,
1,8,7,9,10,6,
1,8,7,12,15,22,
1,8,9,7,6,10,11,
1,8,9,7,6,10,11,26,21,23,
1,8,9,7,10,11,6,26,18,5,
1,8,9,7,11,6,
1,8,9,10,7,6,11,
1,8,9,10,11,6,7,
1,8,9,10,11,7,6,
1,8,9,10,27,24,6,7,11,
1,8,9,24,25,27,14,10,
1,8,10,7,9,6,
1,8,10,9,6,7,
2,8,10,9,6,7,11,
1,8,10,9,6,7,11,19,24,26,1,23,22,20,21,5,4,2,3,18,17,16,15,14,13,12,25,27,
1,8,10,9,11,6,7,19,24,26,1,23,22,20,21,5,4,2,3,18,17,16,15,14,13,12,25,27,
1,8,10,11,6,9,
1,8,10,11,7,9,
1,8,10,19,23,27,4,5,14,16,7,
1,8,10,25,24,9,6,7,11,
1,8,10,25,26,24,
1,8,10,25,26,27,
1,8,10,26,6,7,9,11,
1,8,11,7,6,9,10,
1,8,11,10,6,7,
2,8,11,10,9,7,6,
1,8,14,17,12,25,
1,8,14,26,24,17,
1,8,17,14,13,25,
1,8,17,14,25,24,
1,8,17,14,25,26,
1,8,19,13,16,10,
2,8,19,26,6,10,22,20,11,21,
5,8,23,6,21,24,11,19,10,7,
1,8,24,6,7,27,10,11,9,26,
1,8,24,6,26,25,
1,8,24,9,10,11,27,
1,8,24,10,25,26,
1,8,24,25,26,1,
3,8,24,25,26,27,
2,8,24,27,7,6,
1,8,24,27,9,26,
1,8,25,13,14,26,27,11,10,19,
1,8,25,14,26,17,
1,8,26,6,9,5,10,7,27,11,
2,8,26,9,10,5,
2,8,26,10,24,7,
1,8,26,25,24,27,
1,8,26,27,24,5,9,10,23,7,
1,8,27,19,10,9,
1,8,27,24,9,
1,8,27,24,9,10,5,26,25,6,
1,8,27,26,4,5,11,10,9,23,22,21,7,6,17,1,19,20,18,16,15,
1,8,27,26,13,9,
1,8,27,26,24,9,10,
1,9,4,14,21,25,
1,9,5,4,27,25,10,
1,9,6,8,10,7,11,
1,9,7,6,8,10,11,
1,9,8,6,10,7,11,26,27,25,
1,9,10,8,6,7,
1,9,10,8,6,7,11,
1,9,10,8,7,6,11,
1,9,10,8,27,6,
1,9,10,24,27,26,
1,9,14,1,2,22,
1,9,22,10,6,7,
1,9,22,11,19,25,
1,9,27,4,5,25,
1,10,6,7,11,27,26,1,4,24,
1,10,6,7,11,27,26,1,24,14,
1,10,6,8,9,7,11,
1,10,6,8,24,27,
1,10,6,18,25,21,
2,10,7,6,8,9,11,
1,10,7,9,3,1,
1,10,7,11,9,6,
1,10,7,13,9,25,8,
1,10,7,13,25,8,
1,10,8,5,27,26,
1,10,8,9,27,6,19,26,24,25,
1,10,8,9,27,19,24,26,6,25,
1,10,8,18,7,6,11,9,
1,10,8,24,25,14,
1,10,8,26,17,23,22,
1,10,9,6,7,8,11,
1,10,9,8,7,6,
2,10,9,8,7,6,11,
1,10,9,8,11,7,6,
1,10,9,11,8,7,6,13,22,19,
1,10,11,6,7,8,
1,10,11,8,22,24,27,20,16,12,
1,10,11,9,7,8,6,
1,10,11,9,8,7,6,
1,10,12,9,8,18,27,22,
1,10,13,9,7,8,
1,10,15,19,24,22,13,
1,10,16,18,21,24,
2,10,20,13,9,22,
1,10,24,27,6,7,
1,10,24,27,11,9,
2,10,24,27,20,19,
1,10,25,3,20,24,
2,10,25,27,17,9,
1,10,26,8,4,14,
1,10,26,9,27,25,8,5,7,6,
1,11,5,19,26,21,
2,11,6,7,8,9,10,
1,11,6,8,16,21,26,25,7,9,10,
1,11,8,7,6,9,10,
2,11,8,10,9,7,6,
1,11,9,7,8,6,10,
2,11,10,9,8,7,
3,11,10,9,8,7,6,
1,11,10,9,8,7,6,18,17,16,15,14,13,12,
1,11,13,27,6,2,16,12,1,5,
1,11,16,21,6,7,8,9,10,
1,11,16,21,27,23,
1,11,18,17,16,15,14,25,12,22,4,13,24,
2,11,19,6,7,8,9,10,
1,11,19,9,6,7,
1,11,21,6,7,8,9,10,24,
1,11,22,21,8,24,
1,12,1,19,13,14,15,16,17,18,2,20,
1,12,6,8,19,26,
1,12,11,22,24,5,
1,12,13,10,27,24,
1,12,13,14,1,2,
1,12,13,14,4,5,16,17,18,
6,12,13,14,15,16,
557,12,13,14,15,16,17,18,
2,12,13,14,15,16,17,18,1,2,
1,12,13,14,15,16,17,18,1,2,3,
16,12,13,14,15,16,17,18,1,2,3,4,5,
1,12,13,14,15,16,17,18,1,2,3,4,5,6,7,8,9,10,11,
24,12,13,14,15,16,17,18,1,2,3,4,5,6,7,8,9,10,11,19,20,21,22,23,
9,12,13,14,15,16,17,18,1,2,3,4,5,19,20,21,22,23,
4,12,13,14,15,16,17,18,1,2,3,4,5,19,20,21,22,23,6,7,8,9,10,11,
1,12,13,14,15,16,17,18,1,2,3,4,5,19,20,21,22,23,24,25,26,27,6,7,8,9,10,11,
4,12,13,14,15,16,17,18,6,7,8,9,10,11,
6,12,13,14,15,16,17,18,6,7,8,9,10,11,1,2,3,4,5,
7,12,13,14,15,16,17,18,6,7,8,9,10,11,1,2,3,4,5,19,20,21,22,23,
6,12,13,14,15,16,17,18,6,7,8,9,10,11,19,20,21,22,23,
19,12,13,14,15,16,17,18,6,7,8,9,10,11,19,20,21,22,23,1,2,3,4,5,
1,12,13,14,15,16,17,18,11,19,1,
2,12,13,14,15,16,17,18,19,1,
44,12,13,14,15,16,17,18,19,20,21,22,23,
289,12,13,14,15,16,17,18,19,20,21,22,23,1,2,3,4,5,
47,12,13,14,15,16,17,18,19,20,21,22,23,1,2,3,4,5,6,7,8,9,10,11,
1,12,13,14,15,16,17,18,19,20,21,22,23,1,2,3,4,5,25,
10,12,13,14,15,16,17,18,19,20,21,22,23,6,7,8,9,10,11,
38,12,13,14,15,16,17,18,19,20,21,22,23,6,7,8,9,10,11,1,2,3,4,5,
1,12,13,14,15,16,17,18,19,20,21,22,23,25,1,2,3,4,5,
1,12,13,14,15,16,17,18,19,20,21,22,23,25,24,
1,12,13,14,15,16,17,18,19,20,21,22,23,25,27,
1,12,13,14,15,16,17,18,19,20,21,25,1,2,
1,12,13,14,15,16,17,18,19,20,25,1,2,24,22,23,3,4,5,21,26,8,
1,12,13,14,15,16,17,18,19,25,
1,12,13,14,15,16,17,18,19,25,20,21,22,23,1,2,3,4,5,24,26,27,6,7,8,9,10,11,
1,12,13,14,15,16,17,18,19,27,
1,12,13,14,15,16,17,18,20,21,22,23,24,25,26,27,
1,12,13,14,15,16,17,18,23,19,1,
1,12,13,14,15,16,17,18,25,
1,12,13,14,15,16,17,18,25,1,2,3,4,5,19,20,21,22,23,6,7,8,9,10,11,24,26,27,
1,12,13,14,15,16,17,18,25,1,2,24,22,
1,12,13,14,15,16,17,18,25,5,19,
1,12,13,14,15,16,17,18,25,6,
1,12,13,14,15,16,17,18,25,6,7,8,9,10,11,24,26,27,19,20,21,22,23,1,2,3,4,5,
3,12,13,14,15,16,17,18,25,19,
1,12,13,14,15,16,17,18,25,19,1,
33,12,13,14,15,16,17,18,25,19,1,20,2,
1,12,13,14,15,16,17,18,25,19,6,20,7,
4,12,13,14,15,16,17,18,25,19,20,1,2,
1,12,13,14,15,16,17,18,25,19,20,21,1,2,22,23,3,4,5,24,
1,12,13,14,15,16,17,18,25,19,20,21,22,23,1,2,3,4,5,
1,12,13,14,15,16,17,18,25,20,19,6,7,
1,12,13,14,15,16,17,18,25,26,
1,12,13,14,15,16,17,18,25,26,19,20,5,4,3,2,1,11,10,9,8,7,6,27,24,23,22,21,
1,12,13,14,15,16,17,18,26,25,19,20,21,22,23,1,2,3,4,5,6,7,8,9,10,11,27,24,
1,12,13,14,15,16,17,18,27,22,
1,12,13,14,15,16,17,25,19,20,21,22,23,1,2,3,
1,12,13,14,15,16,25,17,18,1,19,20,2,
1,12,13,14,15,19,25,1,5,18,16,17,22,20,21,23,2,
1,12,13,14,17,16,
1,12,13,14,17,18,15,25,
1,12,13,14,19,25,20,15,16,17,18,
1,12,13,14,19,25,20,21,15,16,1,2,17,22,18,23,26,3,4,5,
1,12,13,14,19,25,27,18,17,
1,12,13,14,20,19,
1,12,13,14,25,1,2,15,16,17,18,
1,12,13,14,25,15,16,17,18,
1,12,13,14,25,15,16,17,18,5,26,24,27,1,19,
1,12,13,14,25,17,15,16,18,26,27,19,20,21,22,23,
1,12,13,14,25,19,1,15,16,17,18,
1,12,13,14,25,19,20,1,2,15,16,17,18,
1,12,13,14,25,19,20,21,15,18,16,1,10,
1,12,13,14,25,19,21,23,
1,12,13,15,16,17,
1,12,13,18,7,22,
1,12,13,18,16,15,
1,12,13,19,1,25,20,21,18,23,
1,12,13,19,1,25,20,23,14,18,
1,12,13,19,14,15,16,17,18,20,21,25,1,2,22,23,3,4,5,26,24,27,6,7,8,9,10,11,
1,12,13,19,14,17,
1,12,13,19,14,20,15,21,26,16,
1,12,13,19,25,1,14,15,16,17,18,2,3,4,5,26,20,
1,12,13,19,25,1,14,20,2,15,16,17,18,21,22,23,
1,12,13,19,25,14,16,20,17,21,18,15,26,22,23,
1,12,13,25,14,17,18,16,15,5,4,
1,12,13,25,19,1,14,15,16,17,
1,12,13,27,14,4,5,16,17,18,
1,12,14,13,16,1,
1,12,14,13,16,11,18,15,17,19,4,
1,12,14,13,17,15,16,18,
1,12,14,16,4,1,
2,12,14,16,17,18,
1,12,14,16,17,18,4,11,22,24,
1,12,14,16,17,18,22,
1,12,14,16,17,25,1,13,15,18,
1,12,14,17,5,25,
1,12,14,17,18,4,5,16,13,15,19,20,2,1,
1,12,15,14,17,18,16,
1,12,15,22,24,10,13,6,19,7,14,1,8,16,20,25,2,9,17,21,26,3,4,5,11,18,23,27,
1,12,16,11,8,13,
1,12,17,18,22,11,
1,12,18,1,19,13,14,15,2,16,
1,12,18,17,14,13,
1,12,18,19,13,14,15,16,17,20,1,2,21,22,23,3,4,5,
1,12,18,19,14,22,24,1,
1,12,19,1,6,25,
1,12,19,1,13,20,2,14,21,15,
1,12,19,13,14,15,16,17,18,
1,12,19,13,20,27,
1,12,19,20,13,14,
1,12,19,24,6,1,
2,12,19,25,13,14,
1,12,21,16,2,11,13,14,19,20,
1,12,22,5,16,4,17,
1,12,22,13,11,26,
1,12,24,25,26,27,
1,12,24,27,2,25,
1,12,25,17,14,22,
1,12,25,19,13,20,14,21,15,22,16,23,17,18,
1,12,25,26,8,14,19,16,17,18,
1,12,27,16,8,20,1,
1,13,1,19,25,3,
1,13,5,14,25,12,
1,13,5,24,27,25,
1,13,7,6,12,14,
1,13,7,6,14,12,
1,13,7,10,24,27,
1,13,7,12,14,15,16,17,18,21,22,23,20,19,5,4,3,2,1,26,27,25,24,11,10,9,8,6,
1,13,7,14,15,16,17,18,20,21,
1,13,7,23,15,10,
1,13,7,25,19,15,16,17,18,14,
1,13,9,7,8,10,11,14,15,16,17,18,12,
2,13,9,7,8,14,18,11,10,15,16,
2,13,11,7,8,6,9,10,
1,13,11,14,15,16,17,18,12,6,7,8,9,10,1,2,3,4,5,19,20,21,22,23,24,26,27,25,
1,13,12,14,15,16,
4,13,12,14,15,16,17,18,
1,13,12,14,15,16,17,18,1,2,19,20,25,
1,13,12,14,15,16,17,18,11,
1,13,12,14,15,16,17,18,25,19,1,20,2,
1,13,12,14,16,15,17,18,
1,13,12,14,16,17,
1,13,12,14,17,15,
1,13,12,14,17,18,16,15,4,5,
1,13,12,15,14,16,17,18,
1,13,12,15,17,18,14,16,
1,13,12,18,16,11,17,14,
1,13,12,19,21,27,
1,13,14,12,15,16,17,18,
2,13,14,15,16,17,
2,13,14,15,16,17,18,
1,13,15,12,14,16,
1,13,15,12,16,14,17,18,
1,13,15,14,12,17,16,18,
1,13,15,16,17,18,
1,13,16,12,14,18,17,15,25,19,1,20,2,
1,13,16,18,12,14,
1,13,17,18,16,15,14,12,1,4,24,20,
1,13,18,15,16,12,17,14,
1,13,18,17,16,15,14,12,
1,13,18,19,20,22,
1,13,19,20,21,23,
1,13,19,22,25,2,
1,13,19,25,1,22,4,5,14,16,
1,13,19,25,1,22,4,5,14,18,
1,13,22,12,18,25,23,14,19,16,
1,13,22,19,25,12,14,20,2,
1,13,24,19,10,25,14,20,15,21,26,16,6,22,5,27,23,18,17,7,8,9,11,4,3,2,1,12,
1,13,24,19,27,6,25,
1,13,25,12,14,15,
1,13,25,14,15,16,17,18,12,19,1,20,
1,13,25,14,15,16,17,18,19,20,12,1,2,
1,13,25,18,27,5,
1,13,25,19,12,14,15,16,17,18,
1,13,25,19,27,17,
1,13,25,23,16,19,
1,13,25,24,19,1,
1,14,1,2,24,23,9,
1,14,2,4,10,17,
1,14,4,5,13,25,
1,14,4,12,13,1,25,2,3,19,
1,14,5,15,19,6,
1,14,5,17,1,4,
1,14,5,25,27,17,
1,14,8,26,25,17,
1,14,12,13,15,16,17,18,25,19,1,20,2,
1,14,12,13,25,17,19,1,4,5,
1,14,12,17,18,16,13,15,25,19,1,20,2,
1,14,12,18,17,15,
1,14,13,12,25,19,21,23,
1,14,13,15,16,12,17,18,
1,14,13,15,17,16,
1,14,15,13,17,25,5,
1,14,16,11,4,5,
1,14,16,12,13,17,
1,14,16,15,13,12,17,
1,14,16,15,17,18,13,12,4,5,
1,14,16,18,17,12,
1,14,17,5,1,4,26,19,27,8,2,3,12,13,25,15,16,18,20,21,22,23,24,11,10,9,7,6,
1,14,17,5,1,4,26,19,27,8,25,2,3,24,12,13,15,16,20,22,23,21,
1,14,17,5,25,15,
1,14,17,18,19,21,5,16,12,25,
1,14,17,18,19,22,
1,14,17,25,5,23,26,12,13,8,24,
1,14,17,25,8,4,
1,14,17,25,12,13,15,16,18,5,4,
1,14,17,25,16,18,
1,14,19,16,12,9,
1,14,20,6,5,9,22,24,12,1,2,15,
1,14,25,4,17,16,
1,14,25,5,17,26,24,27,12,13,4,15,16,18,3,19,
1,14,25,8,1,4,13,
1,14,25,12,17,18,5,16,4,22,20,19,21,23,13,15,
1,14,25,13,12,24,
1,14,25,15,17,26,
1,14,25,17,12,13,15,4,11,22,
1,14,25,17,12,13,15,16,18,20,1,2,19,
1,14,25,26,12,13,
1,14,26,25,17,19,18,16,15,13,12,23,22,21,20,5,4,3,2,1,27,24,11,10,9,8,7,6,
1,14,27,24,13,6,
1,14,27,26,24,13,
1,14,27,26,25,24,
1,15,2,19,22,12,
1,15,6,19,11,22,
1,15,12,1,2,3,
1,15,12,13,14,16,17,18,25,19,20,1,2,
1,15,12,13,14,16,19,25,17,18,
1,15,12,14,17,18,
1,15,12,18,6,2,
1,15,16,17,18,12,13,14,19,20,25,1,2,
1,15,18,23,22,21,20,19,
1,15,21,27,12,18,7,9,16,22,20,24,25,26,23,17,19,13,14,8,6,10,11,1,2,3,4,5,
1,15,24,5,2,22,
1,15,25,24,26,27,22,19,20,21,23,1,2,3,4,5,12,13,14,16,17,18,6,7,8,9,10,11,
1,16,2,9,22,18,
1,16,11,19,6,12,15,7,13,8,14,
1,16,11,19,21,12,13,14,15,17,18,
1,16,12,13,14,15,17,18,
1,16,12,13,14,21,19,25,15,20,18,17,
1,16,12,13,21,19,25,27,14,22,
1,16,12,13,25,23,21,19,1,14,15,17,18,4,11,2,3,20,22,5,24,26,27,10,9,8,7,6,
1,16,12,14,17,18,4,5,22,15,13,20,19,
1,16,13,12,14,17,15,18,
1,16,13,14,12,17,15,25,26,19,18,21,22,20,23,27,24,11,1,2,3,4,5,6,7,8,9,10,
1,16,14,12,15,17,18,13,
1,16,18,14,12,13,
1,16,21,11,
1,16,21,11,19,12,
1,16,21,11,20,19,
1,16,21,11,27,19,18,26,4,
1,16,21,12,13,14,
1,16,21,12,13,14,15,17,18,19,20,22,23,27,24,25,26,
1,16,21,13,15,12,
1,16,21,19,12,11,24,
1,16,21,19,20,22,23,15,
1,16,21,24,25,26,1,2,4,5,
1,16,21,25,19,13,12,22,20,14,15,17,18,23,11,1,2,3,4,5,
1,16,21,25,19,20,22,23,12,13,14,15,17,18,
1,16,22,12,21,4,5,17,18,14,27,
1,17,4,5,19,26,
1,17,5,14,26,27,
1,17,5,26,25,19,13,27,3,
1,17,14,5,25,13,
1,17,14,12,13,15,
1,17,14,12,16,13,18,
1,17,14,12,18,16,
1,17,14,13,25,5,
1,17,14,18,16,12,25,15,13,1,2,
1,17,14,25,13,16,
1,17,14,26,25,5,
1,17,15,16,27,10,
1,17,18,5,14,26,25,
1,17,19,4,5,13,
1,17,19,25,4,18,13,16,8,
1,17,25,4,18,8,
1,17,25,6,8,26,18,1,12,13,
2,17,25,14,5,26,
1,17,25,14,13,12,
1,17,25,14,19,20,
1,17,25,14,26,19,
1,17,25,26,6,8,13,1,7,14,4,
1,17,25,26,14,5,
1,17,26,25,8,11,
1,17,26,27,25,24,
1,18,7,22,4,14,
1,18,10,25,19,13,1,9,24,26,27,23,14,15,2,3,4,5,12,6,20,21,22,16,17,7,8,11,
1,18,12,13,14,15,16,17,25,19,20,1,2,
1,18,12,14,13,15,16,17,
1,18,12,25,19,1,
1,18,12,25,19,14,13,15,16,17,
1,18,13,14,16,12,17,15,
1,18,14,16,12,13,
1,18,15,12,13,14,16,17,
1,18,16,14,12,17,15,13,25,19,1,20,2,
1,18,16,27,24,19,21,25,
1,18,17,16,14,12,4,5,24,
1,18,17,16,14,12,15,
1,18,17,16,15,14,13,12,23,22,21,20,19,6,7,8,9,10,11,5,4,3,2,1,27,26,25,24,
1,18,17,16,15,14,13,12,25,21,22,23,20,19,5,4,3,2,1,11,10,9,8,7,6,27,26,24,
1,18,17,16,15,14,13,12,27,24,
1,18,19,1,26,12,20,
1,18,21,19,20,8,7,6,9,10,22,11,23,24,25,27,26,12,14,13,
1,18,22,19,17,16,25,24,
1,18,22,19,20,23,
1,18,24,25,6,26,
1,18,25,19,10,27,24,21,20,13,1,2,3,4,5,8,7,6,9,12,14,15,16,17,22,23,26,11,
1,18,25,27,19,1,2,3,4,5,10,24,26,20,21,22,23,12,13,14,15,16,17,6,7,8,9,11,
1,18,26,14,12,17,16,
1,19,
1,19,1,25,2,3,4,5,20,21,22,23,12,
1,19,1,25,27,20,21,22,23,2,3,4,5,
1,19,5,23,17,1,
1,19,6,7,8,9,10,11,
1,19,6,7,9,20,
1,19,6,24,7,8,9,10,11,22,
1,19,6,27,20,1,
1,19,7,8,9,10,11,6,
2,19,7,24,20,27,
1,19,7,27,24,22,
1,19,8,6,22,23,11,
1,19,8,6,22,23,11,18,9,20,
1,19,8,10,12,7,13,15,22,20,16,
1,19,8,10,18,22,27,24,26,
1,19,9,23,11,5,4,
1,19,9,27,10,11,20,26,21,25,
1,19,10,9,20,7,21,
1,19,11,13,22,23,20,
1,19,11,16,21,24,22,20,27,1,
1,19,12,1,21,20,22,23,5,4,2,3,18,16,17,15,14,
1,19,12,13,1,25,14,15,20,21,22,16,17,23,18,24,26,2,3,4,5,27,6,7,8,9,10,11,
1,19,12,13,14,15,16,17,18,
1,19,12,13,14,15,16,17,18,20,21,22,23,
1,19,12,13,20,1,
1,19,12,13,20,14,21,15,22,16,23,17,18,25,1,2,3,4,5,
1,19,12,14,20,13,
1,19,12,18,17,14,
1,19,12,18,25,1,13,14,15,16,
1,19,12,20,22,14,16,17,18,21,23,13,26,15,6,7,8,9,10,11,25,24,27,1,2,3,4,5,
1,19,12,22,27,21,26,6,1,20,
1,19,12,24,25,22,
1,19,12,25,13,21,14,20,16,15,17,18,1,
1,19,12,25,26,13,14,15,16,17,18,20,21,22,23,1,2,3,4,5,6,7,8,9,10,11,27,24,
1,19,13,7,20,27,
1,19,13,9,8,7,6,11,22,26,17,
1,19,13,11,22,21,
1,19,13,11,25,21,
1,19,13,12,15,23,21,25,1,18,17,16,14,22,20,26,2,3,4,5,8,7,10,11,9,24,27,6,
1,19,13,12,20,25,
1,19,13,20,2,23,1,7,5,8,27,25,
1,19,13,20,23,17,
1,19,13,24,25,10,
1,19,14,13,23,26,
1,19,14,26,17,5,13,21,23,
1,19,16,11,12,14,17,22,20,21,23,
1,19,16,11,21,20,
1,19,16,12,11,6,14,17,22,20,21,
1,19,16,21,20,27,26,25,24,22,23,13,12,
1,19,16,21,26,27,
1,19,16,27,2,1,
1,19,18,27,25,20,
1,19,20,1,2,21,
1,19,20,6,7,21,22,23,12,13,1,
1,19,20,6,7,24,
1,19,20,12,13,21,22,14,15,23,16,25,17,18,1,2,3,4,5,6,7,8,9,10,11,24,26,27,
1,19,20,12,13,25,21,14,10,26,
1,19,20,13,25,21,22,23,12,6,7,8,9,14,15,16,10,11,17,18,5,4,3,2,1,26,24,27,
1,19,20,18,22,23,
1,19,20,21,12,13,14,25,22,23,15,16,17,18,1,2,3,4,5,26,6,7,8,9,10,11,27,24,
1,19,20,21,22,1,12,13,25,26,
1,19,20,21,22,3,27,12,1,6,26,25,24,23,7,8,9,10,11,13,14,
769,19,20,21,22,23,
13,19,20,21,22,23,1,2,3,4,5,
3,19,20,21,22,23,1,2,3,4,5,6,7,8,9,10,11,
21,19,20,21,22,23,1,2,3,4,5,6,7,8,9,10,11,12,13,14,15,16,17,18,
2,19,20,21,22,23,1,2,3,4,5,6,7,8,9,10,11,12,13,14,15,16,17,18,24,25,26,27,
18,19,20,21,22,23,1,2,3,4,5,12,13,14,15,16,17,18,
10,19,20,21,22,23,1,2,3,4,5,12,13,14,15,16,17,18,6,7,8,9,10,11,
1,19,20,21,22,23,1,25,12,13,14,15,24,
19,19,20,21,22,23,6,7,8,9,10,11,
8,19,20,21,22,23,6,7,8,9,10,11,1,2,3,4,5,
15,19,20,21,22,23,6,7,8,9,10,11,1,2,3,4,5,12,13,14,15,16,17,18,
3,19,20,21,22,23,6,7,8,9,10,11,12,13,14,15,16,17,18,
40,19,20,21,22,23,6,7,8,9,10,11,12,13,14,15,16,17,18,1,2,3,4,5,
1,19,20,21,22,23,10,8,7,6,
1,19,20,21,22,23,11,10,9,8,7,6,
1,19,20,21,22,23,12,13,14,15,16,17,1,2,3,4,5,6,7,8,9,10,11,27,26,25,18,24,
32,19,20,21,22,23,12,13,14,15,16,17,18,
346,19,20,21,22,23,12,13,14,15,16,17,18,1,2,3,4,5,
53,19,20,21,22,23,12,13,14,15,16,17,18,1,2,3,4,5,6,7,8,9,10,11,
24,19,20,21,22,23,12,13,14,15,16,17,18,6,7,8,9,10,11,
55,19,20,21,22,23,12,13,14,15,16,17,18,6,7,8,9,10,11,1,2,3,4,5,
1,19,20,21,22,23,12,13,14,15,16,17,18,25,
1,19,20,21,22,23,13,12,6,7,
1,19,20,21,22,23,13,25,18,26,
1,19,20,21,22,23,17,
1,19,20,21,22,23,17,16,14,13,
1,19,20,21,22,23,24,27,
1,19,20,21,22,23,25,
1,19,20,21,22,23,25,1,2,12,13,14,15,16,17,18,27,26,5,4,3,11,24,6,7,8,9,10,
1,19,20,21,22,23,25,12,13,14,15,16,17,18,1,2,3,4,5,26,24,11,10,9,8,7,6,27,
1,19,20,21,22,23,25,12,15,18,1,2,3,4,5,
1,19,20,21,22,23,25,24,15,13,
1,19,20,21,22,23,25,26,24,12,13,14,15,16,17,18,6,7,8,9,10,11,1,2,3,4,5,27,
2,19,20,21,22,23,26,1,2,3,4,5,
1,19,20,21,22,23,26,12,13,14,
1,19,20,21,22,23,27,12,13,14,15,16,17,18,
1,19,20,21,22,23,27,26,1,2,3,4,5,12,24,25,13,14,15,16,17,18,6,7,8,9,10,11,
1,19,20,21,25,1,12,13,14,2,3,
1,19,20,21,25,12,13,14,1,2,24,26,6,7,
1,19,20,21,25,12,13,24,1,14,
1,19,20,21,25,22,12,13,14,15,16,23,1,2,3,4,5,
2,19,20,21,25,22,23,
1,19,20,22,21,23,
1,19,20,22,23,18,13,21,12,14,15,16,17,1,2,3,4,5,
3,19,20,22,23,21,
1,19,20,22,23,21,27,
1,19,20,22,23,25,27,
1,19,20,22,24,23,
1,19,20,22,25,12,
1,19,20,22,27,24,
1,19,20,23,22,21,
1,19,20,24,21,6,10,7,25,8,9,
1,19,20,24,21,22,23,25,12,13,
1,19,20,24,21,23,
1,19,20,25,21,22,12,13,14,15,16,17,18,1,2,3,4,5,26,23,8,7,24,11,10,9,6,27,
1,19,21,20,22,23,12,14,16,18,17,15,13,25,26,4,5,3,2,1,
1,19,21,22,23,20,
1,19,21,22,23,25,
1,19,21,25,22,23,12,13,14,15,16,17,18,
1,19,21,26,27,22,
1,19,21,27,26,22,25,24,20,23,
1,19,22,1,25,18,2,20,21,23,13,12,14,15,16,17,3,4,5,6,7,8,9,10,11,26,24,27,
1,19,22,12,6,25,26,2,7,21,9,20,10,23,15,3,4,16,17,24,14,5,18,1,13,8,11,27,
1,19,22,12,13,20,21,
1,19,22,18,4,14,5,16,17,23,20,21,
1,19,22,20,1,12,13,21,26,25,
1,19,22,20,13,7,21,23,2,1,3,4,5,12,14,15,16,17,18,
3,19,22,20,21,23,
1,19,22,20,21,23,1,18,12,5,16,2,17,3,13,4,14,15,11,10,9,8,7,6,25,26,24,27,
1,19,22,20,21,23,13,12,6,7,
1,19,22,20,21,23,25,12,
2,19,22,20,23,21,
1,19,22,20,23,21,18,25,26,13,
2,19,22,21,20,23,
1,19,22,21,20,23,27,12,13,14,15,16,17,18,25,
1,19,22,21,23,20,
1,19,22,21,24,27,
2,19,22,23,20,21,
1,19,22,23,20,21,12,13,14,16,
1,19,22,23,21,20,4,5,10,6,11,12,14,7,9,8,1,3,2,16,18,13,15,17,27,24,26,25,
1,19,22,24,25,27,6,15,20,21,
1,19,22,27,11,24,26,20,12,8,6,21,23,7,25,9,10,13,14,15,16,17,18,1,2,3,4,5,
1,19,22,27,26,20,
1,19,23,6,7,20,21,22,
1,19,23,10,20,21,22,17,16,15,14,13,12,5,4,3,2,1,26,25,24,11,9,8,7,6,18,27,
1,19,23,14,17,8,
3,19,23,20,21,22,
1,19,23,20,21,22,6,7,8,9,10,11,12,13,14,15,16,17,18,1,2,3,4,5,26,25,24,27,
1,19,23,22,11,10,9,8,7,6,21,20,27,26,25,24,18,17,16,15,14,13,12,5,4,3,2,1,
1,19,23,22,20,21,24,
1,19,23,22,21,20,
1,19,23,22,21,20,24,
1,19,23,22,21,20,25,12,13,14,15,16,17,18,26,1,2,3,4,5,6,7,8,9,10,11,24,27,
1,19,24,12,6,1,
1,19,24,20,23,21,13,25,16,11,22,12,26,10,27,9,15,7,14,17,18,6,8,1,2,3,4,5,
1,19,24,25,1,26,
1,19,24,25,6,7,8,20,21,22,23,
1,19,24,25,7,15,
1,19,24,25,21,13,8,
1,19,24,25,22,27,21,23,26,20,
2,19,24,26,20,21,11,8,6,9,
1,19,24,27,18,10,
1,19,24,27,26,25,
1,19,25,10,27,24,
1,19,25,12,13,15,16,17,18,
1,19,25,12,14,13,20,21,1,24,
2,19,25,12,15,18,13,23,1,26,
1,19,25,12,20,21,22,23,13,14,15,16,17,18,1,3,26,2,4,27,5,6,7,10,8,9,24,11,
1,19,25,13,24,27,
1,19,25,18,20,21,22,23,
1,19,25,20,21,12,13,14,1,24,
1,19,25,20,21,22,23,12,14,16,24,26,27,17,18,13,15,
1,19,25,20,21,22,23,18,
1,19,25,20,21,22,23,26,12,13,14,15,16,17,18,
1,19,25,20,22,23,21,
1,19,25,21,6,1,13,16,17,14,
2,19,25,21,13,20,16,22,12,14,15,17,18,23,1,26,2,3,4,5,6,7,8,9,10,11,24,27,
1,19,25,24,20,27,
2,19,25,24,26,27,
1,19,25,26,12,13,14,18,15,16,
1,19,26,6,20,7,
1,19,26,8,9,6,
1,19,26,20,6,7,21,8,22,9,23,10,11,24,27,25,1,2,3,4,5,12,13,14,15,16,17,18,
1,19,26,25,12,1,13,20,5,
1,19,26,25,24,27,
1,19,27,1,20,25,
1,19,27,22,21,20,14,12,
1,19,27,25,14,23,8,6,1,5,
1,20,10,4,15,26,
1,20,18,19,27,23,1,2,3,4,5,17,16,15,14,13,12,11,10,9,8,7,6,22,21,26,25,24,
1,20,19,7,12,13,
3,20,19,21,22,23,
2,20,19,21,22,23,25,12,13,14,15,16,17,18,
1,20,19,21,22,23,25,26,12,13,14,15,16,17,18,1,2,3,4,5,
1,20,21,19,22,23,
1,20,22,19,8,9,6,25,12,16,11,21,13,15,24,7,17,23,26,10,1,14,2,18,4,5,
1,20,22,24,25,1,2,3,
1,20,23,19,22,21,
1,21,6,8,18,25,
1,21,8,22,23,20,16,19,
1,21,11,8,16,7,
2,21,11,16,10,15,
1,21,11,16,18,23,
1,21,11,16,19,25,27,20,18,
1,21,11,16,22,23,20,19,27,17,10,9,8,7,6,1,2,3,4,5,12,13,14,15,18,24,25,26,
1,21,11,16,24,27,26,25,
1,21,11,16,26,27,
1,21,11,22,20,19,
1,21,11,22,23,7,
1,21,11,24,25,16,
1,21,11,24,25,27,
1,21,11,25,26,27,24,20,19,22,6,7,8,9,10,23,5,4,3,2,1,18,17,16,15,14,13,12,
1,21,11,27,16,25,
1,21,12,7,13,14,
1,21,12,19,23,13,22,14,20,15,
1,21,13,14,19,20,22,23,12,15,16,17,18,25,5,4,3,2,1,11,10,9,8,7,6,24,26,27,
1,21,15,9,2,27,
1,21,15,24,12,23,19,18,10,26,17,25,22,13,7,8,27,20,9,14,6,5,11,1,2,4,3,
1,21,16,
1,21,16,11,8,9,
1,21,16,11,13,20,
1,21,16,11,14,13,
2,21,16,11,19,24,
1,21,16,11,22,20,
1,21,16,11,24,23,
1,21,16,11,24,27,18,
1,21,16,11,25,7,
1,21,16,11,26,8,
1,21,16,12,13,25,19,14,15,20,22,23,17,18,
1,21,16,12,14,22,
1,21,16,18,10,6,
1,21,16,19,11,20,22,23,12,13,14,
1,21,16,19,14,22,12,25,
1,21,16,19,20,12,13,14,22,15,23,17,18,
1,21,16,19,20,12,17,22,13,14,23,15,18,
1,21,16,19,20,22,
1,21,16,19,20,22,4,23,
1,21,16,19,20,22,12,14,25,
4,21,16,19,20,22,23,
1,21,16,19,20,22,23,12,13,14,15,
21,21,16,19,20,22,23,25,12,13,14,15,
1,21,16,19,20,22,23,25,14,17,
1,21,16,19,20,22,23,27,12,13,14,15,
1,21,16,19,20,22,23,27,13,12,9,7,8,6,14,15,17,18,24,26,25,10,11,1,2,3,4,5,
1,21,16,19,20,25,11,22,23,12,13,14,15,
1,21,16,22,12,14,
1,21,16,22,20,19,23,
7,21,19,20,22,23,
1,21,19,20,22,23,13,27,1,2,3,
1,21,19,20,22,23,25,16,12,13,14,15,17,18,2,4,5,
1,21,19,20,25,1,2,12,13,14,
1,21,19,22,20,23,
1,21,19,25,13,6,16,11,27,24,
1,21,20,19,22,23,16,12,13,14,
1,21,20,19,23,22,
1,21,20,19,25,6,7,
1,21,20,19,25,12,13,14,15,16,17,18,
1,21,22,16,19,20,23,25,27,26,24,
1,21,22,19,20,23,
1,21,22,23,12,13,
1,21,22,23,20,19,5,4,3,2,1,18,17,16,15,14,13,12,6,7,8,9,10,11,25,26,27,24,
1,21,22,24,27,19,
1,21,23,19,20,22,
1,21,23,22,20,11,10,9,8,7,18,17,5,16,4,15,27,3,14,26,2,13,25,1,6,12,19,24,
1,21,23,22,20,19,25,16,24,26,
1,21,23,24,27,8,6,7,14,26,
1,21,24,19,14,23,5,
1,21,24,25,16,11,27,19,6,23,
1,21,25,18,19,
1,21,25,18,19,22,12,15,
1,21,25,26,14,27,8,13,19,23,
1,21,26,16,19,22,
1,21,27,11,24,19,
1,21,27,20,19,22,25,
1,21,27,26,22,19,
1,22,5,4,17,16,14,12,3,2,1,18,15,13,23,21,20,19,11,10,9,8,7,6,27,26,25,24,
1,22,5,13,15,18,
1,22,6,20,21,10,
1,22,11,8,10,18,
1,22,12,14,16,17,18,4,5,24,
1,22,12,19,27,26,25,23,
1,22,14,3,16,8,
1,22,19,6,9,10,
1,22,19,20,21,13,23,17,18,25,
2,22,19,20,21,23,
1,22,19,20,21,23,1,2,3,4,5,6,12,13,14,7,8,9,10,11,15,16,17,18,24,25,26,27,
1,22,19,21,23,20,
1,22,19,23,20,21,
1,22,19,23,20,21,2,4,27,26,25,12,14,15,16,17,18,13,1,3,5,6,7,8,9,11,10,24,
1,22,19,24,26,25,
1,22,20,19,21,23,
1,22,20,21,19,23,
1,22,21,20,19,23,
1,22,23,19,15,5,
1,22,23,19,20,21,18,
1,22,23,20,19,21,25,24,26,27,1,2,16,
1,22,23,21,19,20,
1,22,23,21,20,19,
1,22,23,21,20,19,25,12,18,13,
1,22,24,19,20,21,23,
1,23,7,9,21,10,
1,23,19,22,21,20,
1,23,19,22,24,27,26,25,
1,23,20,22,21,19,
1,23,21,25,24,19,20,27,26,22,
1,23,22,14,25,20,21,27,
1,23,22,19,20,21,
1,23,22,20,21,19,
2,23,22,21,20,19,
1,23,22,21,20,19,5,4,3,2,1,18,17,16,15,14,13,12,25,26,8,6,11,10,9,7,27,24,
1,23,22,21,20,19,11,10,9,8,7,6,5,4,3,2,1,18,17,16,15,14,13,12,27,26,25,24,
1,23,22,21,20,19,24,25,26,27,18,17,16,15,14,13,12,11,10,9,8,7,6,5,4,3,2,1,
2,24,
2,24,1,2,3,4,5,
1,24,1,6,19,12,
2,24,1,27,2,3,4,5,
1,24,1,27,2,26,
1,24,1,27,4,5,
1,24,2,1,3,4,5,
1,24,2,4,1,5,
1,24,2,7,11,26,
1,24,2,13,1,25,
1,24,2,22,21,5,
1,24,2,26,22,5,
1,24,2,27,19,21,
1,24,3,6,16,23,
1,24,4,2,3,1,
1,24,6,1,22,25,
1,24,6,7,8,9,
1,24,6,7,8,9,10,
3,24,6,7,8,9,10,11,
1,24,6,7,26,10,8,19,11,9,23,22,21,20,27,18,12,15,13,17,14,16,25,5,1,2,3,4,
1,24,6,7,27,8,9,10,11,26,
1,24,6,8,26,20,25,
1,24,6,10,27,7,8,11,9,26,
1,24,6,11,7,8,9,10,22,19,20,21,23,26,27,12,13,14,15,16,17,18,1,2,3,4,5,25,
1,24,6,19,14,18,
1,24,6,27,1,12,7,8,2,3,9,10,11,
2,24,6,27,7,8,
1,24,6,27,7,8,9,10,11,
86,24,6,27,7,8,9,10,11,26,
2,24,6,27,7,8,9,10,11,26,25,
1,24,6,27,10,9,8,7,11,
1,24,7,6,1,17,
1,24,7,6,8,9,10,11,
1,24,7,6,27,8,9,10,11,
2,24,7,25,26,27,
1,24,7,27,6,8,9,10,11,
1,24,7,27,22,25,
1,24,10,6,7,8,9,11,
1,24,10,6,27,7,8,9,11,26,
1,24,10,9,25,26,27,19,12,13,7,14,11,
1,24,11,4,13,22,
1,24,11,19,20,23,
1,24,12,14,26,27,
1,24,12,19,6,1,
1,24,14,5,19,20,
1,24,14,16,18,13,
1,24,15,10,22,19,18,
1,24,16,11,21,13,
1,24,16,21,22,25,
1,24,17,2,22,18,
1,24,18,13,9,1,
1,24,19,1,12,6,
2,24,19,6,1,12,
1,24,19,6,7,8,9,10,11,26,27,
1,24,19,6,10,27,12,
1,24,19,7,6,8,9,10,11,13,1,2,3,4,5,25,26,27,20,21,22,23,12,14,15,16,17,18,
1,24,19,9,13,14,
1,24,19,12,6,1,
1,24,19,13,27,25,
1,24,19,20,22,21,23,12,
1,24,19,20,23,11,
1,24,19,20,25,26,
1,24,19,21,6,8,
1,24,19,22,21,13,27,20,12,16,
1,24,19,23,1,2,
1,24,19,25,22,20,
1,24,19,25,27,26,
1,24,19,26,23,22,25,
1,24,19,26,27,21,20,
1,24,20,11,19,23,
1,24,20,14,9,5,
1,24,20,16,7,13,
1,24,21,11,27,26,
2,24,21,25,19,20,23,26,27,6,7,
1,24,21,26,11,22,
1,24,22,10,27,8,25,
1,24,22,12,15,14,
1,24,22,13,1,9,
1,24,22,14,8,18,27,13,25,20,26,21,23,19,12,15,16,17,11,10,9,7,6,
1,24,22,19,21,26,
1,24,22,25,5,2,
1,24,22,27,19,23,21,20,25,26,
1,24,22,27,26,25,
1,24,23,21,9,6,7,11,
1,24,23,27,25,26,19,20,21,22,
1,24,25,1,
1,24,25,1,2,3,4,5,
1,24,25,1,2,27,26,
1,24,25,5,26,27,
1,24,25,6,7,8,9,10,11,
1,24,25,6,19,12,
1,24,25,7,22,19,1,5,6,23,20,21,26,27,2,3,4,8,9,10,11,
1,24,25,9,10,27,
1,24,25,12,14,19,
1,24,25,12,19,20,
1,24,25,15,10,14,
1,24,25,15,19,10,6,7,8,9,11,
1,24,25,19,8,6,
1,24,25,19,9,5,
1,24,25,19,12,20,
1,24,25,19,13,6,8,11,
1,24,25,19,20,21,22,23,27,
1,24,25,19,22,26,
1,24,25,19,23,3,
1,24,25,19,23,22,13,20,26,17,15,10,8,6,7,16,9,14,12,18,27,11,5,4,3,2,1,21,
1,24,25,20,22,19,21,23,26,27,
1,24,25,21,19,27,
1,24,25,22,16,10,
1,24,25,22,23,21,20,19,27,
1,24,25,22,23,26,
1,24,25,26,
1,24,25,26,8,19,
1,24,25,26,8,27,
1,24,25,26,19,20,
2,24,25,26,27,1,
1,24,25,26,27,4,
1,24,25,26,27,4,5,
1,24,25,26,27,5,
2,24,25,26,27,6,
1,24,25,26,27,6,7,8,9,10,
2,24,25,26,27,6,7,8,9,10,11,
2,24,25,26,27,7,
1,24,25,26,27,7,8,
2,24,25,26,27,8,
5,24,25,26,27,10,
2,24,25,26,27,12,
1,24,25,26,27,12,5,
2,24,25,26,27,14,
11,24,25,26,27,19,
1,24,25,26,27,19,13,11,22,12,1,2,3,4,5,6,7,8,9,10,14,15,16,17,18,20,21,23,
2,24,25,26,27,19,20,
1,24,25,26,27,19,20,21,22,23,
1,24,25,26,27,20,
1,24,25,26,27,20,1,22,19,23,
2,24,25,26,27,20,19,21,22,23,
1,24,25,26,27,20,21,11,6,12,
4,24,25,26,27,21,
6,24,25,26,27,23,
1,24,25,27,16,14,
1,24,25,27,22,19,
1,24,25,27,26,7,
1,24,25,27,26,9,10,6,7,8,
2,24,25,27,26,18,
1,24,25,27,26,19,20,21,22,23,
1,24,25,27,26,21,
1,24,26,4,19,27,
2,24,26,12,13,14,15,16,17,18,
1,24,26,19,25,27,
1,24,26,23,6,7,8,9,10,11,
1,24,26,25,15,10,
1,24,26,25,27,22,
1,24,26,27,8,19,6,7,9,21,
1,24,26,27,19,20,
1,24,26,27,20,6,18,7,19,21,
1,24,26,27,21,23,
1,24,26,27,25,6,
1,24,26,27,25,6,7,8,9,10,11,19,20,21,22,23,1,2,3,4,5,12,13,14,15,16,17,18,
1,24,26,27,25,9,7,10,11,8,6,19,21,20,22,23,18,16,17,15,14,12,13,1,2,3,4,5,
1,24,26,27,25,14,
1,24,26,27,25,19,20,6,7,
1,24,26,27,25,19,23,20,21,22,
1,24,27,1,2,3,10,6,7,8,9,11,4,5,12,13,14,15,16,17,18,19,20,21,22,23,25,26,
1,24,27,2,19,20,21,22,23,
1,24,27,6,7,1,25,21,26,8,
1,24,27,6,7,8,9,10,11,25,26,21,19,
1,24,27,6,7,8,9,10,11,26,
1,24,27,6,7,18,
1,24,27,6,7,25,9,8,10,22,
1,24,27,6,7,25,26,21,8,22,
4,24,27,6,8,26,
1,24,27,6,10,7,
1,24,27,6,11,7,
1,24,27,9,11,8,
1,24,27,10,19,23,20,21,22,6,
1,24,27,13,10,8,
1,24,27,15,13,17,
1,24,27,19,6,7,8,9,10,11,
2,24,27,19,10,25,
2,24,27,19,20,21,22,23,
1,24,27,19,20,21,22,23,25,6,7,8,9,10,11,1,2,3,4,5,26,12,13,14,15,16,17,18,
1,24,27,19,21,14,
1,24,27,19,23,10,22,21,20,6,
1,24,27,21,19,14,
1,24,27,22,11,6,2,5,7,1,9,25,20,
1,24,27,22,19,23,
1,24,27,23,6,7,8,9,10,11,
1,24,27,25,1,26,
1,24,27,25,12,1,2,3,4,5,
1,24,27,25,18,13,14,15,16,17,
1,24,27,25,26,1,
1,24,27,25,26,1,6,7,19,9,
1,24,27,25,26,2,
1,24,27,25,26,14,12,
6,24,27,25,26,19,
1,24,27,25,26,19,20,
1,24,27,25,26,19,22,20,21,23,6,7,8,9,10,11,2,1,3,4,5,14,12,13,16,17,18,15,
1,24,27,25,26,19,23,22,20,21,
1,24,27,25,26,20,
1,24,27,25,26,21,
1,24,27,25,26,23,
1,24,27,26,6,7,
1,24,27,26,6,7,8,9,10,11,
1,24,27,26,6,8,
1,24,27,26,6,19,
1,24,27,26,9,10,8,7,6,11,
2,24,27,26,10,9,11,8,7,19,
1,24,27,26,19,18,
1,24,27,26,19,23,
1,24,27,26,20,22,15,
1,24,27,26,25,13,
1,24,27,26,25,21,
2,24,27,26,25,22,
2,25,1,2,3,4,
1,25,1,2,3,4,5,19,20,21,22,23,6,7,8,9,10,11,12,13,14,15,16,17,18,24,26,27,
1,25,1,2,3,12,14,16,22,5,
1,25,1,2,8,5,12,13,26,22,
1,25,1,4,12,13,26,
1,25,1,5,2,4,3,
1,25,1,5,26,24,17,6,8,10,27,
1,25,1,12,13,14,
1,25,1,18,27,2,
1,25,1,22,8,27,
1,25,4,1,17,5,
1,25,4,12,13,14,
1,25,4,14,24,13,
1,25,5,4,14,26,
1,25,5,4,26,27,
1,25,5,10,24,14,
1,25,5,13,4,14,
1,25,5,14,13,17,
1,25,5,14,17,26,
1,25,5,17,14,16,12,18,15,13,22,
1,25,5,26,14,17,
1,25,5,26,24,27,
1,25,5,27,4,24,
1,25,5,27,26,8,
1,25,6,7,8,9,10,11,
1,25,6,7,8,9,10,11,26,24,
1,25,6,11,9,10,
1,25,7,8,9,10,
1,25,7,14,17,4,1,
1,25,8,3,14,12,9,16,23,22,
1,25,8,4,14,19,
3,25,8,5,14,27,
1,25,8,5,26,27,24,
1,25,8,11,6,7,
1,25,8,14,13,17,
1,25,8,14,17,26,
1,25,8,17,5,13,14,
1,25,8,27,4,5,
1,25,8,27,4,17,
1,25,11,8,9,17,23,
1,25,11,26,19,21,
5,25,12,13,14,15,
3,25,12,13,14,15,16,17,18,
1,25,12,13,14,15,16,17,18,19,1,20,2,
1,25,12,13,14,15,16,17,18,19,20,21,22,23,1,2,3,4,5,6,7,8,9,10,11,24,26,27,
2,25,12,13,14,15,16,17,18,19,20,21,22,23,1,2,3,4,5,24,27,6,7,8,9,10,11,26,
1,25,12,14,13,5,26,15,16,17,18,
1,25,12,14,17,11,22,16,4,5,
1,25,12,15,17,2,13,
1,25,12,18,19,20,1,22,15,21,14,13,16,17,24,2,4,23,5,3,11,10,9,8,7,26,6,27,
1,25,12,19,1,13,
1,25,12,22,16,18,14,13,15,17,
1,25,12,26,14,17,5,13,15,
1,25,12,27,23,22,
1,25,13,8,19,27,
1,25,13,12,1,2,7,15,21,24,26,19,20,22,16,17,10,11,9,8,3,23,14,18,6,4,5,27,
1,25,13,12,1,6,
1,25,13,12,19,26,18,20,14,15,24,21,22,16,17,23,6,7,8,9,10,11,1,2,3,4,5,27,
1,25,13,14,17,16,
1,25,13,15,14,12,19,1,2,
1,25,13,16,1,2,3,4,5,
1,25,13,17,18,22,
1,25,13,26,14,17,
1,25,13,26,19,24,
1,25,13,26,22,10,
1,25,13,27,26,24,
1,25,14,5,17,19,
1,25,14,10,22,23,
1,25,14,12,13,15,16,18,26,27,
1,25,14,12,13,19,
1,25,14,12,16,15,
1,25,14,12,17,16,
1,25,14,12,18,16,17,13,15,22,
1,25,14,13,12,17,
1,25,14,13,17,4,
1,25,14,13,17,5,
1,25,14,13,24,27,
1,25,14,13,26,1,
1,25,14,13,26,17,5,
1,25,14,13,27,26,24,19,1,20,
1,25,14,16,11,3,
1,25,14,17,1,26,13,
2,25,14,17,5,4,
1,25,14,17,5,4,1,2,3,
1,25,14,17,5,8,
1,25,14,17,5,16,
1,25,14,17,13,5,26,19,20,16,15,10,18,12,4,22,
1,25,14,17,15,26,8,20,23,27,
1,25,14,17,16,12,
1,25,14,17,16,13,
1,25,14,17,26,5,
1,25,14,17,26,13,
1,25,14,17,26,13,2,4,5,18,12,15,16,3,1,
1,25,14,17,26,27,
1,25,14,19,18,16,13,8,24,10,12,
2,25,14,21,26,13,
1,25,14,24,26,27,
1,25,14,24,27,8,
1,25,14,26,5,4,
1,25,14,26,5,17,
1,25,14,26,8,5,
1,25,14,26,8,17,
1,25,14,26,12,19,13,22,
1,25,14,26,13,1,24,27,5,2,3,4,12,15,16,17,18,19,20,21,22,23,11,10,9,8,7,6,
1,25,14,26,17,5,
1,25,14,26,17,5,12,13,15,16,
1,25,14,26,17,5,21,20,19,13,
1,25,14,26,17,12,
1,25,14,26,17,13,
1,25,14,26,19,17,12,20,5,13,
1,25,14,26,19,17,13,5,4,8,
1,25,14,26,22,21,20,
1,25,14,27,17,16,
1,25,16,8,20,21,
1,25,16,21,6,13,
1,25,17,5,4,14,
1,25,17,5,8,14,
1,25,17,5,26,4,
1,25,17,8,11,10,9,7,6,12,13,14,15,16,18,1,2,3,4,5,19,20,21,22,23,24,26,27,
1,25,17,13,15,22,20,27,
1,25,17,14,1,4,
1,25,17,14,4,5,
1,25,17,14,13,24,
1,25,17,14,26,21,20,19,15,16,18,12,1,2,3,4,5,6,7,8,9,10,11,13,22,23,24,27,
1,25,17,18,14,16,12,13,15,22,24,26,27,
1,25,18,11,17,16,
1,25,18,13,15,10,22,23,5,4,
1,25,18,17,16,15,14,13,12,23,22,21,20,19,27,26,24,11,5,4,3,2,1,10,9,8,7,6,
1,25,18,24,26,27,12,23,21,13,1,
1,25,19,1,4,6,9,10,8,5,
1,25,19,1,24,27,
1,25,19,7,18,17,10,26,27,24,
1,25,19,12,14,1,
1,25,19,12,20,13,26,21,14,22,
1,25,19,12,22,26,1,13,4,24,15,
1,25,19,14,5,26,
1,25,19,14,10,1,27,
2,25,19,14,16,1,
1,25,19,17,26,24,
1,25,19,18,1,12,
1,25,19,20,1,2,3,4,5,12,
1,25,19,20,1,24,2,3,4,12,
1,25,19,20,8,6,7,21,22,23,9,10,11,12,13,14,15,16,17,18,1,2,3,4,5,26,24,27,
1,25,19,20,12,13,26,1,21,14,
1,25,19,20,21,22,
2,25,19,20,21,22,23,1,2,3,4,5,18,
1,25,19,20,21,22,23,6,7,11,
1,25,19,20,21,22,23,26,6,7,8,9,10,11,27,1,2,3,4,5,12,13,14,15,16,17,18,24,
1,25,19,23,22,12,
1,25,19,23,24,26,27,22,21,20,14,15,18,
1,25,19,24,26,27,
1,25,19,26,20,21,22,23,24,12,13,14,15,16,17,18,6,7,8,9,10,11,1,2,3,4,5,27,
1,25,19,26,23,27,2,24,22,20,21,
1,25,19,27,17,7,12,18,24,14,13,22,
1,25,20,12,21,13,22,14,23,15,19,16,17,18,1,2,3,4,5,
1,25,20,13,6,1,
1,25,21,20,19,22,23,12,13,14,15,16,17,18,
1,25,21,27,24,26,1,2,3,4,5,
1,25,22,19,16,17,
1,25,23,1,2,3,
1,25,23,18,11,5,
1,25,23,20,12,17,
1,25,23,26,27,19,
1,25,24,8,4,18,
1,25,24,8,6,7,11,22,21,19,12,14,16,17,18,23,20,26,27,9,10,13,5,15,4,3,2,1,
1,25,24,8,7,6,
1,25,24,12,5,22,
1,25,24,12,27,18,
1,25,24,13,8,4,16,
1,25,24,13,19,22,
1,25,24,19,27,12,13,26,14,20,21,22,23,15,16,17,18,6,7,8,9,10,11,1,2,3,4,5,
1,25,24,22,17,3,
1,25,24,22,19,17,16,14,12,27,26,
1,25,24,22,20,23,19,26,21,27,6,11,7,8,9,10,12,13,14,15,16,17,18,1,2,3,4,5,
1,25,24,26,20,19,
1,25,24,26,27,4,
2,25,24,26,27,6,7,8,9,10,
1,25,24,26,27,11,
3,25,24,26,27,14,
1,25,24,26,27,16,
2,25,24,26,27,19,
3,25,24,26,27,21,
1,25,24,26,27,22,
1,25,24,26,27,23,
1,25,24,27,19,6,22,20,21,
1,25,24,27,26,14,
1,25,24,27,26,19,
5,25,26,5,8,14,
1,25,26,5,8,27,
1,25,26,5,14,8,
1,25,26,5,14,8,27,
1,25,26,5,14,13,17,
1,25,26,5,14,15,
1,25,26,5,14,17,
1,25,26,5,14,17,19,12,16,18,4,20,22,13,
1,25,26,5,14,24,
1,25,26,5,14,27,
2,25,26,5,17,14,
1,25,26,5,19,14,
1,25,26,6,7,8,
1,25,26,6,24,27,
1,25,26,8,10,14,
1,25,26,8,24,7,9,10,13,27,
1,25,26,9,6,7,11,10,8,27,
1,25,26,10,11,13,
2,25,26,10,16,4,
2,25,26,12,13,14,
1,25,26,12,13,14,15,
1,25,26,12,14,17,
1,25,26,12,14,17,5,16,15,13,
1,25,26,13,4,5,
1,25,26,14,1,12,13,15,16,17,18,4,2,
1,25,26,14,5,8,
1,25,26,14,5,8,27,24,13,15,
2,25,26,14,5,17,
1,25,26,14,5,19,17,27,4,13,
1,25,26,14,8,5,
1,25,26,14,8,5,17,21,20,19,
1,25,26,14,12,13,
1,25,26,14,13,5,
1,25,26,14,15,5,
1,25,26,14,16,5,
1,25,26,14,17,4,
93,25,26,14,17,5,
1,25,26,14,17,5,1,2,3,4,
1,25,26,14,17,5,12,13,
1,25,26,14,17,5,12,13,15,16,18,
1,25,26,14,17,5,12,13,15,16,18,1,2,3,4,19,20,21,22,23,11,10,9,8,7,6,24,27,
1,25,26,14,17,5,12,13,15,16,18,19,20,21,22,23,2,3,4,8,9,10,11,1,7,6,24,27,
1,25,26,14,17,5,18,
1,25,26,14,17,5,18,16,15,13,12,
1,25,26,14,17,5,19,20,21,22,23,12,13,15,16,18,2,3,4,8,9,10,11,7,6,1,24,27,
1,25,26,14,17,5,21,20,19,
14,25,26,14,17,5,21,20,19,13,
1,25,26,14,17,5,23,
1,25,26,14,17,5,27,
1,25,26,14,17,5,27,24,19,6,
2,25,26,14,17,8,
1,25,26,14,17,9,
1,25,26,14,17,12,5,8,13,
1,25,26,14,17,19,5,21,13,
2,25,26,14,17,21,
1,25,26,14,17,24,
1,25,26,14,19,21,
1,25,26,14,19,24,
1,25,26,14,21,20,
1,25,26,15,17,5,
1,25,26,17,4,14,
1,25,26,17,5,13,
1,25,26,17,5,14,19,
1,25,26,17,12,14,
1,25,26,17,14,5,21,20,19,13,
1,25,26,17,14,5,21,20,19,13,12,15,16,18,1,2,22,23,24,27,3,4,6,7,8,9,10,11,
1,25,26,17,14,12,13,15,16,18,5,1,2,3,4,
1,25,26,17,14,21,
2,25,26,17,14,24,27,
1,25,26,19,12,5,
1,25,26,19,12,13,
1,25,26,19,12,13,14,
1,25,26,19,12,13,14,15,16,17,
1,25,26,19,14,12,13,15,16,17,
1,25,26,19,14,16,17,18,22,4,5,
1,25,26,19,17,14,
1,25,26,19,22,23,
1,25,26,19,22,23,6,20,21,10,11,
2,25,26,19,27,24,
1,25,26,21,20,14,17,5,19,22,
6,25,26,21,20,19,
4,25,26,21,20,19,13,14,15,16,
1,25,26,21,20,19,22,23,
1,25,26,23,9,7,
1,25,26,23,19,22,
1,25,26,23,24,27,
1,25,26,24,1,2,
3,25,26,24,8,10,
1,25,26,24,14,27,
1,25,26,24,27,4,
1,25,26,24,27,5,8,6,7,11,
1,25,26,24,27,8,
1,25,26,24,27,8,9,10,11,7,6,23,22,21,20,3,1,2,4,5,14,13,16,17,18,15,12,19,
1,25,26,24,27,9,
1,25,26,24,27,14,
1,25,26,24,27,19,
1,25,26,24,27,19,1,
1,25,26,24,27,19,1,17,5,14,
1,25,26,24,27,19,21,20,23,22,
1,25,26,24,27,22,
1,25,26,27,
1,25,26,27,2,3,
1,25,26,27,5,12,13,19,17,14,
1,25,26,27,5,14,
1,25,26,27,5,17,12,19,
1,25,26,27,5,18,
1,25,26,27,8,16,
1,25,26,27,8,22,
2,25,26,27,8,24,
1,25,26,27,14,5,
1,25,26,27,14,5,8,21,
1,25,26,27,14,17,5,13,10,9,12,15,16,24,
1,25,26,27,14,19,24,5,13,8,
1,25,26,27,19,13,
1,25,26,27,19,13,5,
1,25,26,27,22,23,
1,25,26,27,23,19,20,21,24,22,
1,25,26,27,24,
1,25,26,27,24,1,
1,25,26,27,24,4,
1,25,26,27,24,6,7,14,13,19,15,22,20,1,8,9,10,11,17,18,16,23,21,
1,25,26,27,24,14,
1,25,26,27,24,16,
1,25,26,27,24,19,
1,25,26,27,24,19,20,21,22,23,
1,25,26,27,24,21,23,
1,25,26,27,24,22,
1,25,26,27,24,23,14,5,
1,25,26,27,24,23,22,21,20,19,
1,25,27,1,2,3,
1,25,27,5,3,2,
1,25,27,5,7,21,
1,25,27,6,24,7,
1,25,27,8,7,6,9,10,11,
1,25,27,14,5,19,
2,25,27,14,17,5,
1,25,27,14,17,21,
1,25,27,17,14,4,
1,25,27,17,14,5,
1,25,27,19,6,1,
1,25,27,19,6,12,2,22,
1,25,27,19,12,20,13,24,21,14,26,22,23,
1,25,27,19,26,7,
2,25,27,24,1,9,
1,25,27,24,5,4,
1,25,27,24,6,12,26,
2,25,27,24,8,10,
1,25,27,24,10,9,6,7,8,11,13,15,14,12,16,17,18,26,4,3,2,1,5,19,20,21,22,23,
1,25,27,24,10,26,
1,25,27,24,19,4,17,
1,25,27,24,19,14,
2,25,27,24,26,14,
1,25,27,24,26,19,
2,25,27,24,26,22,
1,25,27,26,5,4,
1,25,27,26,24,5,
1,25,27,26,24,5,14,16,12,
1,25,27,26,24,14,
1,25,27,26,24,14,16,5,6,8,
2,25,27,26,24,19,
1,25,27,26,24,22,
1,26,1,3,4,6,14,17,19,
1,26,1,6,12,19,
1,26,1,8,14,21,
1,26,2,13,19,1,23,
1,26,4,7,16,23,
1,26,5,4,14,18,
1,26,5,4,27,24,
1,26,5,8,9,10,11,27,24,19,
1,26,5,8,25,14,
1,26,5,14,17,27,
1,26,5,14,25,4,
1,26,5,27,7,13,
1,26,5,27,14,19,
1,26,5,27,25,21,
1,26,6,7,8,9,10,11,
1,26,6,7,8,19,18,12,13,9,
1,26,6,25,5,19,
1,26,7,6,10,8,
1,26,7,10,21,15,12,6,11,27,25,24,19,14,13,16,17,23,22,20,8,9,18,3,2,1,5,4,
1,26,8,7,24,27,
1,26,8,9,10,7,
1,26,8,9,10,25,14,22,21,19,
1,26,8,9,27,7,
1,26,8,10,19,25,
1,26,8,25,24,10,
1,26,8,25,24,13,
1,26,10,7,11,8,6,9,19,25,
2,26,10,9,7,22,
1,26,12,5,25,17,
1,26,13,7,5,18,
1,26,14,5,4,24,17,
1,26,14,8,25,27,
1,26,14,12,13,25,15,16,17,27,
1,26,14,17,9,12,
1,26,14,21,20,4,5,27,7,19,
1,26,15,1,2,3,
1,26,15,18,13,20,19,12,14,16,17,22,2,4,5,10,9,8,1,3,7,6,11,21,23,24,25,27,
1,26,17,25,5,21,
1,26,18,6,7,8,19,12,9,10,
1,26,19,12,25,20,
1,26,19,20,21,22,23,
1,26,19,22,23,10,
1,26,19,23,24,27,
1,26,19,25,6,23,
1,26,20,16,8,5,
1,26,20,17,8,5,
1,26,20,21,27,14,
1,26,21,14,8,4,
1,26,22,4,10,17,
1,26,22,7,10,19,
1,26,23,9,22,8,
1,26,24,5,4,19,
1,26,24,9,6,8,27,7,10,5,
1,26,24,17,9,1,27,
1,26,24,19,8,15,
1,26,24,19,8,17,
1,26,24,19,21,20,
1,26,24,19,23,10,8,6,
1,26,24,25,13,10,8,7,19,21,2,
1,26,24,25,27,23,
2,26,24,27,6,7,
1,26,24,27,6,9,
1,26,24,27,25,19,
1,26,25,1,9,11,
49,26,25,5,8,14,
1,26,25,5,8,14,24,27,10,9,
1,26,25,5,9,22,
2,26,25,5,14,8,
1,26,25,5,14,13,
1,26,25,5,14,17,
1,26,25,5,14,24,
1,26,25,5,15,14,
1,26,25,5,21,19,
1,26,25,5,27,24,
1,26,25,6,7,8,9,10,11,27,
1,26,25,7,20,19,
1,26,25,8,5,14,
1,26,25,8,5,15,
1,26,25,8,5,27,
1,26,25,8,9,11,10,7,6,27,
1,26,25,8,14,5,
1,26,25,8,14,17,
1,26,25,8,17,27,
1,26,25,8,20,12,
1,26,25,8,22,19,
1,26,25,9,1,15,
1,26,25,9,7,8,
1,26,25,9,7,23,
1,26,25,9,17,13,5,14,19,21,
1,26,25,10,24,27,
1,26,25,12,13,14,15,16,17,18,19,5,27,
1,26,25,12,14,5,17,
1,26,25,13,10,17,
1,26,25,13,14,12,
1,26,25,13,16,10,
1,26,25,13,19,4,
1,26,25,14,4,13,
1,26,25,14,5,8,
5,26,25,14,8,5,
1,26,25,14,8,17,
3,26,25,14,17,5,
1,26,25,14,17,8,27,24,19,22,
1,26,25,14,17,13,
1,26,25,14,18,16,
1,26,25,14,19,22,
1,26,25,17,5,1,
1,26,25,17,5,14,
1,26,25,17,5,14,4,13,21,20,19,
3,26,25,17,14,5,
1,26,25,17,14,5,4,9,
1,26,25,19,1,2,
1,26,25,19,13,14,7,8,4,2,
1,26,25,19,20,21,22,23,
1,26,25,19,27,24,14,5,8,9,
1,26,25,24,8,5,
2,26,25,24,8,7,
1,26,25,24,17,5,
1,26,25,24,27,4,
1,26,25,24,27,4,7,1,2,3,
1,26,25,24,27,8,
1,26,25,24,27,13,
4,26,25,24,27,19,
2,26,25,24,27,19,1,
1,26,25,24,27,23,
1,26,25,27,5,4,
1,26,25,27,5,7,
1,26,25,27,8,14,
1,26,25,27,14,5,
1,26,25,27,17,14,8,24,13,19,
2,26,25,27,24,5,
1,26,25,27,24,6,
1,26,25,27,24,6,7,1,21,8,
2,26,25,27,24,8,
1,26,25,27,24,10,
1,26,25,27,24,17,
1,26,25,27,24,18,
4,26,25,27,24,19,
1,26,25,27,24,20,
1,26,27,4,5,1,2,3,
1,26,27,5,8,23,
1,26,27,6,24,10,
1,26,27,6,25,24,
1,26,27,8,5,9,
1,26,27,8,9,25,24,10,6,7,
1,26,27,9,24,5,8,10,11,19,
1,26,27,12,13,14,15,16,17,18,
1,26,27,13,19,20,8,
1,26,27,14,5,17,21,
1,26,27,14,5,21,16,
1,26,27,14,11,4,
1,26,27,24,6,10,
1,26,27,24,6,11,7,2,9,13,
1,26,27,24,8,6,
1,26,27,24,8,7,
1,26,27,24,8,7,9,10,6,
1,26,27,24,9,10,8,6,7,11,
1,26,27,24,19,11,
1,26,27,24,19,25,20,6,21,7,22,8,23,9,10,11,
1,26,27,24,21,22,
1,26,27,24,25,6,
1,26,27,24,25,6,7,
2,26,27,24,25,8,
1,26,27,24,25,21,
1,26,27,25,9,6,7,11,10,8,
1,26,27,25,24,5,4,1,2,3,14,13,15,16,17,18,12,
1,26,27,25,24,8,
1,26,27,25,24,8,9,10,7,14,17,6,11,16,13,18,
5,26,27,25,24,19,
1,27,1,2,13,19,
1,27,1,6,19,25,23,12,7,26,8,16,2,20,13,
1,27,1,7,6,21,
1,27,1,12,24,2,13,7,6,25,
1,27,1,13,18,2,12,3,4,5,14,15,16,17,25,24,
1,27,1,19,2,3,
1,27,1,24,6,12,26,21,8,25,
1,27,2,4,5,1,
1,27,2,24,3,19,20,
1,27,3,6,14,22,
1,27,3,18,10,19,
1,27,4,5,2,1,
1,27,5,4,14,18,
1,27,6,
1,27,6,1,7,11,
1,27,6,7,1,18,
1,27,6,7,1,24,
2,27,6,7,8,9,
1,27,6,7,8,9,10,
1,27,6,7,8,9,10,11,
1,27,6,7,8,9,10,11,25,26,
1,27,6,7,25,24,
1,27,6,7,25,26,
1,27,6,8,9,7,10,11,
1,27,6,10,9,8,26,24,7,11,
1,27,6,17,21,20,
1,27,6,19,17,8,
1,27,6,22,13,12,14,17,18,15,16,7,8,
2,27,6,24,1,25,
1,27,6,24,8,10,
1,27,6,24,26,25,
1,27,7,1,5,11,
1,27,8,11,22,18,
1,27,8,18,11,14,
1,27,8,22,24,9,
1,27,8,22,24,25,
1,27,8,26,24,13,
1,27,8,26,25,1,
1,27,8,26,25,13,
1,27,8,26,25,14,
1,27,9,10,8,24,11,7,6,25,
1,27,10,4,18,25,
1,27,10,7,14,17,1,2,4,5,
1,27,10,8,24,6,
1,27,10,9,8,24,7,6,25,26,
1,27,11,6,7,8,
1,27,11,6,7,9,
1,27,11,17,13,24,6,15,16,4,
1,27,11,24,25,26,
1,27,12,6,13,14,
1,27,12,13,26,14,15,16,17,18,
1,27,12,14,16,17,18,4,1,2,3,5,19,20,21,22,23,15,13,6,7,8,9,10,11,24,25,26,
1,27,12,18,14,17,
1,27,12,19,1,2,18,
1,27,12,19,13,20,14,21,15,22,16,23,17,18,25,26,6,7,8,9,10,11,5,4,3,2,1,24,
1,27,12,19,20,21,22,23,13,14,15,16,17,18,
1,27,13,10,16,1,
1,27,13,14,15,16,
1,27,13,14,26,25,
1,27,13,19,7,4,26,
1,27,14,9,10,8,
1,27,14,13,17,11,10,15,9,16,8,19,20,21,22,23,24,25,26,12,18,7,6,1,2,3,4,5,
1,27,16,17,12,18,
1,27,17,5,25,24,
1,27,18,15,24,12,
1,27,18,20,19,7,
1,27,18,21,6,1,
1,27,18,24,10,22,
1,27,18,26,16,19,22,12,20,21,
1,27,19,1,2,3,9,13,
1,27,19,7,24,25,26,1,9,14,
1,27,19,11,21,13,
1,27,19,12,20,13,21,14,3,22,15,4,23,25,16,5,24,17,26,18,1,2,11,7,8,9,10,6,
1,27,19,14,6,5,
1,27,19,14,10,23,
7,27,19,20,21,22,
1,27,19,20,22,23,
1,27,19,20,22,23,21,18,12,13,
1,27,19,22,20,1,13,12,21,25,23,4,2,14,16,
1,27,19,22,20,21,23,8,9,11,
1,27,19,23,18,11,17,22,16,10,26,25,24,15,9,21,14,8,13,7,6,12,5,4,3,2,20,1,
1,27,19,24,1,22,4,
1,27,19,24,12,20,
1,27,19,24,25,1,
1,27,19,25,1,22,
1,27,19,25,20,26,
1,27,19,26,7,21,
1,27,19,26,25,24,
1,27,20,13,9,5,
1,27,20,19,24,25,
1,27,21,8,10,19,
1,27,21,11,19,24,25,5,13,7,
1,27,21,13,11,19,
1,27,21,14,8,2,
1,27,21,15,8,5,
1,27,21,19,20,23,25,
1,27,21,22,14,3,
1,27,21,24,7,6,
1,27,21,25,6,26,24,
1,27,22,19,24,11,21,26,
1,27,22,21,20,19,23,
1,27,22,23,19,20,
1,27,22,25,4,5,
1,27,22,25,23,24,
1,27,23,18,11,5,
1,27,23,21,10,20,
1,27,23,22,21,20,19,26,25,24,18,17,16,15,14,13,12,11,10,9,8,7,6,5,4,3,2,1,
1,27,24,
1,27,24,1,2,3,
1,27,24,1,2,3,4,5,12,13,14,15,16,17,18,19,20,21,22,23,6,7,8,9,10,11,25,26,
1,27,24,1,6,7,
1,27,24,2,25,1,26,6,12,19,3,4,5,7,13,20,21,22,23,8,14,11,15,18,9,16,10,17,
1,27,24,3,7,1,
1,27,24,6,1,7,
1,27,24,6,1,21,11,8,26,4,
1,27,24,6,7,
72,27,24,6,7,1,
1,27,24,6,7,1,2,
1,27,24,6,7,1,2,3,4,5,
1,27,24,6,7,1,3,
1,27,24,6,7,1,4,5,17,14,
1,27,24,6,7,1,4,25,26,8,
1,27,24,6,7,1,8,9,10,26,
1,27,24,6,7,1,8,25,
2,27,24,6,7,1,8,26,21,9,
1,27,24,6,7,1,9,10,11,26,
1,27,24,6,7,1,12,
1,27,24,6,7,1,25,
1,27,24,6,7,1,25,8,23,26,
1,27,24,6,7,1,25,21,8,26,
14,27,24,6,7,1,25,21,26,8,
2,27,24,6,7,1,25,26,
2,27,24,6,7,1,25,26,8,19,
3,27,24,6,7,1,25,26,8,21,
1,27,24,6,7,1,25,26,19,21,
1,27,24,6,7,1,25,26,19,22,
1,27,24,6,7,1,25,26,20,22,
9,27,24,6,7,1,25,26,21,8,
1,27,24,6,7,1,25,26,21,8,19,20,22,23,12,13,14,15,16,17,18,9,10,11,2,3,4,5,
1,27,24,6,7,1,26,21,8,11,
1,27,24,6,7,1,26,25,8,21,
1,27,24,6,7,5,
4,27,24,6,7,8,
3,27,24,6,7,8,9,10,11,
1,27,24,6,7,8,9,10,11,19,
2,27,24,6,7,8,9,26,10,11,
2,27,24,6,7,9,
1,27,24,6,7,9,13,21,26,8,
1,27,24,6,7,9,13,26,21,8,
1,27,24,6,7,9,26,8,10,11,25,
1,27,24,6,7,10,12,19,20,
1,27,24,6,7,11,25,26,21,8,
3,27,24,6,7,13,
1,27,24,6,7,14,
2,27,24,6,7,19,
1,27,24,6,7,19,2,
1,27,24,6,7,19,8,9,10,11,18,17,16,15,14,13,12,25,26,20,21,22,23,5,4,3,2,1,
1,27,24,6,7,21,13,12,3,14,
1,27,24,6,7,21,19,8,26,1,
5,27,24,6,7,25,
1,27,24,6,7,25,9,8,10,22,
1,27,24,6,7,25,26,1,21,8,
4,27,24,6,7,26,
2,27,24,6,7,26,9,10,11,8,
1,27,24,6,7,26,17,
1,27,24,6,7,26,25,21,23,19,
1,27,24,6,8,10,
1,27,24,6,9,10,
1,27,24,6,10,26,
1,27,24,6,11,21,
1,27,24,6,19,22,
1,27,24,6,25,26,
1,27,24,7,8,10,9,26,6,19,
2,27,24,7,11,23,19,25,6,26,
3,27,24,7,25,26,
1,27,24,8,6,23,
1,27,24,8,7,6,9,10,11,26,
3,27,24,8,9,10,6,7,11,26,
1,27,24,8,10,9,6,
1,27,24,8,10,17,
1,27,24,8,10,23,19,20,21,22,
1,27,24,8,19,14,5,26,
1,27,24,8,26,25,
1,27,24,9,6,5,
1,27,24,10,8,9,6,7,11,26,
1,27,24,10,9,26,6,11,7,8,
1,27,24,10,22,23,
1,27,24,10,26,19,
1,27,24,12,1,3,
1,27,24,12,1,4,17,
1,27,24,13,6,7,
1,27,24,13,22,25,26,19,20,21,23,6,7,8,9,10,11,
1,27,24,14,5,12,6,7,1,
1,27,24,14,7,25,
1,27,24,14,21,19,
1,27,24,15,6,7,
1,27,24,17,7,2,3,4,5,6,
1,27,24,18,6,4,
1,27,24,19,7,12,
1,27,24,19,13,12,
1,27,24,19,20,21,22,23,
1,27,24,19,21,20,
1,27,24,19,22,12,
1,27,24,19,26,21,
1,27,24,19,26,25,
1,27,24,20,26,25,
1,27,24,21,6,7,19,
1,27,24,22,6,8,26,18,7,9,
1,27,24,22,13,26,
1,27,24,22,19,21,
1,27,24,23,22,21,20,19,18,
2,27,24,25,
1,27,24,25,2,26,
1,27,24,25,5,1,
1,27,24,25,6,1,22,21,12,8,
2,27,24,25,6,7,
1,27,24,25,6,7,1,26,9,11,
1,27,24,25,8,26,
1,27,24,25,15,8,2,18,19,21,5,4,
1,27,24,25,19,20,
1,27,24,25,19,22,1,2,6,
1,27,24,25,26,2,
1,27,24,25,26,5,
1,27,24,25,26,6,
1,27,24,25,26,6,8,7,
1,27,24,25,26,6,10,9,8,7,11,
1,27,24,25,26,7,
2,27,24,25,26,10,
1,27,24,25,26,11,10,21,23,22,
2,27,24,25,26,12,
1,27,24,25,26,18,
9,27,24,25,26,19,
2,27,24,25,26,20,
1,27,24,25,26,21,
1,27,24,25,26,23,
1,27,24,25,26,23,6,
1,27,24,26,6,8,
1,27,24,26,7,21,
1,27,24,26,9,6,
1,27,24,26,9,10,8,6,7,11,
1,27,24,26,19,8,
1,27,24,26,21,
1,27,24,26,22,19,
1,27,24,26,25,5,
1,27,24,26,25,11,9,8,6,10,
1,27,24,26,25,13,19,23,21,20,
3,27,24,26,25,19,
1,27,24,26,25,19,20,
1,27,24,26,25,20,22,
1,27,24,26,25,21,
1,27,25,6,7,1,
1,27,25,7,1,9,10,
1,27,25,7,19,14,17,26,5,24,
1,27,25,7,24,26,6,
1,27,25,7,26,13,
1,27,25,8,13,21,20,19,7,15,
1,27,25,10,13,14,
1,27,25,12,19,13,
1,27,25,13,4,5,
1,27,25,13,5,26,17,24,
1,27,25,13,22,24,
1,27,25,14,12,20,
1,27,25,19,7,2,
1,27,25,19,12,26,
1,27,25,19,21,23,26,24,22,20,
1,27,25,19,24,26,
1,27,25,21,26,5,
1,27,25,22,19,20,21,23,
1,27,25,24,7,1,8,21,20,19,
1,27,25,24,7,6,
1,27,25,24,12,13,
1,27,25,24,17,5,
1,27,25,24,17,14,5,4,
1,27,25,24,19,7,21,10,26,12,
1,27,25,24,19,13,8,26,6,14,
1,27,25,24,21,19,1,2,3,4,5,
1,27,25,24,26,4,
1,27,25,24,26,7,6,
1,27,25,24,26,11,
1,27,25,24,26,12,6,8,14,23,
1,27,25,24,26,14,
1,27,25,24,26,14,18,10,8,5,
2,27,25,24,26,19,
1,27,25,24,26,19,1,6,12,13,20,
2,27,25,24,26,21,
1,27,25,26,24,4,
1,27,25,26,24,5,
1,27,25,26,24,5,14,17,
1,27,25,26,24,6,8,10,17,3,
1,27,25,26,24,19,
1,27,25,26,24,20,22,12,6,1,
1,27,25,26,24,21,
3,27,25,26,24,22,
2,27,25,26,24,23,
1,27,25,26,24,23,13,8,
1,27,25,26,24,23,22,21,20,19,
1,27,26,5,13,17,
1,27,26,7,25,6,
1,27,26,8,25,24,19,9,6,
1,27,26,14,19,25,1,6,7,8,
1,27,26,19,1,21,
1,27,26,19,6,9,
1,27,26,19,21,23,
1,27,26,19,23,9,7,
1,27,26,20,22,17,
1,27,26,21,9,24,
1,27,26,23,22,7,
3,27,26,24,7,6,
2,27,26,24,8,7,
1,27,26,24,19,10,9,8,7,6,
1,27,26,24,19,21,
1,27,26,24,22,25,
2,27,26,24,25,5,
1,27,26,24,25,7,
1,27,26,24,25,18,
1,27,26,24,25,19,
1,27,26,24,25,21,16,17,13,1,2,4,7,6,9,8,3,18,15,19,23,12,5,11,22,20,10,14,
1,27,26,25,6,22,7,19,20,21,
1,27,26,25,7,24,
1,27,26,25,14,9,
1,27,26,25,16,9,
1,27,26,25,19,22,
1,27,26,25,21,6,7,8,1,24,
4,27,26,25,24,5,
3,27,26,25,24,6,7,8,9,10,11,
1,27,26,25,24,6,7,8,9,10,11,19,20,21,22,23,18,17,16,15,14,13,12,5,4,3,2,1,
1,27,26,25,24,6,9,10,
2,27,26,25,24,7,
3,27,26,25,24,8,
2,27,26,25,24,9,
1,27,26,25,24,12,
1,27,26,25,24,13,
4,27,26,25,24,19,
2,27,26,25,24,19,20,21,22,23,
1,27,26,25,24,19,22,23,21,20,
1,27,26,25,24,21,
3,27,26,25,24,22,
1,27,26,25,24,22,20,
4,27,26,25,24,23,
1,27,26,25,24,23,18,11,5,22,
1,27,26,25,24,23,22,21,20,19,18,17,16,
Candidate 1,MORRISON Garth,A,
Candidate 2,McCOLL Mike,A,
Candidate 3,VAN DER LINDEN Fernando,A,
Candidate 4,CHAPMAN Jil,A,
Candidate 5,SMITH Alison,A,
Candidate 6,SCHWEIKERT Mark,B,
Candidate 7,HICKS Trevor,B,
Candidate 8,HOLTHOUSE David,B,
Candidate 9,FALKINER James,B,
Candidate 10,RUTLEDGE William,B,
Candidate 11,BOS Kerry,B,
Candidate 12,HOGARTH-BOYD Belinda,C,
Candidate 13,MARSHALL Peter,C,
Candidate 14,HAND Sandra,C,
Candidate 15,LANGFORD Geoffrey,C,
Candidate 16,DIGNAN Cecily,C,
Candidate 17,RICHARDS Bronwyn,C,
Candidate 18,HENRY Naomi,C,
Candidate 19,HARRISON Pete,D,
Candidate 20,FRANCE Keith,D,
Candidate 21,GEORGE Greg,D,
Candidate 22,MONTESIN Helen,D,
Candidate 23,VAN DER STRAATEN John,D,
Candidate 24,MARJASON Ian,UG,
Candidate 25,COCKRAM Paul,UG,
Candidate 26,PETERS Ian,UG,
Candidate 27,GRAHAM Richard,UG,
NSW Local Government 2012 Palerang Council,
