14,6
417,1
426,1,2
107,1,2,3
7,1,2,3,4
7,1,2,3,4,5
5,1,2,3,4,5,6
4,1,2,3,4,5,6,7
16,1,2,3,4,5,6,7,8
1,1,2,3,4,5,6,8,7
1,1,2,3,4,5,7,8,6
19,1,2,3,4,5,8
4,1,2,3,4,5,8,6,7
1,1,2,3,4,5,8,7,6
1,1,2,3,4,5,8,9
3,1,2,3,4,6
1,1,2,3,4,6,5
1,1,2,3,4,6,7,8
3,1,2,3,4,7
1,1,2,3,4,7,5
1,1,2,3,4,7,6,5,8
4,1,2,3,4,8
1,1,2,3,4,8,5,6,7
12,1,2,3,5
4,1,2,3,5,4
1,1,2,3,5,4,6
1,1,2,3,5,4,6,7,8
1,1,2,3,5,4,7,8
1,1,2,3,5,4,8
2,1,2,3,5,6
1,1,2,3,5,6,8,7
1,1,2,3,5,6,8,7,4
7,1,2,3,5,8
2,1,2,3,5,8,4
1,1,2,3,5,8,6
8,1,2,3,6
1,1,2,3,6,4,5,7,8
1,1,2,3,6,4,8
1,1,2,3,6,5
1,1,2,3,6,7,8
1,1,2,3,6,8
1,1,2,3,6,8,4
1,1,2,3,6,8,5
2,1,2,3,7
1,1,2,3,7,4
1,1,2,3,7,4,6
1,1,2,3,7,8
1,1,2,3,7,8,4
1,1,2,3,7,8,5
7,1,2,3,8
1,1,2,3,8,4
3,1,2,3,8,4,5
1,1,2,3,8,4,5,6,7
2,1,2,3,8,5
4,1,2,3,8,5,4
1,1,2,3,8,5,4,6,7
1,1,2,3,8,6,4,5,7
1,1,2,3,8,6,5
1,1,2,3,8,6,5,4
2,1,2,3,9
1,1,2,3,9,5
1,1,2,3,9,8
31,1,2,4
1,1,2,4,3
1,1,2,4,3,5,6,7,8
1,1,2,4,3,5,7,8,6
1,1,2,4,3,5,8
2,1,2,4,3,6
1,1,2,4,3,7,8,6
1,1,2,4,3,8,5,7,6
6,1,2,4,5
2,1,2,4,5,3
2,1,2,4,5,6
1,1,2,4,5,6,8,3
2,1,2,4,5,7,6
3,1,2,4,5,8
1,1,2,4,5,8,3
1,1,2,4,5,8,6,7
1,1,2,4,5,8,7
1,1,2,4,5,8,7,6
1,1,2,4,6
1,1,2,4,6,3
1,1,2,4,6,5
3,1,2,4,6,8
1,1,2,4,6,8,5
1,1,2,4,7
1,1,2,4,7,3
1,1,2,4,7,3,5,6,8
1,1,2,4,7,5,3
1,1,2,4,7,6,5,8
2,1,2,4,8
1,1,2,4,8,3,5,7,6
1,1,2,4,8,3,6,5
1,1,2,4,8,5
1,1,2,4,8,5,3,7,6
1,1,2,4,8,6
56,1,2,5
11,1,2,5,3
5,1,2,5,3,4
1,1,2,5,3,4,6,7,8
2,1,2,5,3,4,8
1,1,2,5,3,6
1,1,2,5,3,6,4
1,1,2,5,3,7,6
2,1,2,5,3,8
1,1,2,5,3,8,4
6,1,2,5,4
3,1,2,5,4,3
3,1,2,5,4,3,8
1,1,2,5,4,6
1,1,2,5,4,6,7,8,3
1,1,2,5,4,7,8,3
1,1,2,5,4,7,8,6
2,1,2,5,4,8
7,1,2,5,6
2,1,2,5,6,3,4
1,1,2,5,6,4
1,1,2,5,6,4,8,3,7
4,1,2,5,6,7
1,1,2,5,6,7,8,4,3
3,1,2,5,6,8,3
1,1,2,5,6,8,4,7
4,1,2,5,7
1,1,2,5,7,6,3,4,8
1,1,2,5,7,8,3,4,6
6,1,2,5,8
1,1,2,5,8,3
3,1,2,5,8,3,4
1,1,2,5,8,3,4,6,7
1,1,2,5,8,4,3,7,6
40,1,2,6
8,1,2,6,3
1,1,2,6,3,5,4,8
1,1,2,6,3,7
2,1,2,6,3,7,8,4,5
1,1,2,6,3,8
4,1,2,6,4
1,1,2,6,4,3,7,8
1,1,2,6,4,5,3,8,7
2,1,2,6,4,5,8,3
5,1,2,6,5
1,1,2,6,5,3
1,1,2,6,5,3,4,8,7
1,1,2,6,5,4
1,1,2,6,5,4,3
1,1,2,6,5,4,3,7
6,1,2,6,7
2,1,2,6,7,4
1,1,2,6,7,4,3
1,1,2,6,7,8
4,1,2,6,8
1,1,2,6,8,3,4
1,1,2,6,8,3,4,5
1,1,2,6,8,3,4,5,7
1,1,2,6,8,3,5
1,1,2,6,8,3,5,7
1,1,2,6,8,4,3
1,1,2,6,8,4,3,5,7
1,1,2,6,8,7,3
1,1,2,6,8,7,5,4,3
6,1,2,7
2,1,2,7,3
1,1,2,7,3,4
1,1,2,7,3,4,5
2,1,2,7,3,5,8
2,1,2,7,4
1,1,2,7,4,8,3,6
1,1,2,7,4,8,5
1,1,2,7,5
1,1,2,7,5,3
1,1,2,7,5,3,4,6,8
1,1,2,7,5,3,6
1,1,2,7,5,4
1,1,2,7,5,4,3
2,1,2,7,6
1,1,2,7,6,5,4,8
1,1,2,7,6,8
1,1,2,7,8,6,4,3,5
1,1,2,7,8,6,5,3,4
24,1,2,8
8,1,2,8,3
1,1,2,8,3,4
7,1,2,8,3,4,5
3,1,2,8,3,4,5,6,7
2,1,2,8,3,5
1,1,2,8,3,5,4
1,1,2,8,3,7,4
1,1,2,8,3,7,4,5,6
2,1,2,8,4,3
1,1,2,8,4,5
1,1,2,8,4,5,3
1,1,2,8,4,5,6
1,1,2,8,4,5,6,3,7
1,1,2,8,4,7,5,3,6
4,1,2,8,5
1,1,2,8,5,3
1,1,2,8,5,3,4
2,1,2,8,5,3,4,6,7
3,1,2,8,5,4
2,1,2,8,5,4,3
1,1,2,8,5,4,3,6,7
2,1,2,8,5,6
1,1,2,8,5,6,3
1,1,2,8,5,6,4,7,3
1,1,2,8,5,6,7
7,1,2,8,6
2,1,2,8,6,4
1,1,2,8,6,5
1,1,2,8,6,5,7,4,3
1,1,2,8,7
1,1,2,8,7,3,4,6,5
1,1,2,8,7,4,6,5
1,1,2,8,7,5,4,6,3
1,1,2,8,7,5,6,4,3
4,1,2,8,7,6,5,4,3
47,1,3
24,1,3,2
2,1,3,2,4
1,1,3,2,4,5,6,7,8
1,1,3,2,4,5,8
1,1,3,2,4,6,7
1,1,3,2,4,7,8,6,5
1,1,3,2,4,8,7
1,1,3,2,5
1,1,3,2,5,4,8
1,1,3,2,5,6
1,1,3,2,6
1,1,3,2,6,4
1,1,3,2,6,4,5,8,7
1,1,3,2,6,7
1,1,3,2,6,7,8
1,1,3,2,6,7,8,4,5
1,1,3,2,7
1,1,3,2,7,5
2,1,3,2,8
3,1,3,2,8,4,5
1,1,3,2,8,5,4
3,1,3,4
2,1,3,4,2,8,5
1,1,3,4,2,8,5,6
3,1,3,4,5
1,1,3,4,5,2,8
1,1,3,4,5,2,8,7,6
1,1,3,4,5,6,2,8,7
1,1,3,4,5,6,8
1,1,3,4,5,7,8,6
1,1,3,4,5,8,7,6,2
1,1,3,4,6,8,2,5,7
1,1,3,4,7,6,8
1,1,3,4,8
2,1,3,4,8,5,6,7
5,1,3,5
1,1,3,5,2
1,1,3,5,2,4
1,1,3,5,2,4,6,7,8
1,1,3,5,2,8
1,1,3,5,4,6,7
1,1,3,5,6
1,1,3,5,6,7
1,1,3,5,7,2,6,4,8
1,1,3,5,7,2,6,8,4
1,1,3,5,8,2,4
5,1,3,6
1,1,3,6,2
1,1,3,6,4,7,2,8,5
1,1,3,6,5
1,1,3,6,7
1,1,3,6,7,4,8
1,1,3,6,7,8,4,5
1,1,3,6,7,8,5,2,4
1,1,3,6,8,7,5,2,4
1,1,3,7
1,1,3,7,2
2,1,3,7,4,5
6,1,3,8
1,1,3,8,2
2,1,3,8,2,4,5,6,7
1,1,3,8,2,5,4
1,1,3,8,2,6,5,4,7
1,1,3,8,4
1,1,3,8,4,2
1,1,3,8,4,5
1,1,3,8,5,6
3,1,3,8,6
1,1,3,8,6,5
1,1,3,8,6,7,2,4,5
13,1,4
6,1,4,2
1,1,4,2,3
1,1,4,2,3,5,6
1,1,4,2,5
1,1,4,2,6
1,1,4,2,6,7,3
1,1,4,2,7
1,1,4,2,7,5,3
1,1,4,2,8
1,1,4,2,8,3
1,1,4,2,8,5,3
1,1,4,2,8,6
2,1,4,3
1,1,4,3,2,5,6
1,1,4,3,2,8,5
1,1,4,3,2,8,5,6,7
1,1,4,3,6
1,1,4,3,7
1,1,4,3,8
1,1,4,3,8,5,6
10,1,4,5
1,1,4,5,2,3,6,8,7
1,1,4,5,2,6,8
1,1,4,5,3,6,7,8
1,1,4,5,6,7,2,8
1,1,4,5,6,8
1,1,4,5,7,8,2
2,1,4,5,8,2
1,1,4,5,8,2,3,6,7
1,1,4,5,8,3
1,1,4,5,8,6
1,1,4,5,8,6,7,2,3
6,1,4,6
1,1,4,6,3
1,1,4,6,8
1,1,4,6,8,5
6,1,4,7
1,1,4,7,3,2,6
1,1,4,7,3,5
1,1,4,7,5,3,2,8
2,1,4,7,8,3,2
1,1,4,7,8,3,2,6,5
1,1,4,7,8,6
3,1,4,8
4,1,4,8,2
1,1,4,8,2,3
1,1,4,8,2,3,5
1,1,4,8,2,5,3
1,1,4,8,2,7,6,5,3
2,1,4,8,5,2
1,1,4,8,5,3,2
1,1,4,8,6,2,7
1,1,4,8,7,6,2,3,5
1,1,4,8,7,6,5
35,1,5
16,1,5,2
2,1,5,2,3
1,1,5,2,3,4
1,1,5,2,3,4,6,7,8
1,1,5,2,3,6,8
1,1,5,2,3,7,4,8,6
1,1,5,2,3,7,8,6,4
1,1,5,2,3,8
1,1,5,2,3,8,4,6,7
1,1,5,2,4
2,1,5,2,4,3,8
1,1,5,2,4,3,8,6,7
2,1,5,2,4,7,3
1,1,5,2,4,8,3,6,7
1,1,5,2,6,3,8
1,1,5,2,6,7,8,3
1,1,5,2,7,6
3,1,5,2,8
1,1,5,2,8,3,4,6
1,1,5,2,8,4,3,6
1,1,5,2,8,6,4
1,1,5,2,8,7,4,3
7,1,5,3
2,1,5,3,2
1,1,5,3,2,4,8,6,7
1,1,5,3,2,6
1,1,5,3,2,6,7,4
1,1,5,3,2,8
1,1,5,3,2,8,4,6,7
1,1,5,3,2,8,7,6
1,1,5,3,4
1,1,5,3,4,2
1,1,5,3,7,6
1,1,5,3,8,4,6,7,2
6,1,5,4
1,1,5,4,2,3,6
1,1,5,4,3
1,1,5,4,3,2
1,1,5,4,3,8,2
1,1,5,4,3,8,6
1,1,5,4,6,12,13,2
1,1,5,4,7
1,1,5,4,8,2,3
1,1,5,4,8,2,6,7,3
12,1,5,6
1,1,5,6,2
1,1,5,6,3,2,4
1,1,5,6,3,7
1,1,5,6,4,7,2
1,1,5,6,4,8,3,2
1,1,5,6,7
1,1,5,6,7,4
1,1,5,6,7,8,2,3
2,1,5,6,8
3,1,5,7
2,1,5,7,2
1,1,5,7,6
1,1,5,7,8,2
1,1,5,7,8,6
8,1,5,8
3,1,5,8,2
1,1,5,8,2,4,3,7,6
1,1,5,8,4,2,3
1,1,5,8,4,3,2
1,1,5,8,6
1,1,5,8,6,4
1,1,5,9
41,1,6
12,1,6,2
1,1,6,2,3,4
1,1,6,2,3,4,5,7
1,1,6,2,3,4,5,8,7
1,1,6,2,3,5
1,1,6,2,3,7
2,1,6,2,4
1,1,6,2,4,3,7,5,8
1,1,6,2,4,5,8,3,7
1,1,6,2,5,3
1,1,6,2,5,4,7
1,1,6,2,5,4,7,8
1,1,6,2,7,5,3,4,8
1,1,6,2,8
1,1,6,2,8,7,4,3,5
2,1,6,3
1,1,6,3,4
1,1,6,3,4,5,8,7,2
1,1,6,3,5,7,2,8
4,1,6,4
1,1,6,4,2,5,3,7,8
1,1,6,4,2,8,7,3,5
1,1,6,4,7
8,1,6,5
1,1,6,5,2
1,1,6,5,4,3,2
1,1,6,5,4,3,2,7,8
1,1,6,5,4,8
1,1,6,5,7
1,1,6,5,7,8,2,3
10,1,6,7
1,1,6,7,2
1,1,6,7,5,2,8,3,4
1,1,6,7,8
1,1,6,7,8,2
8,1,6,8
2,1,6,8,2
1,1,6,8,2,4
2,1,6,8,3,5
1,1,6,8,4
1,1,6,8,4,3,7
1,1,6,8,4,5
1,1,6,8,5,2,4,3
1,1,6,8,7
1,1,6,8,7,3,2,4,5
1,1,6,8,7,5,2,3,4
10,1,7
11,1,7,2
1,1,7,2,3,4,5
1,1,7,2,3,6
1,1,7,2,4
1,1,7,2,5,8,6,4,3
1,1,7,3
1,1,7,3,2
1,1,7,3,2,4,5,8,6
1,1,7,3,4,5,8,2
1,1,7,3,5,4,6
1,1,7,3,6
1,1,7,3,6,8,4,5
1,1,7,3,8,6,4
4,1,7,4
1,1,7,4,5
2,1,7,5
1,1,7,5,2,8,3,6,4
1,1,7,5,3
1,1,7,5,4,2
5,1,7,6
1,1,7,6,2
1,1,7,6,2,3,4,5,8
1,1,7,6,2,5,8
1,1,7,8,2,3,4,5,6
1,1,7,8,2,5,3
1,1,7,8,2,6,3,4,5
1,1,7,8,3,4,6
1,1,7,8,4,3,5,2,6
1,1,7,8,6,2,3,4
18,1,8
11,1,8,2
1,1,8,2,3
2,1,8,2,3,4,5
2,1,8,2,3,4,5,6,7
1,1,8,2,3,5,4,6,7
1,1,8,2,4
3,1,8,2,4,3,5
1,1,8,2,4,5,3
1,1,8,2,4,6,7
1,1,8,2,4,7
2,1,8,2,5,3
2,1,8,2,5,3,4
1,1,8,2,5,6,4
2,1,8,2,6
1,1,8,2,7
5,1,8,3
2,1,8,3,2
1,1,8,3,2,6
1,1,8,3,4
1,1,8,3,4,5
1,1,8,3,4,5,2
2,1,8,3,4,5,7
1,1,8,3,4,7
1,1,8,3,5
1,1,8,3,5,4,7
1,1,8,3,5,6
1,1,8,3,7,4,2
2,1,8,4
1,1,8,4,2,6,3
1,1,8,4,3
1,1,8,4,3,5,2
2,1,8,4,6
1,1,8,4,6,3,2,5,7
1,1,8,4,7
1,1,8,5,2,3,6,4,7
1,1,8,5,3,2,6,7
1,1,8,5,4
1,1,8,5,4,2,3
1,1,8,5,4,2,3,6,7
1,1,8,5,4,3,2
1,1,8,5,4,6,7,3,2
1,1,8,5,6,4
1,1,8,5,6,7
7,1,8,6
1,1,8,6,2
1,1,8,6,2,3,4,7,5
1,1,8,6,2,7,3,4,5
1,1,8,6,3,2,4,5,7
1,1,8,6,3,4,5
1,1,8,6,4,3
1,1,8,6,4,5,2
1,1,8,6,4,5,3,7,2
1,1,8,6,5
1,1,8,6,5,4,2
1,1,8,6,5,4,3,2
1,1,8,6,5,7,4,2,3
1,1,8,6,7,5
1,1,8,7,2,6,3,4,5
1,1,8,7,3,2,6,4
1,1,8,7,3,4,5
1,1,8,7,3,4,5,6,2
1,1,8,7,3,5,6,4,2
2,1,8,7,4
1,1,8,7,4,6,2,5,3
1,1,8,7,4,6,5,3,2
1,1,8,7,6,2
1,1,8,7,6,4,2
1,1,8,7,6,4,5
1,1,8,7,6,5,2,3,4
1,1,8,7,6,5,3
2,1,8,7,6,5,4,3,2
3,1,9
1,1,9,10,11,12,13,14,2
1,1,10
406,2
413,2,1
105,2,1,3
7,2,1,3,4
1,2,1,3,4,5
2,2,1,3,4,5,6
4,2,1,3,4,5,6,7,8
1,2,1,3,4,5,6,8
7,2,1,3,4,5,8
1,2,1,3,4,5,8,6,7
1,2,1,3,4,5,8,7,6
2,2,1,3,4,6
1,2,1,3,4,6,5
1,2,1,3,4,6,5,7,8
1,2,1,3,4,6,7,5,8
1,2,1,3,4,6,8
1,2,1,3,4,6,8,7
1,2,1,3,4,7
1,2,1,3,4,7,5,6,8
3,2,1,3,4,8,5
1,2,1,3,4,8,7,6,5
14,2,1,3,5
8,2,1,3,5,4
2,2,1,3,5,4,6,7,8
1,2,1,3,5,4,6,8,7
3,2,1,3,5,4,8
2,2,1,3,5,4,8,6,7
1,2,1,3,5,6,4
1,2,1,3,5,6,7,8,4
2,2,1,3,5,6,8,4,7
1,2,1,3,5,7,4,6,8
1,2,1,3,5,7,8
3,2,1,3,5,8
1,2,1,3,5,8,4
7,2,1,3,6
2,2,1,3,6,4,5,7
2,2,1,3,6,4,8,5,7
1,2,1,3,6,5
1,2,1,3,6,5,4,7,8
1,2,1,3,6,5,7,4
1,2,1,3,6,7,5,8,4
1,2,1,3,6,7,8,5
1,2,1,3,6,7,8,5,4
1,2,1,3,6,8
1,2,1,3,6,8,4,5,7
1,2,1,3,7
1,2,1,3,7,4
1,2,1,3,7,4,8
1,2,1,3,7,5,4
1,2,1,3,7,5,6
4,2,1,3,8
1,2,1,3,8,4
1,2,1,3,8,5
2,2,1,3,8,5,4
1,2,1,3,8,5,4,7,6
1,2,1,3,8,5,6,4,7
1,2,1,3,8,6
1,2,1,3,8,6,5
1,2,1,3,8,7,6,5,4
24,2,1,4
1,2,1,4,3
1,2,1,4,3,5
3,2,1,4,3,5,7,8,6
2,2,1,4,3,5,8
2,2,1,4,3,6
1,2,1,4,3,8,5,6
1,2,1,4,3,8,7,5
3,2,1,4,5
1,2,1,4,5,3
1,2,1,4,5,3,8
1,2,1,4,5,6,8,7
1,2,1,4,5,8,7,6
1,2,1,4,6
1,2,1,4,6,8
1,2,1,4,6,8,3
4,2,1,4,7
4,2,1,4,8
1,2,1,4,8,6,7
44,2,1,5
10,2,1,5,3
2,2,1,5,3,4
1,2,1,5,3,4,6,7,8
1,2,1,5,3,4,8
2,2,1,5,3,6
1,2,1,5,3,6,7
1,2,1,5,3,6,8,4,7
2,2,1,5,3,8
1,2,1,5,3,8,4,6,7
1,2,1,5,3,8,6
6,2,1,5,4
4,2,1,5,4,3
2,2,1,5,4,3,6,7,8
1,2,1,5,4,3,8
1,2,1,5,4,3,8,7,6
1,2,1,5,4,6,7
2,2,1,5,6
1,2,1,5,6,3,4,8
1,2,1,5,6,3,7,4,8
1,2,1,5,6,3,8
1,2,1,5,6,3,8,7,4
1,2,1,5,6,4
1,2,1,5,6,4,3,8,7
1,2,1,5,6,4,7,3
1,2,1,5,6,4,7,8
1,2,1,5,6,7
1,2,1,5,6,7,8
1,2,1,5,6,7,8,3,4
1,2,1,5,6,8,4,7,3
2,2,1,5,6,8,7
1,2,1,5,6,8,7,3,4
2,2,1,5,7
2,2,1,5,7,3
1,2,1,5,7,3,4,8,6
1,2,1,5,7,3,8,6
1,2,1,5,8,3
2,2,1,5,8,3,4
1,2,1,5,8,3,4,6,7
1,2,1,5,8,4
1,2,1,5,8,4,3
1,2,1,5,8,6,3
1,2,1,5,8,6,3,4,7
1,2,1,5,8,7
30,2,1,6
2,2,1,6,3
1,2,1,6,3,4,5
1,2,1,6,3,4,7,5
1,2,1,6,3,7,4,5,8
1,2,1,6,3,8,5
2,2,1,6,4
1,2,1,6,4,3,7,5,8
1,2,1,6,4,7,5,3,8
3,2,1,6,5
1,2,1,6,5,3
1,2,1,6,5,3,4
1,2,1,6,5,4
1,2,1,6,5,4,3
1,2,1,6,5,4,8,3
1,2,1,6,5,8
1,2,1,6,5,8,3
2,2,1,6,7
1,2,1,6,7,3,4,5,8
1,2,1,6,7,5,4,3,8
1,2,1,6,7,5,4,8,3
1,2,1,6,7,8,5,4,3
2,2,1,6,8
1,2,1,6,8,3,4,7,5
1,2,1,6,8,5
1,2,1,6,8,5,7,4
1,2,1,6,8,7,5,3,4
11,2,1,7
2,2,1,7,3
1,2,1,7,3,4
2,2,1,7,3,5
1,2,1,7,3,8,5,6,4
1,2,1,7,4
1,2,1,7,4,3
1,2,1,7,4,5
1,2,1,7,5
1,2,1,7,5,4,6
1,2,1,7,5,8
2,2,1,7,6
1,2,1,7,6,5,4,3
1,2,1,7,6,8,5,4,3
1,2,1,7,8
1,2,1,7,8,5
20,2,1,8
1,2,1,8,3
1,2,1,8,3,4
4,2,1,8,3,4,5
1,2,1,8,3,4,5,6
2,2,1,8,3,4,5,6,7
2,2,1,8,3,4,5,7,6
2,2,1,8,3,5
5,2,1,8,3,5,4
1,2,1,8,3,5,4,6,7
1,2,1,8,3,5,6
1,2,1,8,3,6
1,2,1,8,3,6,4
1,2,1,8,3,6,5,4,7
1,2,1,8,3,6,7,5,4
2,2,1,8,4,3,5
1,2,1,8,4,5
1,2,1,8,4,5,3
1,2,1,8,4,5,6,7,3
1,2,1,8,5
1,2,1,8,5,3
2,2,1,8,5,3,4
1,2,1,8,5,3,4,7,6
1,2,1,8,5,4
4,2,1,8,5,4,3
1,2,1,8,5,6
1,2,1,8,5,7,3,6,4
1,2,1,8,5,7,4,6
1,2,1,8,6
2,2,1,8,6,5
1,2,1,8,6,5,3,4,7
1,2,1,8,6,5,4
1,2,1,8,6,5,4,7,3
1,2,1,8,6,7,3,4,5
1,2,1,8,6,7,4,3,5
3,2,1,8,7
4,2,1,8,7,3,4,5,6
1,2,1,8,7,5,4,3
1,2,1,8,7,5,6,4,3
1,2,1,8,7,6,4,5
1,2,1,8,7,6,5,3,4
2,2,1,8,7,6,5,4,3
56,2,3
34,2,3,1
1,2,3,1,4
1,2,3,1,4,5,6,7,8
1,2,3,1,4,5,8,6,7
1,2,3,1,4,7
1,2,3,1,4,7,6,5,8
1,2,3,1,4,8,6
2,2,3,1,5
1,2,3,1,5,4,6,7
2,2,3,1,5,6,7,8,4
1,2,3,1,5,6,8,4
1,2,3,1,5,7,6,4,8
1,2,3,1,5,8,6,4,7
1,2,3,1,5,8,6,7,4
2,2,3,1,6
1,2,3,1,6,4
1,2,3,1,6,4,5,8,7
1,2,3,1,6,7,5,4
2,2,3,1,7
1,2,3,1,7,5
1,2,3,1,8,5
1,2,3,1,8,5,6,4
1,2,3,1,8,7,6,5,4
6,2,3,4
1,2,3,4,1,5,8
1,2,3,4,1,8
1,2,3,4,5
1,2,3,4,5,1
2,2,3,4,5,1,8
1,2,3,4,5,1,8,7,6
1,2,3,4,5,6
3,2,3,4,5,6,7
1,2,3,4,5,6,7,8
11,2,3,4,5,6,7,8,1
1,2,3,4,5,6,8
9,2,3,4,5,8,1
2,2,3,4,5,8,1,6,7
2,2,3,4,5,8,1,7,6
1,2,3,4,5,8,7,6
2,2,3,4,6
1,2,3,4,6,7,1
1,2,3,4,6,7,8,1
1,2,3,4,7,8,1,5,6
1,2,3,4,8
1,2,3,4,8,1,5
1,2,3,4,8,1,6,7,5
8,2,3,5
1,2,3,5,1
1,2,3,5,1,4
1,2,3,5,1,4,8
1,2,3,5,1,6,7,4,8
1,2,3,5,1,8,7,6
2,2,3,5,4,1
1,2,3,5,4,1,7,8,6
1,2,3,5,4,6,7,8,1
1,2,3,5,4,8,1
2,2,3,5,4,8,1,7,6
1,2,3,5,6
1,2,3,5,6,1,7,8
1,2,3,5,6,8,1,4,7
1,2,3,5,7,8
1,2,3,5,8,1,4
1,2,3,5,8,1,6,7
9,2,3,6
1,2,3,6,1
1,2,3,6,1,8,5,4,7
1,2,3,6,4,5,7,8,1
1,2,3,6,4,5,8,1
1,2,3,6,4,7
1,2,3,6,4,8
1,2,3,6,5,8,1
3,2,3,6,7
1,2,3,6,7,1,8,5,4
1,2,3,6,7,4,5
1,2,3,6,7,8,5,4
1,2,3,6,8,1,4,5
1,2,3,6,8,5,4,1,7
1,2,3,6,8,7
4,2,3,7
2,2,3,7,1
1,2,3,7,4,1
1,2,3,7,5
2,2,3,7,6
1,2,3,7,6,5,1,4,8
1,2,3,7,6,5,8,1,4
1,2,3,7,8
1,2,3,7,8,1,6,5,4
1,2,3,7,8,6,4,5,1
6,2,3,8
1,2,3,8,1,4
1,2,3,8,1,4,5,7,6
1,2,3,8,1,5
1,2,3,8,1,5,4
1,2,3,8,1,5,4,7,6
1,2,3,8,1,6
1,2,3,8,4,5,1
1,2,3,8,4,5,1,6,7
1,2,3,8,4,5,7,1,6
1,2,3,8,4,7,6
1,2,3,8,5,6
1,2,3,8,6,5
1,2,3,8,6,7,1,4,5
14,2,4
9,2,4,1
1,2,4,1,3
1,2,4,1,3,5,8,7,6
1,2,4,1,5
1,2,4,1,5,8
1,2,4,1,7,6
1,2,4,1,8
1,2,4,3
2,2,4,3,1
1,2,4,3,1,8,5,6
1,2,4,3,5,1,7
1,2,4,3,5,8,1,6,7
1,2,4,3,7
1,2,4,3,8,7,6,5,1
3,2,4,5
1,2,4,5,3
1,2,4,5,6
1,2,4,5,6,7,8,3,1
1,2,4,5,8,1,3,6,7
5,2,4,6
1,2,4,6,3,1
2,2,4,6,8
1,2,4,7
4,2,4,8
1,2,4,8,1,3,6
1,2,4,8,1,5
1,2,4,8,3,5,6,1,7
1,2,4,8,5,3,1,6,7
1,2,4,8,5,6,1
1,2,4,8,6,7,3,1,5
15,2,5
5,2,5,1
1,2,5,1,3,6
1,2,5,1,4
1,2,5,1,4,3,6,7,8
1,2,5,1,8,4,6
8,2,5,3
1,2,5,3,4
1,2,5,3,6,7,4
1,2,5,3,8,1,6
1,2,5,4,1,3,8
1,2,5,4,1,3,8,6,7
1,2,5,4,1,6,7
1,2,5,4,1,8,6,7
1,2,5,4,1,8,7,6,3
1,2,5,4,3,6,8,7,1
1,2,5,4,3,8,6,1,7
1,2,5,4,6,7,8,1
1,2,5,4,7,1
1,2,5,4,8
3,2,5,6
1,2,5,6,1,3,8,7
1,2,5,6,4,3,1,8,7
1,2,5,6,4,8,7,3,1
2,2,5,6,7,8,1,3,4
1,2,5,6,8,1
1,2,5,6,8,1,3,4
1,2,5,6,8,1,3,4,7
1,2,5,7
1,2,5,7,3,1,4
1,2,5,7,8,1,4
1,2,5,7,8,1,4,3
1,2,5,7,8,6,1,3
7,2,5,8
1,2,5,8,1
3,2,5,8,1,3,4
1,2,5,8,1,3,4,6,7
1,2,5,8,1,4,7,6,3
2,2,5,8,3
1,2,5,8,3,6,4,7,1
3,2,5,8,4,1,3
2,2,5,8,4,1,3,7,6
1,2,5,8,6
1,2,5,8,6,3
1,2,5,8,7,4,3
17,2,6
8,2,6,1
1,2,6,1,3
1,2,6,1,3,5,4
1,2,6,1,3,8,7,5,4
1,2,6,1,4,7,5,3,8
1,2,6,1,4,7,8,3
1,2,6,1,7
1,2,6,1,7,3,4,8,5
1,2,6,1,8,4,7,3,5
3,2,6,3
1,2,6,3,1,7,8,5,4
1,2,6,3,4,1
1,2,6,3,4,1,8,5,7
1,2,6,3,5,4,7,8,1
1,2,6,3,8
1,2,6,4,1,5,7
1,2,6,4,3
1,2,6,4,5,8,3,1,7
1,2,6,4,5,8,7,3
2,2,6,5
1,2,6,5,1
1,2,6,5,7,3
1,2,6,5,8
1,2,6,5,8,1,4,3,7
4,2,6,7
2,2,6,7,3
1,2,6,7,3,5,8,1,4
1,2,6,7,8,1,5,4,3
1,2,6,7,8,3,1,4,5
1,2,6,7,8,5,4,3,1
9,2,6,8
1,2,6,8,1
1,2,6,8,1,5,4,7,3
1,2,6,8,3,4,5,1,7
1,2,6,8,4,3
1,2,6,8,7,1,5,4,3
14,2,7
4,2,7,1
1,2,7,1,5,8
1,2,7,1,6,4
3,2,7,3
1,2,7,4
1,2,7,4,3,1
1,2,7,4,5,6,8,1,3
1,2,7,4,6,1,8,3
1,2,7,5,1,6,4,8,3
1,2,7,5,4,3,1,8,6
2,2,7,6
1,2,7,6,4
1,2,7,6,5
1,2,7,6,5,1,4
1,2,7,6,8,1,3,4,5
1,2,7,6,8,4,5,3,1
2,2,7,8
1,2,7,8,1,3,5,4
1,2,7,8,3
1,2,7,8,5,3,4
15,2,8
10,2,8,1
2,2,8,1,3,4,5
1,2,8,1,3,4,5,6,7
1,2,8,1,3,5,4,6,7
1,2,8,1,4,3,5
1,2,8,1,4,6,5
1,2,8,1,4,6,5,3
1,2,8,1,5
1,2,8,1,6,4,3
1,2,8,1,7,6,5,3,4
4,2,8,3
1,2,8,3,1
2,2,8,3,4,5,6,7,1
1,2,8,3,5,6,7
1,2,8,3,5,7
5,2,8,4
1,2,8,4,3,1
1,2,8,4,5,1,6,3
1,2,8,4,6,1
1,2,8,4,6,5,3
1,2,8,4,7,6,5,1,3
6,2,8,5
1,2,8,5,1,3,6
1,2,8,5,1,3,7,4
1,2,8,5,3,4,1
1,2,8,5,3,4,7,6,1
1,2,8,5,6,4,3,1,7
7,2,8,6
1,2,8,6,1
1,2,8,6,1,7,3
1,2,8,6,3,1,4,5,7
1,2,8,6,3,5
1,2,8,6,4,3,1,7,5
1,2,8,6,4,3,5,7,1
1,2,8,6,4,5,3,7,1
1,2,8,6,5
1,2,8,6,5,4,3,1
1,2,8,6,7,1,3,4
3,2,8,7
1,2,8,7,3,4,5,6
1,2,8,7,3,4,6,5,1
1,2,8,7,6,5,4
3,2,9
1,2,9,8
1,2,10,12
1,2,12
504,3
49,3,1
31,3,1,2
4,3,1,2,4
1,3,1,2,4,5,6,7
1,3,1,2,4,5,6,7,8
1,3,1,2,4,5,8
2,3,1,2,4,5,8,7
1,3,1,2,4,6,5,7,8
1,3,1,2,4,6,7,8
1,3,1,2,4,7,5,8,6
1,3,1,2,4,8,5
6,3,1,2,5
1,3,1,2,5,6
2,3,1,2,5,6,7,8,4
1,3,1,2,5,7,6,4,8
2,3,1,2,6
2,3,1,2,6,5
1,3,1,2,6,8,5,4,7
2,3,1,2,7,6,5
1,3,1,2,7,6,5,4
4,3,1,2,8
2,3,1,2,8,5
1,3,1,2,8,5,4
2,3,1,2,8,7
1,3,1,2,8,7,5,4
1,3,1,2,8,7,6,4,5
9,3,1,4
2,3,1,4,2
1,3,1,4,2,6
1,3,1,4,2,8,5,6,7
1,3,1,4,2,8,7,6,5
1,3,1,4,5
1,3,1,4,5,2,7,8,6
2,3,1,4,5,6,7,8
1,3,1,4,5,6,7,8,2
1,3,1,4,5,7,2,6,8
1,3,1,4,6,2,7,8,5
1,3,1,4,6,7,2
1,3,1,4,8,7,6,2,5
10,3,1,5
3,3,1,5,2
1,3,1,5,2,4,8
1,3,1,5,2,6
1,3,1,5,4
1,3,1,5,4,2,8
1,3,1,5,4,2,8,7,6
1,3,1,5,4,6,7,2
1,3,1,5,6,2,7,4
1,3,1,5,6,7,4,8
1,3,1,5,7,6,4,8,2
1,3,1,5,8,2
1,3,1,5,8,2,4
1,3,1,5,8,4
1,3,1,5,8,7,6,2,4
4,3,1,6
1,3,1,6,4,5,7,2,8
2,3,1,6,5
1,3,1,6,8
4,3,1,7
1,3,1,7,2
1,3,1,7,4,2
1,3,1,7,5,8,2
1,3,1,7,6,4
1,3,1,7,6,5,4,8,2
6,3,1,8
1,3,1,8,2,4
2,3,1,8,2,4,5
1,3,1,8,4,2,7,6,5
1,3,1,8,4,5,2
1,3,1,8,4,6,2,7
2,3,1,8,5
1,3,1,8,5,4,2,7
1,3,1,8,5,6
1,3,1,8,6,2,7,4,5
1,3,1,8,6,7,5,4,2
1,3,1,8,7,2,4
1,3,1,8,7,4
1,3,1,8,7,4,5,2
1,3,1,8,7,6,2,4,5
1,3,1,8,7,6,4,5,2
1,3,1,8,7,6,5,4,2
1,3,1,9
1,3,1,9,2
75,3,2
54,3,2,1
2,3,2,1,4
1,3,2,1,4,5,6
1,3,2,1,4,5,6,7,8
1,3,2,1,4,5,7
6,3,2,1,4,5,8
2,3,2,1,4,5,8,6,7
1,3,2,1,4,7
1,3,2,1,4,8
1,3,2,1,4,8,5
1,3,2,1,4,8,6,5,7
1,3,2,1,4,8,6,7,5
1,3,2,1,4,8,7,6,5
5,3,2,1,5
2,3,2,1,5,4
1,3,2,1,5,4,6,7,8
1,3,2,1,5,4,7,8,6
2,3,2,1,5,4,8
1,3,2,1,5,4,8,6
2,3,2,1,5,6,7,8
1,3,2,1,5,6,8
1,3,2,1,5,8
1,3,2,1,5,8,6
1,3,2,1,5,8,6,4,7
1,3,2,1,6,5,7,4,8
1,3,2,1,6,8
1,3,2,1,7,4,8
1,3,2,1,7,5,4
1,3,2,1,7,8,4,5,6
1,3,2,1,7,8,5
1,3,2,1,7,8,5,4,6
8,3,2,1,8
1,3,2,1,8,4
1,3,2,1,8,4,5
2,3,2,1,8,4,5,6,7
1,3,2,1,8,4,7,6
2,3,2,1,8,5
5,3,2,1,8,5,4
1,3,2,1,8,5,4,6
2,3,2,1,8,5,4,6,7
1,3,2,1,8,5,6,4
2,3,2,1,8,5,6,4,7
1,3,2,1,8,6,5,4
1,3,2,1,8,6,7,4
1,3,2,1,8,7,4,5
2,3,2,1,8,7,4,5,6
1,3,2,1,8,7,6
1,3,2,1,8,7,6,4,5
5,3,2,1,8,7,6,5,4
16,3,2,4
1,3,2,4,1,5,8
1,3,2,4,1,5,8,6,7
1,3,2,4,1,8,5
1,3,2,4,1,8,6
1,3,2,4,5
1,3,2,4,5,1,6
1,3,2,4,5,1,8,6,7
4,3,2,4,5,6,7,8,1
1,3,2,4,5,8,1
1,3,2,4,6,7
1,3,2,4,6,7,1,8
1,3,2,4,6,8,1,7,5
1,3,2,4,7,5,8
1,3,2,4,8
1,3,2,4,8,1,7,6,5
1,3,2,4,8,5,6,1,7
1,3,2,4,8,6,7
20,3,2,5
2,3,2,5,1
1,3,2,5,1,8
1,3,2,5,1,8,7,6
1,3,2,5,4,1,8
2,3,2,5,4,1,8,6,7
2,3,2,5,4,7,1
1,3,2,5,4,8,1
1,3,2,5,6
1,3,2,5,6,7,8,1
1,3,2,5,6,8,7,4,1
1,3,2,5,7
3,3,2,5,8
1,3,2,5,8,1,4,6,7
1,3,2,5,8,4
1,3,2,5,8,4,1,6,7
1,3,2,5,8,6
1,3,2,5,8,6,7
1,3,2,5,8,7,6
11,3,2,6
1,3,2,6,1,5,4,8
1,3,2,6,1,8,4
1,3,2,6,4,5,1,8
1,3,2,6,5,8,1,4
1,3,2,6,7,8,4,5
1,3,2,6,8
1,3,2,6,8,1,4
1,3,2,6,8,1,4,5,7
1,3,2,6,8,1,7,4,5
1,3,2,6,8,1,7,5,4
1,3,2,6,8,7,4
6,3,2,7
1,3,2,7,4
2,3,2,7,4,5,1,8,6
1,3,2,7,5,1
1,3,2,7,5,4,8,1,6
1,3,2,7,6,4,1,5,8
1,3,2,7,6,5,4
1,3,2,7,6,5,8,1,4
12,3,2,8
1,3,2,8,1
2,3,2,8,1,4,5,6,7
2,3,2,8,1,5
1,3,2,8,1,5,4
1,3,2,8,1,7,6,5,4
1,3,2,8,4
1,3,2,8,4,1
1,3,2,8,5
1,3,2,8,5,1,4
1,3,2,8,5,4,1
1,3,2,8,5,4,1,6,7
1,3,2,8,6
1,3,2,8,6,1
1,3,2,8,6,5,4,1,7
1,3,2,8,6,7,1,4,5
1,3,2,8,7,1,6,5
1,3,2,8,7,6
1,3,2,8,7,6,5,4
34,3,4
4,3,4,1
1,3,4,1,2
1,3,4,1,2,6
1,3,4,1,2,7,5,6,8
1,3,4,1,5,2
1,3,4,1,7
1,3,4,1,7,8,5
1,3,4,1,8,2,5
14,3,4,2
1,3,4,2,1
1,3,4,2,1,5
1,3,4,2,1,8
1,3,4,2,1,8,5
1,3,4,2,1,8,5,6,7
1,3,4,2,1,8,6
2,3,4,2,1,8,7,6,5
3,3,4,2,5
1,3,4,2,5,1,8,6,7
2,3,4,2,5,6,7,8,1
1,3,4,2,5,7
1,3,4,2,6,8,7
1,3,4,2,7,1,8,6,5
1,3,4,2,8
1,3,4,2,8,1
1,3,4,2,8,5,1
1,3,4,2,8,7
1,3,4,2,8,7,1
1,3,4,2,8,7,1,5,6
8,3,4,5
1,3,4,5,1,2
1,3,4,5,1,2,7,8,6
1,3,4,5,1,2,8,6,7
1,3,4,5,2
1,3,4,5,2,1
1,3,4,5,2,1,8,6
1,3,4,5,6
1,3,4,5,6,1,7
1,3,4,5,6,2
2,3,4,5,6,2,7,8,1
1,3,4,5,6,7
1,3,4,5,6,7,8,1
8,3,4,5,6,7,8,1,2
1,3,4,5,6,8
1,3,4,5,6,8,2
1,3,4,5,7
1,3,4,5,7,8,2
1,3,4,5,7,8,2,1
1,3,4,5,8
1,3,4,5,8,1
8,3,4,5,8,1,2
2,3,4,5,8,1,2,6,7
1,3,4,5,8,1,2,7,6
1,3,4,5,8,6,1,2,7
11,3,4,6
1,3,4,6,1,8,5
1,3,4,6,2,8,1,5,7
1,3,4,6,5,7,1,8,2
1,3,4,6,5,8,1,2,7
1,3,4,6,5,8,7
1,3,4,6,5,8,7,1,2
1,3,4,6,7
1,3,4,6,8
1,3,4,6,8,1,7,2
5,3,4,7
2,3,4,7,1
1,3,4,7,1,2
1,3,4,7,1,6,2,8,5
1,3,4,7,2
1,3,4,7,2,1,8
1,3,4,7,5,8
1,3,4,7,6,5
1,3,4,7,8
2,3,4,7,8,5
2,3,4,7,8,5,2
1,3,4,7,8,5,2,6
1,3,4,7,8,5,2,6,1
1,3,4,7,8,5,6
1,3,4,7,8,6,5,1,2
13,3,4,8
1,3,4,8,1
1,3,4,8,1,2,5
1,3,4,8,1,7,5,6,2
2,3,4,8,2
1,3,4,8,2,5
3,3,4,8,5
2,3,4,8,5,2,1,6,7
1,3,4,8,5,6
1,3,4,8,5,6,7
1,3,4,8,5,6,7,2,1
3,3,4,8,6
1,3,4,8,6,1
1,3,4,8,6,2,1
2,3,4,8,6,7
2,3,4,8,7
1,3,4,8,7,1,6
1,3,4,8,7,6
32,3,5
8,3,5,1
4,3,5,1,2
1,3,5,1,2,6,8
1,3,5,1,7,4,8,6,2
1,3,5,1,8,2,4
1,3,5,1,8,2,4,6,7
1,3,5,1,8,2,6,7
1,3,5,1,8,2,6,7,4
4,3,5,2
2,3,5,2,1
1,3,5,2,1,4
1,3,5,2,1,4,6,7,8
1,3,5,2,1,4,8,7,6
1,3,5,2,1,6,4,7,8
1,3,5,2,1,7
1,3,5,2,1,8
3,3,5,2,1,8,4
1,3,5,2,4,6,7,8,1
1,3,5,2,6,1,7,4,8
1,3,5,2,6,8
1,3,5,2,6,8,1
1,3,5,2,7,8
1,3,5,2,8,4
3,3,5,4
1,3,5,4,1,2,8
1,3,5,4,2,1,8,7,6
1,3,5,4,2,6,1,7,8
1,3,5,4,2,7
1,3,5,4,2,8,1,6,7
1,3,5,4,6,1,8,7
1,3,5,4,6,7
1,3,5,4,6,8
1,3,5,4,7
1,3,5,4,7,2,6
2,3,5,4,8
1,3,5,4,8,1,2
2,3,5,4,8,1,2,6,7
1,3,5,4,8,2,7
1,3,5,4,8,7,2,6,1
8,3,5,6
1,3,5,6,1
1,3,5,6,2
1,3,5,6,2,7,4,8
1,3,5,6,4,1
1,3,5,6,4,2,7,8,1
1,3,5,6,4,8
1,3,5,6,7,1,8
1,3,5,6,7,4,8
1,3,5,6,7,4,8,2
2,3,5,6,7,8
4,3,5,6,8
1,3,5,6,8,4
13,3,5,7
1,3,5,7,1
1,3,5,7,1,8,6,2
1,3,5,7,2,4
5,3,5,7,4
2,3,5,7,4,8
2,3,5,7,6
1,3,5,7,6,1
1,3,5,7,6,4
1,3,5,7,8
2,3,5,7,8,4
1,3,5,7,8,4,1
1,3,5,7,8,4,2,6,1
15,3,5,8
2,3,5,8,1,2
2,3,5,8,1,2,4
2,3,5,8,1,4
1,3,5,8,2
1,3,5,8,2,1,4
1,3,5,8,2,1,6,7,4
1,3,5,8,2,4
1,3,5,8,4,1,6,2
2,3,5,8,4,6
5,3,5,8,6
1,3,5,8,7
1,3,5,8,7,1,6
1,3,5,8,7,6
16,3,6
3,3,6,1
1,3,6,1,2
1,3,6,1,2,4,5
1,3,6,1,2,7
1,3,6,1,4,2,5,7,8
1,3,6,1,5
2,3,6,1,8
9,3,6,2
2,3,6,2,4
1,3,6,2,4,5,7,8,1
1,3,6,2,4,5,8,1,7
1,3,6,2,5
1,3,6,2,7,1,5,4,8
1,3,6,2,7,1,8,4
2,3,6,2,8
1,3,6,2,8,7,4,1,5
3,3,6,4
1,3,6,4,2,1,8,5,7
1,3,6,4,2,5,1,8
1,3,6,4,2,8,5
2,3,6,4,5,7,8
1,3,6,4,5,7,8,1,2
2,3,6,4,8
1,3,6,4,8,1,2
1,3,6,4,8,7,5,1
3,3,6,5
1,3,6,5,1,2
1,3,6,5,4,2
1,3,6,5,4,7,1,8,2
1,3,6,5,4,8
1,3,6,5,7,1,8
1,3,6,5,7,8,4
2,3,6,5,8
1,3,6,5,8,1
1,3,6,5,8,1,2
1,3,6,5,8,4
1,3,6,5,8,4,2
10,3,6,7
1,3,6,7,1,4,5,8,2
1,3,6,7,2
1,3,6,7,2,1,9,4
1,3,6,7,2,5,8,4,1
1,3,6,7,4,2,8
1,3,6,7,4,2,8,5,1
1,3,6,7,5
1,3,6,7,5,8,1,2,4
1,3,6,7,8,1,2,5
1,3,6,7,8,4,1,2
1,3,6,7,8,5
1,3,6,7,8,5,2,4,1
1,3,6,7,8,5,4
10,3,6,8
2,3,6,8,1
1,3,6,8,1,2
1,3,6,8,2
1,3,6,8,2,4,7
1,3,6,8,4
1,3,6,8,4,2,1
1,3,6,8,4,2,1,5
1,3,6,8,4,5,7
2,3,6,8,5
1,3,6,8,5,4,2,7,1
1,3,6,8,5,4,7
1,3,6,8,5,7,2
1,3,6,8,5,7,2,4,1
3,3,6,8,7
1,3,6,8,7,1,2
1,3,6,8,7,2,5
1,3,6,8,7,4,5
5,3,6,8,7,5,4
29,3,7
2,3,7,1
2,3,7,1,2
1,3,7,1,2,4,5,6,8
1,3,7,1,2,4,8,6,5
1,3,7,1,4,5
2,3,7,1,5
1,3,7,1,5,8,2,4
2,3,7,1,6
2,3,7,1,8
6,3,7,2
2,3,7,2,1
1,3,7,2,1,4,6
1,3,7,2,1,5
1,3,7,2,1,8,4,5,6
1,3,7,2,1,8,5,4,6
1,3,7,2,4,1
1,3,7,2,5,4,6,1,8
1,3,7,2,5,4,6,8,1
1,3,7,2,6,8,4,1,5
1,3,7,2,6,8,4,5
1,3,7,2,8,5
1,3,7,2,9,1,6,5,4
5,3,7,4
1,3,7,4,1,8,2
1,3,7,4,2,1
1,3,7,4,2,5
5,3,7,4,5
1,3,7,4,5,6
1,3,7,4,5,6,1
1,3,7,4,5,8
1,3,7,4,5,8,6,1
2,3,7,4,5,9
1,3,7,4,6,1
2,3,7,4,6,5,1
1,3,7,4,6,5,8
2,3,7,4,8
3,3,7,4,8,5
1,3,7,4,8,6
8,3,7,5
1,3,7,5,1,2,8,4,6
1,3,7,5,1,6
1,3,7,5,2
1,3,7,5,2,8,4,6
1,3,7,5,4,6
1,3,7,5,4,6,8
1,3,7,5,4,6,8,1,2
1,3,7,5,4,8
1,3,7,5,4,8,2,1,6
1,3,7,5,4,8,6
2,3,7,5,6
1,3,7,5,6,4,8,1,2
1,3,7,5,6,8,4
1,3,7,5,6,8,4,2,1
2,3,7,5,8
1,3,7,5,8,2,1,6,4
3,3,7,5,8,4
1,3,7,5,8,6,4,2,1
9,3,7,6
2,3,7,6,4
1,3,7,6,4,5,8,2,1
1,3,7,6,5
1,3,7,6,5,2
1,3,7,6,5,8
1,3,7,6,5,8,2
1,3,7,6,5,8,2,4
4,3,7,6,8
2,3,7,6,8,4
1,3,7,6,8,4,5
1,3,7,6,8,4,5,2,1
1,3,7,6,8,5
1,3,7,6,8,5,2,1,4
7,3,7,8
1,3,7,8,1,2,5,4
1,3,7,8,1,2,6,5,4
1,3,7,8,2,4
1,3,7,8,2,4,5
1,3,7,8,4
1,3,7,8,4,5
4,3,7,8,5
4,3,7,8,5,4
1,3,7,8,6,1,4,5
1,3,7,8,6,4,5,2,1
1,3,7,8,6,5
1,3,7,8,6,5,1
1,3,7,8,6,5,4
1,3,7,8,6,5,4,1,2
40,3,8
7,3,8,1
1,3,8,1,2
1,3,8,1,2,4
4,3,8,1,2,4,5
1,3,8,1,2,4,5,6,7
1,3,8,1,2,4,6,7,5
1,3,8,1,2,5
1,3,8,1,2,5,6,4
3,3,8,1,4
1,3,8,1,4,5,6
1,3,8,1,4,5,6,2,7
2,3,8,1,4,5,6,7
1,3,8,1,5,4,2
1,3,8,1,5,6
1,3,8,1,5,6,4
1,3,8,1,5,7,4
2,3,8,1,6
1,3,8,1,6,7,2,4,5
1,3,8,1,6,7,4
1,3,8,1,7,2
1,3,8,1,7,5,2,6,4
11,3,8,2
2,3,8,2,1
1,3,8,2,1,4,5,6
1,3,8,2,1,5,6,7,4
1,3,8,2,4,5,1,7,6
2,3,8,2,4,5,6,7
1,3,8,2,4,5,6,7,1
1,3,8,2,5
1,3,8,2,5,1
1,3,8,2,5,7,6
1,3,8,2,6,1,7,5,4
9,3,8,4
1,3,8,4,1,6,2
1,3,8,4,2,6,1
1,3,8,4,5
1,3,8,4,5,1,2
1,3,8,4,5,1,7
1,3,8,4,5,2,1,6,7
1,3,8,4,5,6,1
1,3,8,4,5,6,7
1,3,8,4,5,7
2,3,8,4,6
1,3,8,4,6,5,2
1,3,8,4,6,7,1
1,3,8,4,6,7,5,2,1
1,3,8,4,7,5
1,3,8,4,7,6
1,3,8,4,7,6,5
5,3,8,5
1,3,8,5,1,4
1,3,8,5,1,6
1,3,8,5,1,7
2,3,8,5,2
1,3,8,5,2,1,6,7
1,3,8,5,4
1,3,8,5,4,1
1,3,8,5,4,1,2
1,3,8,5,4,2,1
2,3,8,5,4,6,7
1,3,8,5,4,6,7,1,2
3,3,8,5,4,7
1,3,8,5,4,7,2,6,1
3,3,8,5,6
1,3,8,5,6,4,1,2,7
1,3,8,5,6,7,1,2,4
1,3,8,5,7
1,3,8,5,7,6
7,3,8,6
1,3,8,6,1,2
2,3,8,6,1,2,4
1,3,8,6,2
1,3,8,6,2,5,1
1,3,8,6,2,5,4
1,3,8,6,4
1,3,8,6,4,2
1,3,8,6,5
1,3,8,6,5,1
1,3,8,6,5,1,2
2,3,8,6,7
1,3,8,6,7,4
1,3,8,6,7,5,4
1,3,8,6,7,5,4,2,1
2,3,8,7
1,3,8,7,1,4,5,6,2
1,3,8,7,2
1,3,8,7,4
3,3,8,7,4,5
2,3,8,7,5,4
1,3,8,7,5,6
3,3,8,7,6
1,3,8,7,6,1,2,5,4
1,3,8,7,6,2,5
1,3,8,7,6,2,5,1,4
1,3,8,7,6,4,1
1,3,8,7,6,5
1,3,8,7,6,5,4
1,3,8,14
4,3,9
1,3,9,1,8,2,4,5,6
1,3,9,5,7
1,3,9,8,2,4,6
1,3,9,8,4,10,1,2
1,3,9,10,11,12,13,14
169,4
15,4,1
8,4,1,2
1,4,1,2,3
1,4,1,2,3,5,8
2,4,1,2,3,8
1,4,1,2,5,3,8,6
1,4,1,2,5,6
1,4,1,2,6
1,4,1,2,7,5,3
2,4,1,2,8
1,4,1,2,8,3,6,5
1,4,1,2,8,5,3
1,4,1,2,8,5,6,7,3
1,4,1,2,8,6,7,3
3,4,1,2,8,7
4,4,1,3
1,4,1,3,5
1,4,1,3,5,6,7
1,4,1,3,5,7,8,6,2
1,4,1,3,6,2
1,4,1,3,6,7,8,5,2
3,4,1,5
1,4,1,5,2
1,4,1,5,2,6,3,7,8
1,4,1,5,3,2,8,6,7
1,4,1,5,3,7,2,8,6
1,4,1,5,3,8
1,4,1,5,6,7,8
1,4,1,5,7,3
1,4,1,5,8
1,4,1,5,8,2
1,4,1,5,8,2,3
1,4,1,5,8,7,6
1,4,1,5,8,7,6,2,3
1,4,1,6
1,4,1,6,2
1,4,1,6,2,8
1,4,1,6,2,8,7,3,5
1,4,1,6,7,3,2
1,4,1,6,7,8,2,3,5
1,4,1,7
1,4,1,7,2
1,4,1,7,2,5,3
1,4,1,7,3
1,4,1,7,5
1,4,1,7,6
5,4,1,8
1,4,1,8,2,3,5,6,7
1,4,1,8,2,3,5,7,6
1,4,1,8,2,5
1,4,1,8,2,6,5,3,7
1,4,1,8,2,7,5,6,3
1,4,1,8,5,3,2,7
2,4,1,8,6
1,4,1,8,6,5,2,7
1,4,1,8,6,7,5
1,4,1,8,7,5,6
10,4,2
3,4,2,1
1,4,2,1,3,8,5,6,7
1,4,2,1,6,8
1,4,2,1,8
1,4,2,1,8,7,5
1,4,2,1,8,7,6,5,3
4,4,2,3
1,4,2,3,1,6,8
1,4,2,3,1,8,7,6,5
1,4,2,3,5,6,7,1,8
1,4,2,3,5,8
1,4,2,3,5,8,1,6,7
1,4,2,3,7
1,4,2,3,7,8,1,5,6
2,4,2,3,8
2,4,2,5
1,4,2,5,6,3,8,1
1,4,2,5,6,8,1,7,3
1,4,2,5,8
6,4,2,6
1,4,2,6,3,5,8,7
1,4,2,6,5,8,1,3,7
1,4,2,7
1,4,2,7,6,3,1,8
6,4,2,8
1,4,2,8,1
1,4,2,8,1,3,5,6,7
2,4,2,8,3
1,4,2,8,3,1
1,4,2,8,3,1,5,6,7
1,4,2,8,6,7,5,3
1,4,2,8,7,6,1,3,5
22,4,3
5,4,3,1
1,4,3,1,2
2,4,3,1,2,5
1,4,3,1,5
1,4,3,1,8
1,4,3,1,8,2
1,4,3,1,8,5
10,4,3,2
2,4,3,2,1
1,4,3,2,1,5,8,7,6
1,4,3,2,1,7,8,6,5
3,4,3,2,1,8,5,6,7
1,4,3,2,1,8,6,5
1,4,3,2,1,8,7,5,6
1,4,3,2,1,8,7,6,5
1,4,3,2,5,1,8
1,4,3,2,5,1,8,6
1,4,3,2,5,6,1,7,8
1,4,3,2,5,8,1
1,4,3,2,6,8,1,7
1,4,3,2,6,8,7,1,5
1,4,3,2,8,1
1,4,3,2,8,1,7,6
6,4,3,5
1,4,3,5,1
1,4,3,5,1,2,7
1,4,3,5,1,7
1,4,3,5,2
1,4,3,5,2,1,8
1,4,3,5,2,6,1,7,8
3,4,3,5,6
1,4,3,5,6,1
1,4,3,5,6,7,8
2,4,3,5,6,7,8,1,2
1,4,3,5,6,7,8,2,1
1,4,3,5,7,8,1
1,4,3,5,7,8,2,1,6
2,4,3,5,8
1,4,3,5,8,1,2
1,4,3,5,8,1,2,7,6
1,4,3,5,8,1,6,2,7
1,4,3,5,8,7,6,2
5,4,3,6
1,4,3,6,1,7,8,5,2
1,4,3,6,1,8
1,4,3,6,2
1,4,3,6,5,1,8
2,4,3,6,7
1,4,3,6,7,5
1,4,3,6,7,5,1,2
1,4,3,6,8
1,4,3,6,8,7
2,4,3,7
1,4,3,7,1
1,4,3,7,2,5
1,4,3,7,5,2,8,6,1
2,4,3,7,5,6
1,4,3,7,6,8
1,4,3,7,6,8,5
2,4,3,7,8
1,4,3,7,8,2,1
3,4,3,7,8,5,6
1,4,3,7,8,6
1,4,3,7,8,6,2,5,1
10,4,3,8
1,4,3,8,1,2,6,7
1,4,3,8,1,7,2
1,4,3,8,2
1,4,3,8,2,1,6
1,4,3,8,2,1,6,7
1,4,3,8,2,5,1
1,4,3,8,2,7
1,4,3,8,5
1,4,3,8,5,1,7
1,4,3,8,5,6
1,4,3,8,5,6,2
1,4,3,8,6,2,1
1,4,3,8,6,5,7,2,1
1,4,3,8,7
1,4,3,8,7,6
30,4,5
1,4,5,1,2
1,4,5,1,2,3,7,8,6
2,4,5,1,3
1,4,5,1,7
1,4,5,1,7,6,8
1,4,5,1,8
1,4,5,1,8,2,3
1,4,5,1,8,6
1,4,5,2
1,4,5,2,1,3,7,6,8
1,4,5,2,1,6,7,8
1,4,5,2,8,6
3,4,5,3
1,4,5,3,1,2
1,4,5,3,1,2,8,7,6
1,4,5,3,1,8,2,7,6
1,4,5,3,2
1,4,5,3,2,1,8
1,4,5,3,2,1,8,6
1,4,5,3,2,7,8,1,6
1,4,5,3,2,8
2,4,5,3,2,8,1
1,4,5,3,2,8,1,6,7
3,4,5,3,6
1,4,5,3,6,7
1,4,5,3,6,7,8,1,2
3,4,5,3,7
1,4,5,3,7,6,8,1,2
1,4,5,3,8
1,4,5,3,8,1,2
1,4,5,3,8,2,1
1,4,5,3,8,6
1,4,5,3,8,6,2,1,7
1,4,5,3,8,6,7,1
21,4,5,6
1,4,5,6,1,8,3
1,4,5,6,2
1,4,5,6,3
1,4,5,6,3,1,7
1,4,5,6,3,2
1,4,5,6,3,2,1,8,7
3,4,5,6,3,7
1,4,5,6,3,7,2
3,4,5,6,7
1,4,5,6,7,2,1,3,8
2,4,5,6,7,3
1,4,5,6,7,3,8,2,1
2,4,5,6,7,8
3,4,5,6,7,8,1,2,3
6,4,5,6,8
1,4,5,6,8,1,2,3,7
2,4,5,6,8,3,7
1,4,5,6,8,3,7,2,1
1,4,5,6,8,7
1,4,5,6,8,7,1
1,4,5,6,8,7,1,2,3
1,4,5,6,8,7,2,1,3
1,4,5,6,8,7,3,1,2
7,4,5,7
1,4,5,7,1
1,4,5,7,1,8
1,4,5,7,3
1,4,5,7,3,1,6
1,4,5,7,3,6
1,4,5,7,3,6,8
1,4,5,7,3,8
1,4,5,7,3,8,1,2
2,4,5,7,6
1,4,5,7,6,8,1,2,3
1,4,5,7,6,8,3
1,4,5,7,6,8,3,2,1
7,4,5,7,8
1,4,5,7,8,1,2
1,4,5,7,8,1,2,3
1,4,5,7,8,2
3,4,5,7,8,3
1,4,5,7,8,6,2
1,4,5,7,8,6,3
25,4,5,8
3,4,5,8,1
10,4,5,8,1,2,3
1,4,5,8,1,2,3,7,6
1,4,5,8,1,2,6
1,4,5,8,1,3,2
2,4,5,8,1,7
1,4,5,8,2
1,4,5,8,2,1,3
1,4,5,8,2,1,6,7,3
1,4,5,8,2,3,1
1,4,5,8,3,1,2
1,4,5,8,3,1,7
1,4,5,8,3,6
1,4,5,8,3,6,2,1
1,4,5,8,3,7,6,2,1
9,4,5,8,6
1,4,5,8,6,3
1,4,5,8,6,3,2
1,4,5,8,6,3,7
3,4,5,8,6,7
2,4,5,8,6,7,1,2,3
3,4,5,8,7
1,4,5,8,7,1,2,3
2,4,5,8,7,2,1,3
1,4,5,8,7,6
1,4,5,8,7,6,1,2,3
1,4,5,8,7,6,2
2,4,5,8,7,6,3
1,4,5,8,7,6,3,2,1
35,4,6
3,4,6,1
3,4,6,1,2
1,4,6,1,2,3,5,8
1,4,6,1,5
1,4,6,1,8,7,3
4,4,6,2
1,4,6,2,1,8,3,7,5
1,4,6,2,3,5,8
1,4,6,2,8
1,4,6,2,8,3
2,4,6,3
1,4,6,3,2,8
1,4,6,3,7
1,4,6,3,7,5
1,4,6,3,8
6,4,6,5
3,4,6,5,3,2,1,8
1,4,6,5,3,2,7,8
1,4,6,5,3,2,8,1,7
1,4,6,5,3,7
1,4,6,5,3,7,2,1,8
2,4,6,5,3,7,8
1,4,6,5,7
1,4,6,5,7,1,8,2,3
2,4,6,5,7,8,1,2,3
1,4,6,5,7,8,2
1,4,6,5,7,8,2,1,3
1,4,6,5,7,8,3
4,4,6,5,8
1,4,6,5,8,1,2
1,4,6,5,8,2,1,3,7
1,4,6,5,8,2,7
1,4,6,5,8,7,3,1,2
16,4,6,7
1,4,6,7,1,2,3
1,4,6,7,1,2,5
1,4,6,7,2,5,1,8
2,4,6,7,3
1,4,6,7,3,2,1,8,5
2,4,6,7,3,8
1,4,6,7,3,8,2,5,1
8,4,6,7,5
1,4,6,7,5,3,8,2,1
1,4,6,7,5,8
2,4,6,7,5,8,3
4,4,6,7,8
2,4,6,7,8,1,2,3
1,4,6,7,8,1,3,2,5
1,4,6,7,8,2,5
1,4,6,7,8,3,2,1,5
4,4,6,7,8,3,5
2,4,6,7,8,5
1,4,6,7,8,5,1,2,3
1,4,6,7,8,5,3
30,4,6,8
1,4,6,8,1
1,4,6,8,1,2,5,7
1,4,6,8,1,5,7
1,4,6,8,1,5,7,2,3
1,4,6,8,1,9,7
3,4,6,8,2,5
1,4,6,8,2,7,1,3
1,4,6,8,2,7,1,3,5
1,4,6,8,3,5
1,4,6,8,3,7
1,4,6,8,3,7,1,5,2
1,4,6,8,3,7,2,5,1
5,4,6,8,5
1,4,6,8,5,1,7,2,3
1,4,6,8,5,2,3,7,1
1,4,6,8,5,3,2
1,4,6,8,5,3,2,7,1
1,4,6,8,5,3,7,1,2
5,4,6,8,7
1,4,6,8,7,2,3,1,5
2,4,6,8,7,5
1,4,6,8,7,5,3
33,4,7
3,4,7,1
1,4,7,1,2,5,3,6
1,4,7,1,3,5
3,4,7,1,5
1,4,7,1,6,2,3,5
1,4,7,1,8,5,2,3,6
1,4,7,1,8,6
1,4,7,2,1,5,8,6,3
1,4,7,2,5
1,4,7,2,6,5,8,1
1,4,7,2,8,6
4,4,7,3
1,4,7,3,1
1,4,7,3,1,2,8,5
1,4,7,3,5,1,2
3,4,7,3,5,8,1,2
1,4,7,3,6,2,8
1,4,7,3,6,5,8,1,2
2,4,7,3,6,8,1,2,5
1,4,7,3,6,8,2
3,4,7,3,8
1,4,7,3,8,1,2,6,5
1,4,7,3,8,2,1
4,4,7,3,8,5
1,4,7,3,8,5,6,2,1
1,4,7,3,8,6
1,4,7,3,8,6,5
8,4,7,5
2,4,7,5,1
1,4,7,5,3,1,2
1,4,7,5,3,6,1,8
1,4,7,5,3,8
3,4,7,5,6
3,4,7,5,6,8
1,4,7,5,6,8,1,2,3
1,4,7,5,6,8,3,2,1
1,4,7,5,8
1,4,7,5,8,2,1
1,4,7,5,8,3,1,2,6
1,4,7,5,8,3,2,1,6
1,4,7,5,8,6
1,4,7,5,8,6,3
6,4,7,6
1,4,7,6,1,2,8
1,4,7,6,2,5,3,8,1
2,4,7,6,3
1,4,7,6,5,3,2,1,8
2,4,7,6,5,8
6,4,7,6,8
1,4,7,6,8,2,3,1,5
1,4,7,6,8,3,5
1,4,7,6,8,5
16,4,7,8
1,4,7,8,1,2,3
1,4,7,8,1,3,6
1,4,7,8,1,5,2,3
3,4,7,8,3
1,4,7,8,3,2
2,4,7,8,3,5
1,4,7,8,5
1,4,7,8,5,1
3,4,7,8,5,3
1,4,7,8,5,3,6
2,4,7,8,5,6
1,4,7,8,5,6,2,3
1,4,7,8,5,6,3
7,4,7,8,6
1,4,7,8,6,2,1
1,4,7,8,6,2,5,3
2,4,7,8,6,5
1,4,7,8,6,5,3
2,4,7,9
92,4,8
3,4,8,1
1,4,8,1,2,3
3,4,8,1,2,3,5
2,4,8,1,2,3,5,6,7
1,4,8,1,2,5
1,4,8,1,2,5,3
1,4,8,1,2,5,3,6,7
1,4,8,1,2,6,5,7
1,4,8,1,3,7,2,5
2,4,8,1,5
1,4,8,1,5,2,6,7,3
1,4,8,1,5,6
1,4,8,1,5,7
3,4,8,1,6
1,4,8,1,7
9,4,8,2
1,4,8,2,1,3,5,6,7
1,4,8,2,1,5
1,4,8,2,1,5,3
1,4,8,2,1,7
1,4,8,2,3
1,4,8,2,3,1
1,4,8,2,3,5
2,4,8,2,3,5,1
1,4,8,2,3,5,6,7,1
1,4,8,2,3,5,7,6
1,4,8,2,3,6,5
3,4,8,2,5
1,4,8,2,5,3,1,7,6
1,4,8,2,6
1,4,8,2,6,5
1,4,8,2,7,3,5,6
17,4,8,3
1,4,8,3,1,2
1,4,8,3,1,5,2
1,4,8,3,1,5,7
1,4,8,3,1,6,5,2,7
1,4,8,3,2,1,7,6,5
1,4,8,3,2,5,6,7,1
1,4,8,3,2,6,7,5,1
3,4,8,3,5
2,4,8,3,5,1,2
1,4,8,3,5,2,6,7,1
1,4,8,3,5,2,7,1
1,4,8,3,5,6
1,4,8,3,5,6,1,2,7
4,4,8,3,5,7
1,4,8,3,5,7,2
2,4,8,3,6
1,4,8,3,6,5,1,7
1,4,8,3,6,7
2,4,8,3,7
1,4,8,3,7,1
1,4,8,3,7,2,1,5,6
1,4,8,3,7,5,6,2,1
1,4,8,3,7,6
34,4,8,5
1,4,8,5,1,2,3
1,4,8,5,1,2,3,6
1,4,8,5,1,2,3,6,7
1,4,8,5,1,2,6
1,4,8,5,1,6
2,4,8,5,2
1,4,8,5,2,1,6,3,7
1,4,8,5,2,6,3,7,1
1,4,8,5,2,7,6,1,3
6,4,8,5,3
2,4,8,5,3,2
3,4,8,5,3,2,1
1,4,8,5,3,6,7,2,1
3,4,8,5,3,7,6
1,4,8,5,3,7,6,1,2
13,4,8,5,6
1,4,8,5,6,2,1,7,3
1,4,8,5,6,3
2,4,8,5,6,3,7
1,4,8,5,6,7
1,4,8,5,6,7,1
2,4,8,5,6,7,1,2,3
8,4,8,5,7
1,4,8,5,7,2,1,6,3
2,4,8,5,7,3
2,4,8,5,7,3,6
1,4,8,5,7,6
2,4,8,5,7,6,1,3,2
1,4,8,5,7,6,2
41,4,8,6
1,4,8,6,1
1,4,8,6,1,2,5,3,7
1,4,8,6,1,5,2,3
1,4,8,6,1,5,3,2,7
3,4,8,6,2
1,4,8,6,2,3,5,1
1,4,8,6,3,1
1,4,8,6,3,1,7
1,4,8,6,3,2
1,4,8,6,3,2,1
1,4,8,6,3,2,1,5
1,4,8,6,3,2,5,1,7
2,4,8,6,3,5
1,4,8,6,3,7,5
5,4,8,6,5
1,4,8,6,5,1,7,2
1,4,8,6,5,2,1,3
1,4,8,6,5,7
1,4,8,6,5,7,1,2,3
1,4,8,6,5,7,2
1,4,8,6,5,7,3
8,4,8,6,7
1,4,8,6,7,1,2,3,5
1,4,8,6,7,3
1,4,8,6,7,3,2,1,5
1,4,8,6,7,5,3,2,1
22,4,8,7
1,4,8,7,1,5
1,4,8,7,2
1,4,8,7,2,3,6
1,4,8,7,3
1,4,8,7,3,1
1,4,8,7,3,1,5,2,6
1,4,8,7,3,5,6,1,2
2,4,8,7,3,5,6,2,1
2,4,8,7,3,6
4,4,8,7,5
1,4,8,7,5,1,6
1,4,8,7,5,1,6,2
1,4,8,7,5,2,3,6
1,4,8,7,5,6
1,4,8,7,5,6,3,2,1
3,4,8,7,6,3
1,4,8,7,6,5
1,4,8,7,6,5,1
2,4,8,7,9
3,4,9
165,5
30,5,1
12,5,1,2
2,5,1,2,3
1,5,1,2,3,4,6,7,8
1,5,1,2,3,6
1,5,1,2,3,6,7,8,4
1,5,1,2,3,6,8,7,4
1,5,1,2,3,7,6,4,8
2,5,1,2,4,3
1,5,1,2,4,3,6,7,8
1,5,1,2,4,6
1,5,1,2,4,7
1,5,1,2,7,3
1,5,1,2,7,4,3,6,8
1,5,1,2,8
1,5,1,2,8,7,4
1,5,1,2,8,7,6,4
1,5,1,2,9
5,5,1,3
1,5,1,3,2
1,5,1,3,2,4,8
1,5,1,3,2,4,8,7,6
1,5,1,3,2,8,4
1,5,1,3,2,8,6
1,5,1,3,4
1,5,1,3,4,6,2
1,5,1,3,4,7,8,2
1,5,1,3,4,8
1,5,1,3,6
1,5,1,3,6,2,4,7,8
1,5,1,3,6,4,7,2,8
2,5,1,3,7
1,5,1,3,7,8,2,6,4
4,5,1,4
1,5,1,4,3,8
1,5,1,4,6
2,5,1,4,8
1,5,1,4,8,2
1,5,1,4,8,2,3,6
4,5,1,6
1,5,1,6,3,2,8,7,4
1,5,1,6,8
4,5,1,7
1,5,1,7,3,6,2,8,4
1,5,1,7,4,8,2,3
3,5,1,8
2,5,1,8,2,3,4
1,5,1,8,2,7,3
1,5,1,8,3
1,5,1,8,3,2,6,7,4
1,5,1,8,4,2
1,5,1,8,4,3,2,6,7
12,5,2
6,5,2,1
1,5,2,1,3,4,6,7,8
1,5,2,1,3,8,6,7
1,5,2,1,4,6,8
3,5,2,1,6
1,5,2,1,8,3,4,6
1,5,2,1,8,6
1,5,2,1,8,6,7,4,3
4,5,2,3
1,5,2,3,4,1
1,5,2,3,4,1,8,7,6
1,5,2,3,6,7
1,5,2,3,7,8,1,9,10
2,5,2,4
1,5,2,4,3,6,7,8,1
1,5,2,4,3,8,1,6,7
1,5,2,4,7,8,6,3,1
4,5,2,6
1,5,2,6,3
1,5,2,6,7
1,5,2,7,1,3,4
1,5,2,7,8,3,1,4,6
4,5,2,8
1,5,2,8,1,4
1,5,2,8,4
1,5,2,8,4,3
1,5,2,8,4,3,6,7,1
1,5,2,8,6,4,1
1,5,2,8,7,6,4
20,5,3
6,5,3,1
1,5,3,1,2
1,5,3,1,2,4,6,7,8
1,5,3,1,2,8
1,5,3,1,4,8,2
1,5,3,1,6
1,5,3,1,6,8
1,5,3,1,6,8,2,4
2,5,3,1,8
1,5,3,1,8,2,6,7
1,5,3,1,8,4
1,5,3,1,8,4,7
1,5,3,1,8,6
1,5,3,1,8,7,4
3,5,3,2
2,5,3,2,1
1,5,3,2,1,4
1,5,3,2,4,8,1
1,5,3,2,6,7,1
1,5,3,2,7,1
2,5,3,2,8
4,5,3,4
1,5,3,4,1
1,5,3,4,1,8
1,5,3,4,1,8,2
1,5,3,4,2,7,6
1,5,3,4,2,8,1,6,7
1,5,3,4,6
1,5,3,4,6,7,1,8,2
1,5,3,4,6,7,2,8,1
1,5,3,4,6,8
1,5,3,4,7
1,5,3,4,7,8,2
2,5,3,4,8
1,5,3,4,8,1,2,6,7
1,5,3,4,8,2,1,7,6
1,5,3,4,8,2,7,1,6
1,5,3,4,8,6
13,5,3,6
1,5,3,6,1
1,5,3,6,2,1,7
1,5,3,6,2,8,7,1
1,5,3,6,4,7,8
2,5,3,6,7
1,5,3,6,7,4,8
1,5,3,6,7,4,8,1
1,5,3,6,7,8
1,5,3,6,7,8,4
1,5,3,6,7,8,4,1,2
3,5,3,6,8
1,5,3,6,8,2,1
1,5,3,6,8,2,1,4,7
2,5,3,6,8,7
7,5,3,7
1,5,3,7,1,4,6,8,2
1,5,3,7,2,1,4
1,5,3,7,4,6,1
1,5,3,7,4,8
1,5,3,7,6,4,1,2,8
1,5,3,7,6,8,4
1,5,3,7,8,4
1,5,3,7,8,4,6,2,1
1,5,3,7,8,6,4
11,5,3,8
1,5,3,8,1,2,4,7,6
1,5,3,8,2,1
1,5,3,8,2,1,4,7,6
1,5,3,8,2,4,1,6,7
1,5,3,8,2,6
2,5,3,8,4
1,5,3,8,4,1,2,6,7
2,5,3,8,4,2,1,6,7
1,5,3,8,4,7
8,5,3,8,6
1,5,3,8,6,2,1,4,7
1,5,3,8,6,4,2,1
1,5,3,8,6,7
1,5,3,8,6,7,1,2,4
1,5,3,8,6,7,4,1,2
1,5,3,8,7
2,5,3,8,7,4
1,5,3,8,7,4,6,1,2
1,5,3,8,7,6
29,5,4
6,5,4,1
3,5,4,1,2
1,5,4,1,2,3,8,6,7
1,5,4,1,3,2,6
1,5,4,1,3,2,8,7,6
1,5,4,1,3,6,8,7
1,5,4,1,6
1,5,4,1,7,8,2,3,6
1,5,4,1,8
1,5,4,1,8,2,3,6,7
2,5,4,2
1,5,4,2,1,3
1,5,4,2,1,8,7,6
1,5,4,2,3,1,8
1,5,4,2,3,6,1,8
6,5,4,3
1,5,4,3,1
1,5,4,3,1,2,8
1,5,4,3,1,2,8,7
1,5,4,3,1,2,8,7,6
1,5,4,3,1,8,2
1,5,4,3,2,1
1,5,4,3,2,1,6,7
3,5,4,3,2,1,8
3,5,4,3,2,1,8,6,7
1,5,4,3,2,1,8,7
3,5,4,3,2,1,8,7,6
1,5,4,3,2,6,7,1,8
1,5,4,3,6,1,8
1,5,4,3,6,7,8,1,2
1,5,4,3,7
1,5,4,3,7,1,2
1,5,4,3,7,1,2,6
2,5,4,3,8
1,5,4,3,8,1,2,6,7
1,5,4,3,8,1,2,7,6
1,5,4,3,8,6
1,5,4,3,8,6,7
1,5,4,3,8,6,7,1,2
1,5,4,3,8,7
1,5,4,3,8,7,6
16,5,4,6
1,5,4,6,1
1,5,4,6,1,2,3,8,7
2,5,4,6,3
1,5,4,6,3,2,1,8
1,5,4,6,3,2,7,1,8
1,5,4,6,3,2,8
1,5,4,6,3,7
1,5,4,6,3,7,1,8,2
1,5,4,6,3,8,1
1,5,4,6,3,8,7
5,5,4,6,7
1,5,4,6,7,3
1,5,4,6,7,3,1,2,8
3,5,4,6,7,8
1,5,4,6,7,8,1,2,3
1,5,4,6,7,8,2
1,5,4,6,7,8,3
1,5,4,6,7,8,3,1
2,5,4,6,7,8,3,1,2
3,5,4,6,8
1,5,4,6,8,1,2,3
1,5,4,6,8,2,3
1,5,4,6,8,3,2,1
3,5,4,6,8,7
1,5,4,6,8,7,3,1
6,5,4,7
1,5,4,7,1,8,6,3,2
1,5,4,7,3
1,5,4,7,3,1,8
1,5,4,7,3,6,8
1,5,4,7,3,6,8,2,1
1,5,4,7,6,1
1,5,4,7,6,3,8,2,1
1,5,4,7,6,8,3
1,5,4,7,6,8,3,2,1
1,5,4,7,8
1,5,4,7,8,3
4,5,4,7,8,6
1,5,4,7,8,6,3
12,5,4,8
3,5,4,8,1,2,3
1,5,4,8,1,2,3,6,7
1,5,4,8,2,1,3
1,5,4,8,2,1,6,7
1,5,4,8,2,3,6,7,1
11,5,4,8,3
1,5,4,8,3,2,6
1,5,4,8,3,2,7,1
1,5,4,8,3,6
1,5,4,8,3,7,6
1,5,4,8,3,7,6,2
3,5,4,8,6
1,5,4,8,6,1,3,2
1,5,4,8,6,1,7,2,3
1,5,4,8,6,2
1,5,4,8,6,3
1,5,4,8,6,7
5,5,4,8,7
1,5,4,8,7,1,6,2,3
2,5,4,8,7,3
1,5,4,8,7,3,2
2,5,4,8,7,6
1,5,4,8,7,6,2,3,1
32,5,6
4,5,6,1
2,5,6,1,3
1,5,6,1,3,9
1,5,6,1,4
1,5,6,1,4,7,3
1,5,6,1,8,7
1,5,6,1,8,7,2,4,3
4,5,6,2
1,5,6,2,1
1,5,6,2,1,8,3,4,7
1,5,6,2,3,8,7,4,1
1,5,6,2,7
1,5,6,2,8,7,4,3,1
6,5,6,3
1,5,6,3,2,1,7,4,8
1,5,6,3,4
1,5,6,3,4,1
1,5,6,3,4,1,7,2
1,5,6,3,4,2,1,7,8
2,5,6,3,4,7
1,5,6,3,4,8,1,2
1,5,6,3,4,8,7,2,1
2,5,6,3,7
1,5,6,3,7,4,8
2,5,6,3,7,8
1,5,6,3,7,8,1
5,5,6,3,8
1,5,6,3,8,7
14,5,6,4
1,5,6,4,1,2,3,8
1,5,6,4,1,3,8
1,5,6,4,1,8,2,3,7
1,5,6,4,1,8,3,7,2
1,5,6,4,2,3,8
3,5,6,4,3
1,5,6,4,3,1,8,2
2,5,6,4,3,2,1,8,7
3,5,6,4,7
1,5,6,4,7,1,2,3
6,5,6,4,8
1,5,6,4,8,2,3
1,5,6,4,8,2,7,1,3
1,5,6,4,8,7
1,5,6,4,8,7,2,3
16,5,6,7
1,5,6,7,1
1,5,6,7,1,2
1,5,6,7,1,8,3,2,4
1,5,6,7,2
1,5,6,7,2,1,4,8
1,5,6,7,2,4,1,3,8
4,5,6,7,3
3,5,6,7,3,4
1,5,6,7,3,4,2,1,8
1,5,6,7,3,4,8,1
1,5,6,7,3,4,8,2
1,5,6,7,3,8
1,5,6,7,3,8,4
5,5,6,7,4
1,5,6,7,4,1,3
1,5,6,7,4,3,1
1,5,6,7,4,3,2,1,8
1,5,6,7,4,3,8
4,5,6,7,4,8
1,5,6,7,4,8,1,2,3
1,5,6,7,4,8,1,3,2
2,5,6,7,4,8,3
10,5,6,7,8
3,5,6,7,8,1,2
11,5,6,7,8,1,2,3,4
3,5,6,7,8,3
2,5,6,7,8,3,4
1,5,6,7,8,4
1,5,6,7,8,4,3,2
1,5,6,7,8,4,3,2,1
20,5,6,8
1,5,6,8,1
2,5,6,8,1,2,3,4
2,5,6,8,1,3,4
1,5,6,8,1,4,2
1,5,6,8,2,3
1,5,6,8,2,3,4
1,5,6,8,2,3,7
5,5,6,8,3
1,5,6,8,3,2,4,1
1,5,6,8,3,4,1,2,7
1,5,6,8,3,4,2,1,7
2,5,6,8,3,7
7,5,6,8,4
1,5,6,8,4,3,2,1,7
1,5,6,8,4,7
1,5,6,8,4,7,1,2
1,5,6,8,4,7,3,1,2
7,5,6,8,7
1,5,6,8,7,1,2,3,4
1,5,6,8,7,3,2,4,1
1,5,6,8,7,4,1,2
2,5,6,8,7,4,3,2,1
20,5,7
3,5,7,1
1,5,7,1,2,4,3
2,5,7,1,8
1,5,7,1,8,4,3,6,2
2,5,7,2
1,5,7,2,3,1
2,5,7,2,3,6
1,5,7,3
1,5,7,3,1
1,5,7,3,1,4,2
1,5,7,3,2
3,5,7,3,4
1,5,7,3,4,2,1,8,6
2,5,7,3,4,6
1,5,7,3,4,8
1,5,7,3,4,8,1,6
1,5,7,3,6
1,5,7,3,6,1
1,5,7,3,6,8
1,5,7,3,8
1,5,7,3,8,6,1
1,5,7,3,8,6,4
1,5,7,3,8,6,4,1,2
13,5,7,4
1,5,7,4,3
1,5,7,4,3,8
1,5,7,4,3,8,1,2
1,5,7,4,3,8,2,1,6
1,5,7,4,3,8,6
1,5,7,4,3,8,6,1
3,5,7,4,6
1,5,7,4,6,3,8,2,1
1,5,7,4,6,8,3
1,5,7,4,6,8,3,1,2
5,5,7,4,8
1,5,7,4,8,1
1,5,7,4,8,1,3
3,5,7,4,8,3
1,5,7,4,8,3,6
1,5,7,4,8,6
1,5,7,4,8,6,3,1,2
8,5,7,6
1,5,7,6,1,2,3
1,5,7,6,1,3,8
1,5,7,6,1,8,4
4,5,7,6,3
1,5,7,6,3,2,8,1,4
1,5,7,6,3,4,8,2
1,5,7,6,3,8,4
4,5,7,6,4
1,5,7,6,4,3
1,5,7,6,4,3,2,1,8
2,5,7,6,4,3,8
1,5,7,6,4,3,9
1,5,7,6,4,8
1,5,7,6,8,1,2,3,4
1,5,7,6,8,1,3
1,5,7,6,8,2,1,3
1,5,7,6,8,2,1,4,3
1,5,7,6,8,3,4
1,5,7,6,8,4,3,2,1
9,5,7,8
1,5,7,8,1,2
2,5,7,8,1,2,3,4
1,5,7,8,1,2,3,4,6
1,5,7,8,1,6,2,4,3
1,5,7,8,2
1,5,7,8,2,3
2,5,7,8,3
1,5,7,8,3,4
1,5,7,8,3,6,4
3,5,7,8,4
1,5,7,8,4,2,6
1,5,7,8,4,3
2,5,7,8,4,6
1,5,7,8,4,6,3,2,1
1,5,7,8,6,1,2,3,4
56,5,8
6,5,8,1
4,5,8,1,2
3,5,8,1,2,3
6,5,8,1,2,3,4
2,5,8,1,2,3,4,6,7
1,5,8,1,2,3,4,7
1,5,8,1,2,3,6,4
1,5,8,1,2,4
1,5,8,1,3
1,5,8,1,3,2
1,5,8,1,3,2,4,6
1,5,8,1,3,4
1,5,8,1,3,7,6,2,4
2,5,8,1,4
1,5,8,1,4,3
1,5,8,1,4,3,2,6,7
11,5,8,2
1,5,8,2,1,3,4
1,5,8,2,1,3,4,6,7
1,5,8,2,1,4
1,5,8,2,1,6,4,3,7
1,5,8,2,1,6,7
1,5,8,2,3
2,5,8,2,3,4
2,5,8,2,4,6
1,5,8,2,6,3
1,5,8,2,6,4,3,1,7
1,5,8,2,7,1
11,5,8,3
1,5,8,3,1,7,4
1,5,8,3,2
1,5,8,3,2,1,4,6,7
11,5,8,3,4
1,5,8,3,4,1,7
1,5,8,3,4,6
2,5,8,3,4,7
1,5,8,3,4,7,1,6,2
1,5,8,3,6
1,5,8,3,6,2,1,7
1,5,8,3,6,7,1,2,4
2,5,8,3,7
1,5,8,3,7,6,4
26,5,8,4
1,5,8,4,1,2
2,5,8,4,1,2,3
3,5,8,4,2
1,5,8,4,2,1,3
1,5,8,4,2,3
1,5,8,4,2,7,6,1
2,5,8,4,3
1,5,8,4,3,1,2
1,5,8,4,3,2,1,6,7
1,5,8,4,3,7
1,5,8,4,3,7,6,1
6,5,8,4,6
1,5,8,4,6,1
1,5,8,4,6,2
2,5,8,4,6,7
2,5,8,4,6,7,3
2,5,8,4,7
1,5,8,4,7,3
1,5,8,4,7,6
1,5,8,4,7,6,3,2,1
20,5,8,6
1,5,8,6,1
1,5,8,6,1,4
2,5,8,6,2
2,5,8,6,3
1,5,8,6,3,2,7,4,1
1,5,8,6,3,7,4
5,5,8,6,4
1,5,8,6,4,1,7,3,2
1,5,8,6,4,2,1,3,7
2,5,8,6,4,3
1,5,8,6,4,3,7
1,5,8,6,4,7
1,5,8,6,4,7,1,3,2
5,5,8,6,7
1,5,8,6,7,3,4,2
1,5,8,6,7,4
1,5,8,6,7,4,2
1,5,8,6,7,4,2,3,1
2,5,8,6,7,4,3,2,1
9,5,8,7
1,5,8,7,1,2,3,4,6
1,5,8,7,1,4,2
1,5,8,7,1,4,6,3,2
1,5,8,7,2,3,4
1,5,8,7,3,4,6
1,5,8,7,3,6,4,1,2
3,5,8,7,4
2,5,8,7,4,3
1,5,8,7,4,6,3,1,2
2,5,8,7,6
1,5,8,7,6,1
1,5,8,7,6,3
1,5,8,7,6,4
245,6
26,6,1
19,6,1,2
1,6,1,2,3
2,6,1,2,3,4
1,6,1,2,3,4,5
1,6,1,2,3,4,5,8
1,6,1,2,3,4,7
4,6,1,2,3,4,7,8
1,6,1,2,3,4,8
1,6,1,2,3,5,7,8,4
1,6,1,2,3,7,4,5,8
2,6,1,2,4
1,6,1,2,4,3,5,7
1,6,1,2,4,8,7,5,3
1,6,1,2,5,4,8,3,7
1,6,1,2,7,5,3,4
1,6,1,2,7,5,8,4,3
3,6,1,3
1,6,1,3,2,4
1,6,1,3,2,4,7,8,9
1,6,1,3,2,5,4,7
1,6,1,3,2,7
1,6,1,3,5
1,6,1,3,5,2,4
1,6,1,3,5,7
5,6,1,4
1,6,1,4,3,2
1,6,1,4,5
1,6,1,4,5,7,8,2,3
2,6,1,4,7
1,6,1,4,7,8,2,5,3
2,6,1,5
1,6,1,5,2,7,4,3
1,6,1,5,3
1,6,1,5,4
1,6,1,5,4,2
1,6,1,5,4,2,7,8,3
3,6,1,7
1,6,1,7,3,2,8,4,5
1,6,1,7,8,4
1,6,1,7,8,4,2
7,6,1,8
1,6,1,8,2,3,5
2,6,1,8,4
1,6,1,8,4,3,2,7,5
1,6,1,8,4,5
1,6,1,8,7
1,6,1,8,7,4,5
1,6,1,8,7,5,4
17,6,2
7,6,2,1
1,6,2,1,3
1,6,2,1,3,5,8,4,7
1,6,2,1,3,7,5,8,4
1,6,2,1,3,7,8,4,5
1,6,2,1,4,3
1,6,2,1,4,3,7
1,6,2,1,4,5
1,6,2,1,5
1,6,2,1,5,8,7,4,3
1,6,2,1,7
1,6,2,1,7,5,8,4,3
1,6,2,1,8
1,6,2,1,8,4,5,3
4,6,2,3
1,6,2,3,1,8,4,5,7
1,6,2,3,4,5,1,8,7
1,6,2,3,4,5,7
1,6,2,3,4,8,1,5,7
1,6,2,3,5,1,4,7,8
1,6,2,3,7
1,6,2,3,8,5,4,7,1
4,6,2,4
1,6,2,4,3
1,6,2,4,5
1,6,2,5
1,6,2,5,4,8,7
1,6,2,5,7,3,4
1,6,2,5,8,1,3,4,7
1,6,2,5,8,7
3,6,2,7
1,6,2,7,1,5,3,8,4
1,6,2,7,8,4
10,6,2,8
1,6,2,8,1
1,6,2,8,1,3
1,6,2,8,1,7,4,5,3
1,6,2,8,3
1,6,2,8,4,3,1,7,5
1,6,2,8,4,3,5
1,6,2,8,4,5,3,7,1
1,6,2,8,7,5
16,6,3
5,6,3,1
1,6,3,1,2
1,6,3,1,2,4
1,6,3,1,2,5,4,7,8
1,6,3,1,2,5,8
2,6,3,1,4
1,6,3,1,5,2,8
2,6,3,1,5,2,8,4,7
1,6,3,1,7,2,8
5,6,3,2
1,6,3,2,1,4,7,8,5
1,6,3,2,4,5,7,8,1
2,6,3,2,7
1,6,3,2,7,4,5,8,1
1,6,3,2,7,5,8
1,6,3,2,7,8,5
1,6,3,2,8,1
1,6,3,2,8,1,7,5,4
1,6,3,2,8,7
4,6,3,4
1,6,3,4,5
1,6,3,4,5,1,8
1,6,3,4,5,2,1,8
1,6,3,4,5,7,1
1,6,3,4,5,7,1,8,2
1,6,3,4,5,7,8,1,2
2,6,3,4,5,8
1,6,3,4,5,8,1,7
1,6,3,4,5,8,7,1,2
1,6,3,4,5,8,7,2,1
1,6,3,4,7
1,6,3,4,7,2,5
11,6,3,5
1,6,3,5,1
1,6,3,5,1,8,7,4
1,6,3,5,2,1
1,6,3,5,2,7
1,6,3,5,2,8,4
2,6,3,5,4,7
1,6,3,5,4,7,1,2
1,6,3,5,4,7,8,1,2
1,6,3,5,7,4,8
1,6,3,5,8,4,7
4,6,3,5,8,7
1,6,3,5,8,7,2
2,6,3,7
2,6,3,7,2
1,6,3,7,5,8,4,1
1,6,3,7,8
1,6,3,7,8,4
1,6,3,7,8,5,4
1,6,3,8
1,6,3,8,1
1,6,3,8,2
1,6,3,8,2,1,7,5,4
3,6,3,8,4
1,6,3,8,4,5
4,6,3,8,5
1,6,3,8,5,2
1,6,3,8,5,2,7,4,1
1,6,3,8,5,4,2
1,6,3,8,5,7,4,2,1
1,6,3,8,7
1,6,3,8,7,4,2
3,6,3,8,7,4,5
1,6,3,8,7,4,5,2,1
38,6,4
5,6,4,1
1,6,4,1,3,5,7
1,6,4,1,3,8,5
1,6,4,1,7,5
1,6,4,1,8,3,2,5,7
1,6,4,1,8,3,5,2,7
4,6,4,2
2,6,4,2,1
1,6,4,2,3
1,6,4,2,3,5,8
1,6,4,2,7,8,5,3,1
1,6,4,2,8,1
1,6,4,2,8,1,3,5,7
1,6,4,2,8,5
1,6,4,2,8,7
7,6,4,3
1,6,4,3,1,2,8,5,7
1,6,4,3,2,1,8,5,7
1,6,4,3,2,7,8,1
1,6,4,3,2,8,1
1,6,4,3,5,8,1
1,6,4,3,5,8,7
1,6,4,3,7
2,6,4,3,8
1,6,4,3,8,5,1,2
1,6,4,3,8,7
1,6,4,3,8,7,5,1,2
13,6,4,5
1,6,4,5,1,7,8
1,6,4,5,2,1,3,8,7
5,6,4,5,3
1,6,4,5,3,1
1,6,4,5,3,2
1,6,4,5,3,8
5,6,4,5,7
3,6,4,5,7,8
1,6,4,5,7,8,2
10,6,4,5,8
1,6,4,5,8,1
2,6,4,5,8,2
1,6,4,5,8,2,1,3,7
2,6,4,5,8,3
2,6,4,5,8,3,7
2,6,4,5,8,7
2,6,4,5,8,7,3
11,6,4,7
1,6,4,7,3,2,8
1,6,4,7,3,5,2,1
3,6,4,7,3,8
1,6,4,7,3,8,5,1,2
4,6,4,7,5
1,6,4,7,5,1,3,8,2
1,6,4,7,5,3
2,6,4,7,5,3,2,1,8
1,6,4,7,5,3,2,8,1
1,6,4,7,5,8
1,6,4,7,5,8,2
1,6,4,7,5,8,2,3,1
1,6,4,7,8,5
1,6,4,7,8,5,3,2
1,6,4,7,8,5,3,2,1
1,6,4,7,9
38,6,4,8
1,6,4,8,1
1,6,4,8,1,2,3
1,6,4,8,1,2,3,5
1,6,4,8,1,5,7
1,6,4,8,2
1,6,4,8,2,1
1,6,4,8,2,1,3,7,5
1,6,4,8,2,1,5,3,7
1,6,4,8,2,5
1,6,4,8,2,5,1
3,6,4,8,3
1,6,4,8,3,2,5,1,7
1,6,4,8,3,5
1,6,4,8,3,5,7
1,6,4,8,3,7
2,6,4,8,5
2,6,4,8,5,1
1,6,4,8,5,3,2,1,7
1,6,4,8,5,3,7
3,6,4,8,5,7
1,6,4,8,5,7,3
5,6,4,8,7
1,6,4,8,7,1
1,6,4,8,7,2,1,3
1,6,4,8,7,2,1,5
1,6,4,8,7,2,3,5,1
1,6,4,8,7,3
1,6,4,8,7,3,1,2
1,6,4,8,7,5,2,3,1
1,6,4,8,7,5,3
3,6,4,8,7,5,3,2,1
1,6,4,9,2,1
52,6,5
3,6,5,1
2,6,5,1,2
1,6,5,1,2,4,8,7,3
2,6,5,1,3
1,6,5,1,4,3,8,2
1,6,5,1,7,3,4,2,8
1,6,5,1,8
5,6,5,2
4,6,5,2,1
1,6,5,2,1,3,7,8
1,6,5,2,1,4,7
1,6,5,2,1,4,8,3,7
1,6,5,2,1,7
1,6,5,2,1,8,7
1,6,5,2,3,1,8,7,4
1,6,5,2,3,7,4,1,8
1,6,5,2,8,1
1,6,5,2,8,7,1,4,3
8,6,5,3
2,6,5,3,1
1,6,5,3,1,2,7,8,4
1,6,5,3,1,4,8,7,2
1,6,5,3,2
1,6,5,3,2,1
1,6,5,3,2,4,8,1
2,6,5,3,4
1,6,5,3,4,2
2,6,5,3,4,2,7
1,6,5,3,4,2,8,7,1
2,6,5,3,4,7
2,6,5,3,4,7,8
2,6,5,3,4,8
1,6,5,3,4,8,2,7,1
1,6,5,3,4,8,7
9,6,5,3,7
1,6,5,3,7,1,4,8,2
2,6,5,3,7,4
1,6,5,3,7,4,8
7,6,5,3,8
1,6,5,3,8,1
1,6,5,3,8,1,7,2
2,6,5,3,8,7
1,6,5,3,8,7,1,4,2
1,6,5,3,8,7,2
1,6,5,3,8,7,2,4,1
3,6,5,3,8,7,4
23,6,5,4
1,6,5,4,1
1,6,5,4,1,2,3,8,7
1,6,5,4,1,3,7
1,6,5,4,1,3,8,2,7
1,6,5,4,1,3,8,7,2
4,6,5,4,3
1,6,5,4,3,1,2,8,7
1,6,5,4,3,1,8
2,6,5,4,3,2,1,8
2,6,5,4,3,2,1,8,7
1,6,5,4,3,2,7,8,1
1,6,5,4,3,2,8,1
1,6,5,4,3,8,1
1,6,5,4,3,8,2,1
1,6,5,4,3,8,7,2,1
9,6,5,4,7
1,6,5,4,7,1,2,3,8
1,6,5,4,7,3
2,6,5,4,7,3,2,1,8
1,6,5,4,7,3,8
1,6,5,4,7,3,8,2,1
1,6,5,4,7,8
1,6,5,4,7,8,3
2,6,5,4,7,8,3,1
14,6,5,4,8
2,6,5,4,8,1,2,3,7
1,6,5,4,8,1,3,2
1,6,5,4,8,2,7
1,6,5,4,8,3,7
5,6,5,4,8,7
1,6,5,4,8,7,1,2,3
1,6,5,4,8,7,2,3,1
1,6,5,4,8,7,3
17,6,5,7
1,6,5,7,1
1,6,5,7,1,2,3
1,6,5,7,2
1,6,5,7,2,3,4,1,8
1,6,5,7,2,8,3
8,6,5,7,3
1,6,5,7,3,1,8
2,6,5,7,3,4
1,6,5,7,3,4,8
1,6,5,7,3,4,8,1,2
6,6,5,7,3,8
1,6,5,7,3,8,1,2,4
1,6,5,7,3,8,4
1,6,5,7,3,8,4,2,1
7,6,5,7,4
1,6,5,7,4,3
2,6,5,7,4,3,2,1
2,6,5,7,4,8
1,6,5,7,4,8,2
6,6,5,7,8
2,6,5,7,8,1,2,3,4
1,6,5,7,8,1,4
1,6,5,7,8,3
1,6,5,7,8,3,2
1,6,5,7,8,3,2,1
3,6,5,7,8,3,4
4,6,5,7,8,4
2,6,5,7,8,4,2,3,1
1,6,5,7,8,4,3
2,6,5,7,8,4,3,2,1
20,6,5,8
2,6,5,8,1
1,6,5,8,1,3,7
1,6,5,8,1,4
1,6,5,8,1,4,2
1,6,5,8,1,4,3,2
2,6,5,8,2
1,6,5,8,2,3,7,4
7,6,5,8,3
1,6,5,8,3,2,1,4
1,6,5,8,3,4
1,6,5,8,3,4,1,2,7
1,6,5,8,3,4,7
1,6,5,8,3,7,4,2,1
7,6,5,8,4
2,6,5,8,4,3
1,6,5,8,4,3,2
1,6,5,8,4,3,7,2,1
3,6,5,8,4,7,3
1,6,5,8,7
1,6,5,8,7,1,2,3,4
1,6,5,8,7,1,4
1,6,5,8,7,2,1,3
1,6,5,8,7,3
1,6,5,8,7,3,2
1,6,5,8,7,4,1,2,3
1,6,5,8,7,4,3,2,1
1,6,5,8,9
1,6,5,9
158,6,7
8,6,7,1
2,6,7,1,2
2,6,7,1,2,3,4,5,8
1,6,7,1,2,3,4,8
1,6,7,1,2,4
1,6,7,1,2,4,3,5
2,6,7,1,2,4,3,8,5
1,6,7,1,2,4,8
1,6,7,1,2,8,5,3,4
1,6,7,1,3,5,4
1,6,7,1,3,8
1,6,7,1,4,3,5,2,8
1,6,7,1,5
1,6,7,1,5,3,2,8
1,6,7,1,8,3,4
1,6,7,1,8,3,4,2,5
2,6,7,1,8,4
1,6,7,1,9
8,6,7,2
1,6,7,2,1
1,6,7,2,1,4,5,3,8
1,6,7,2,1,8,3,4,5
1,6,7,2,3
1,6,7,2,3,4,5
2,6,7,2,3,4,8
2,6,7,2,3,5
1,6,7,2,3,5,4,8,1
23,6,7,2,3,5,8
2,6,7,2,3,5,8,1
2,6,7,2,3,5,8,1,4
1,6,7,2,3,5,8,4
5,6,7,2,3,5,8,4,1
1,6,7,2,3,8
1,6,7,2,3,8,5
1,6,7,2,4
1,6,7,2,4,8,3,1,5
1,6,7,2,5,1,8
1,6,7,2,5,3,1,8,4
1,6,7,2,5,3,4,8,1
1,6,7,2,5,3,8
1,6,7,2,5,3,8,4
1,6,7,2,5,4,3,1,8
1,6,7,2,5,8
1,6,7,2,5,8,3
1,6,7,2,5,8,3,1
1,6,7,2,8
1,6,7,2,8,1,3,4,5
1,6,7,2,8,1,5,4,3
3,6,7,2,8,3,5
1,6,7,2,8,5,3,1
1,6,7,2,8,5,4
15,6,7,3
1,6,7,3,1,8
1,6,7,3,1,8,2
1,6,7,3,2,1
1,6,7,3,2,4,5,1,8
2,6,7,3,2,5,8
1,6,7,3,2,8,4,5
1,6,7,3,2,8,5
6,6,7,3,4
1,6,7,3,4,5
1,6,7,3,4,5,1,2
1,6,7,3,4,5,8,1
2,6,7,3,4,8
1,6,7,3,4,8,2,1
1,6,7,3,4,8,2,5
5,6,7,3,5
1,6,7,3,5,1
2,6,7,3,5,1,2,4,8
2,6,7,3,5,2,8
4,6,7,3,5,4
1,6,7,3,5,4,2
1,6,7,3,5,4,2,8
2,6,7,3,5,4,8,1,2
2,6,7,3,5,8
1,6,7,3,5,8,1
1,6,7,3,5,8,1,2,4
2,6,7,3,5,8,2
3,6,7,3,5,8,4
1,6,7,3,5,8,4,2,1
1,6,7,3,5,9
3,6,7,3,8
1,6,7,3,8,1,2,4,5
1,6,7,3,8,1,4,5
1,6,7,3,8,1,5,4,2
1,6,7,3,8,4
1,6,7,3,8,4,2
2,6,7,3,8,4,5,1,2
1,6,7,3,8,5,1
1,6,7,3,8,5,4,1,2
24,6,7,4
1,6,7,4,1
1,6,7,4,1,3,8,2,5
1,6,7,4,2
1,6,7,4,2,5,1,8,3
1,6,7,4,3
1,6,7,4,3,1
2,6,7,4,3,2,8,1
1,6,7,4,3,5
2,6,7,4,3,5,1,2,8
1,6,7,4,3,5,2
1,6,7,4,3,5,8,1,2
1,6,7,4,3,5,8,2,1
1,6,7,4,3,8
1,6,7,4,3,8,1,2
1,6,7,4,3,8,2,1
1,6,7,4,3,8,5
1,6,7,4,3,8,5,2,1
8,6,7,4,5
4,6,7,4,5,2,8
1,6,7,4,5,3
1,6,7,4,5,3,1
1,6,7,4,5,3,8
1,6,7,4,5,8
3,6,7,4,5,8,1,2,3
1,6,7,4,5,8,2
2,6,7,4,5,8,3,1,2
1,6,7,4,5,8,3,2,1
10,6,7,4,8
1,6,7,4,8,1,2,3,5
1,6,7,4,8,1,3,2
2,6,7,4,8,3
1,6,7,4,8,3,5
1,6,7,4,8,3,5,2,1
4,6,7,4,8,5
1,6,7,4,8,5,2,3
1,6,7,4,8,5,3,1,2
1,6,7,4,8,5,3,2,1
23,6,7,5
2,6,7,5,1
2,6,7,5,1,3,4
1,6,7,5,1,4,8
1,6,7,5,1,4,8,2,3
1,6,7,5,2
1,6,7,5,2,1,3,4,8
1,6,7,5,2,3,1,4
1,6,7,5,2,3,1,4,8
1,6,7,5,2,3,8
1,6,7,5,2,3,8,4
1,6,7,5,2,3,8,4,1
1,6,7,5,2,8
1,6,7,5,2,8,1
10,6,7,5,3
1,6,7,5,3,1,2
1,6,7,5,3,2,1
1,6,7,5,3,2,4
1,6,7,5,3,2,8
1,6,7,5,3,4
1,6,7,5,3,4,1,8
1,6,7,5,3,4,2
1,6,7,5,3,4,2,1,8
1,6,7,5,3,4,8,1,2
5,6,7,5,3,8
2,6,7,5,3,8,2
1,6,7,5,3,8,2,1
1,6,7,5,3,8,2,4,1
1,6,7,5,3,8,4,1,2
3,6,7,5,4
2,6,7,5,4,2
1,6,7,5,4,2,3,8,1
1,6,7,5,4,2,8,3
1,6,7,5,4,3
2,6,7,5,4,3,2
1,6,7,5,4,3,2,1
4,6,7,5,4,3,2,1,8
3,6,7,5,4,3,8
5,6,7,5,4,8
1,6,7,5,4,8,1,2,3
1,6,7,5,4,8,3
10,6,7,5,8
1,6,7,5,8,1,2,3,4
1,6,7,5,8,1,3,4,2
1,6,7,5,8,1,4,2,3
1,6,7,5,8,2
1,6,7,5,8,2,1,3,4
3,6,7,5,8,3
2,6,7,5,8,3,2
3,6,7,5,8,3,4
1,6,7,5,8,3,4,1,2
5,6,7,5,8,4
1,6,7,5,8,4,2,3
1,6,7,5,8,4,3
36,6,7,8
2,6,7,8,1
2,6,7,8,1,2
1,6,7,8,1,2,3
2,6,7,8,1,2,3,4
18,6,7,8,1,2,3,4,5
1,6,7,8,1,2,3,5,4
1,6,7,8,1,2,4,3,5
1,6,7,8,1,2,4,5
1,6,7,8,1,3,2,5
1,6,7,8,1,4,3,2,5
1,6,7,8,1,5,2,3,9
1,6,7,8,1,5,3
1,6,7,8,1,5,3,4
1,6,7,8,1,5,3,4,2
1,6,7,8,1,5,4,2,3
2,6,7,8,1,5,4,3,2
3,6,7,8,2
2,6,7,8,2,1,3,4,5
1,6,7,8,2,3
1,6,7,8,2,3,1,4
6,6,7,8,2,3,5
1,6,7,8,2,3,5,1
1,6,7,8,2,3,5,4
1,6,7,8,2,3,5,4,1
1,6,7,8,2,4,3,5,1
1,6,7,8,2,4,5,3
1,6,7,8,2,4,5,3,1
3,6,7,8,2,5
6,6,7,8,2,5,3
1,6,7,8,2,5,3,4
1,6,7,8,2,5,4,3
6,6,7,8,3
2,6,7,8,3,1,5,2,4
1,6,7,8,3,2,1
4,6,7,8,3,2,5
2,6,7,8,3,4
2,6,7,8,3,4,2
2,6,7,8,3,4,5
1,6,7,8,3,4,5,1,2
1,6,7,8,3,4,5,2,1
1,6,7,8,3,5,1
6,6,7,8,3,5,2
1,6,7,8,3,5,2,4,1
1,6,7,8,3,5,4
15,6,7,8,4
1,6,7,8,4,1,2,3,5
1,6,7,8,4,2,1
2,6,7,8,4,3
1,6,7,8,4,3,1,2,5
1,6,7,8,4,3,2
1,6,7,8,4,3,2,1
1,6,7,8,4,3,5
1,6,7,8,4,3,5,1,2
1,6,7,8,4,3,5,2,1
7,6,7,8,4,5
1,6,7,8,4,5,1
1,6,7,8,4,5,1,2,3
2,6,7,8,4,5,3
2,6,7,8,4,5,3,2
2,6,7,8,4,5,3,2,1
8,6,7,8,5
1,6,7,8,5,1,2,3,4
1,6,7,8,5,2
1,6,7,8,5,3
1,6,7,8,5,3,1,2,4
8,6,7,8,5,3,2
1,6,7,8,5,3,2,4,1
3,6,7,8,5,3,4
1,6,7,8,5,3,4,2
3,6,7,8,5,3,4,2,1
5,6,7,8,5,4
1,6,7,8,5,4,1
1,6,7,8,5,4,2,1,3
1,6,7,8,5,4,2,3,1
1,6,7,8,5,4,3
3,6,7,8,5,4,3,2
3,6,7,8,5,4,3,2,1
1,6,7,9
1,6,7,9,10,11,12
111,6,8
9,6,8,1
2,6,8,1,2
2,6,8,1,2,3
3,6,8,1,2,3,4,5
2,6,8,1,2,3,4,5,7
1,6,8,1,2,3,5,7
1,6,8,1,2,4,3,7
1,6,8,1,2,5,7,3,4
1,6,8,1,2,7
1,6,8,1,3,2
1,6,8,1,3,5,4
1,6,8,1,3,7
1,6,8,1,4
1,6,8,1,4,2,5,3,7
1,6,8,1,5
1,6,8,1,5,2,3
1,6,8,1,5,2,7,3,4
1,6,8,1,5,3
1,6,8,1,5,4,3,2,7
1,6,8,1,7
13,6,8,2
1,6,8,2,1,3
1,6,8,2,1,3,5
1,6,8,2,1,5,4,3
3,6,8,2,3
1,6,8,2,3,1
1,6,8,2,3,1,5,4,7
1,6,8,2,3,4,5,7,1
1,6,8,2,3,5,4,1
1,6,8,2,4
1,6,8,2,4,3
1,6,8,2,4,3,5
1,6,8,2,4,5,1
1,6,8,2,4,7
1,6,8,2,5
1,6,8,2,5,1,7,4,3
1,6,8,2,5,3,7,1,4
1,6,8,2,5,4,3,7,1
1,6,8,2,5,7
4,6,8,3
1,6,8,3,1,2,4,5,7
1,6,8,3,1,4,7
1,6,8,3,1,4,7,5
1,6,8,3,2
1,6,8,3,2,1,4,5,7
3,6,8,3,4
1,6,8,3,4,1,5,7,2
2,6,8,3,4,5,1,7
1,6,8,3,4,5,2,7,1
1,6,8,3,4,7
3,6,8,3,5
2,6,8,3,5,1
1,6,8,3,5,7,4
3,6,8,3,7
1,6,8,3,7,5
1,6,8,3,7,5,2
1,6,8,3,7,5,4,2
32,6,8,4
1,6,8,4,1,3,2,7
1,6,8,4,2,3,5,1
1,6,8,4,2,5,1,3,7
2,6,8,4,2,5,1,7,3
1,6,8,4,3,2,1,5,7
1,6,8,4,3,5,1,2,7
1,6,8,4,3,5,7
1,6,8,4,3,7,2,1,5
10,6,8,4,5
1,6,8,4,5,1,2
1,6,8,4,5,2,1
1,6,8,4,5,3
2,6,8,4,5,3,2,1,7
1,6,8,4,5,3,7
1,6,8,4,5,3,7,2,1
1,6,8,4,5,7
1,6,8,4,5,7,2,3,1
1,6,8,4,5,7,3
1,6,8,4,5,7,3,2
3,6,8,4,7
1,6,8,4,7,1,2,3
1,6,8,4,7,1,5
1,6,8,4,7,2,1
1,6,8,4,7,3
1,6,8,4,7,3,5,2,1
3,6,8,4,7,5
1,6,8,4,9
28,6,8,5
1,6,8,5,1,2,3,4
1,6,8,5,1,4
1,6,8,5,2
1,6,8,5,2,1
1,6,8,5,2,1,3,4,7
1,6,8,5,2,3,1,4,7
1,6,8,5,2,3,4,7,1
1,6,8,5,2,3,7
1,6,8,5,2,7,4
2,6,8,5,2,7,4,1,3
3,6,8,5,3
1,6,8,5,3,1,2
1,6,8,5,3,4,7
5,6,8,5,4
2,6,8,5,4,1,2,3,7
1,6,8,5,4,2
1,6,8,5,4,2,1,7,3
1,6,8,5,4,2,7
1,6,8,5,4,3
1,6,8,5,4,3,1,2
2,6,8,5,4,3,2
1,6,8,5,4,3,2,1
1,6,8,5,4,3,2,1,7
1,6,8,5,4,3,2,7,1
2,6,8,5,4,3,7,1
2,6,8,5,4,7
1,6,8,5,4,7,3
7,6,8,5,7
1,6,8,5,7,1,2,3,4
1,6,8,5,7,3
1,6,8,5,7,3,2
1,6,8,5,7,3,4,2,1
1,6,8,5,7,3,9
1,6,8,5,7,4,3,1,2
1,6,8,5,7,4,3,2,1
28,6,8,7
1,6,8,7,1,2,3,4
1,6,8,7,1,2,5
1,6,8,7,1,3
1,6,8,7,1,5,4,3
1,6,8,7,2,3,5,4,1
1,6,8,7,2,5,1
1,6,8,7,3,1,2,5,4
1,6,8,7,3,2
1,6,8,7,3,4
1,6,8,7,3,4,5
1,6,8,7,3,4,5,2,1
1,6,8,7,3,5
1,6,8,7,3,5,2
1,6,8,7,3,5,4
6,6,8,7,4
1,6,8,7,4,1,2,3,5
1,6,8,7,4,2,3,5,1
3,6,8,7,4,5
1,6,8,7,4,5,2,3
1,6,8,7,4,5,3
3,6,8,7,5
1,6,8,7,5,1
1,6,8,7,5,1,3
1,6,8,7,5,2
1,6,8,7,5,2,3
1,6,8,7,5,2,3,1,4
3,6,8,7,5,3,2
3,6,8,7,5,4
2,6,8,7,5,4,1,2,3
1,6,8,7,5,4,3,1,2
1,6,8,7,5,4,3,2,1
1,6,9
1,6,9,1,3,2,4,5,7
1,6,9,10
236,7
12,7,1
8,7,1,2
5,7,1,2,3
1,7,1,2,3,4,5,8,6
2,7,1,2,3,5
1,7,1,2,3,5,4
1,7,1,2,4,9,10,11,12
1,7,1,2,5
1,7,1,2,5,6,3,4,8
1,7,1,2,6
1,7,1,2,6,5,4,3,8
1,7,1,2,8
1,7,1,2,8,3
1,7,1,2,8,4,3,5,6
2,7,1,3
2,7,1,3,4,5
2,7,1,4
2,7,1,4,2
1,7,1,4,3,2,5,8,6
1,7,1,4,3,5
1,7,1,4,5,3,8,6,9
1,7,1,4,6
1,7,1,4,6,8,2,3
1,7,1,4,8,3,2,5
1,7,1,5
1,7,1,5,2,3,4,6,8
1,7,1,5,3
1,7,1,5,4,3,2,8
4,7,1,6
1,7,1,6,2
1,7,1,6,2,3,8
1,7,1,6,2,4,5,8,3
1,7,1,6,4,2,8
1,7,1,6,4,5,8
1,7,1,6,4,8
1,7,1,6,8,3
1,7,1,8,2
1,7,1,8,2,3,4,5
1,7,1,8,2,4,5,6,3
1,7,1,8,2,5,4,3,6
1,7,1,8,4,2
1,7,1,8,4,2,6
1,7,1,8,4,5
1,7,1,8,5,3,2
1,7,1,8,6,5,2,3,4
1,7,1,10,4,6,5
9,7,2
4,7,2,1
1,7,2,1,3
1,7,2,1,3,4,5
1,7,2,1,3,4,5,6,8
1,7,2,1,3,5,8
1,7,2,1,4
1,7,2,1,4,8
1,7,2,1,5,8,6,3,4
1,7,2,1,8,3,5,4,6
4,7,2,3
1,7,2,3,1,5,6,4
1,7,2,3,4,5,8
1,7,2,3,4,8,1,6,5
1,7,2,3,5,8
1,7,2,3,6
2,7,2,3,8
1,7,2,4
1,7,2,4,1
1,7,2,4,6,8,5,1,3
1,7,2,4,8
2,7,2,5
1,7,2,5,1
1,7,2,5,6
3,7,2,6
1,7,2,6,3,5
1,7,2,6,5
1,7,2,6,5,4,8,1,3
1,7,2,6,8,1,4
1,7,2,6,8,3,5,4
2,7,2,8
2,7,2,8,1
1,7,2,8,1,5
1,7,2,8,1,5,3
1,7,2,8,5
1,7,2,8,6
33,7,3
6,7,3,1
1,7,3,1,2
1,7,3,1,2,5
1,7,3,1,2,6
1,7,3,1,2,8
2,7,3,1,4
1,7,3,1,4,5
1,7,3,1,8
4,7,3,2
1,7,3,2,1,4,5,6,8
1,7,3,2,1,4,6
1,7,3,2,1,5,6,4,8
1,7,3,2,4
1,7,3,2,4,5,1,8
1,7,3,2,4,6,1,8
1,7,3,2,4,6,8,1,5
1,7,3,2,6
1,7,3,2,8
8,7,3,4
1,7,3,4,1,2,8,5,6
1,7,3,4,1,5,6,2,8
1,7,3,4,2,1,8,6,5
1,7,3,4,5
1,7,3,4,5,6
1,7,3,4,5,6,8
1,7,3,4,5,8,1,2,6
1,7,3,4,6,2,8,1,5
1,7,3,4,6,5
2,7,3,4,8
1,7,3,4,8,1,5
1,7,3,4,8,5
10,7,3,5
1,7,3,5,1,2
1,7,3,5,1,8
4,7,3,5,4
1,7,3,5,4,1,2,8
1,7,3,5,4,1,6,2,8
1,7,3,5,4,6,8,1,2
1,7,3,5,4,8,2
3,7,3,5,6
2,7,3,5,6,1
1,7,3,5,6,1,2,8,4
1,7,3,5,6,4,8,1,2
3,7,3,5,6,8
2,7,3,5,8
1,7,3,5,8,1,2,4,6
1,7,3,5,8,1,4,2,6
1,7,3,5,8,1,4,6
1,7,3,5,8,4,6
1,7,3,5,8,6
1,7,3,5,8,6,4
11,7,3,6
1,7,3,6,4,5
1,7,3,6,4,5,2,1,8
1,7,3,6,4,5,8
1,7,3,6,4,5,8,2,1
3,7,3,6,5
1,7,3,6,5,4
1,7,3,6,5,4,8,1,2
1,7,3,6,5,8
1,7,3,6,5,8,2,1,4
1,7,3,6,5,8,4
1,7,3,6,5,8,4,2,1
4,7,3,6,8
1,7,3,6,8,4,5
1,7,3,6,8,5
2,7,3,6,8,5,4
6,7,3,8
2,7,3,8,1
1,7,3,8,1,4
1,7,3,8,1,5
1,7,3,8,1,5,2
1,7,3,8,2
1,7,3,8,2,1
2,7,3,8,4
1,7,3,8,4,2,6,5
2,7,3,8,4,5
1,7,3,8,4,5,1
1,7,3,8,4,5,6,2,1
1,7,3,8,5
1,7,3,8,5,4,6,2,1
2,7,3,8,5,6
1,7,3,8,5,6,1,2
2,7,3,8,6
1,7,3,8,6,2,4,1,5
1,7,3,8,6,4,1,2,5
42,7,4
2,7,4,1
1,7,4,1,2
1,7,4,1,5
1,7,4,1,5,6
4,7,4,1,8
1,7,4,1,8,6,3,2,5
4,7,4,2
1,7,4,2,1
1,7,4,2,1,3,5,8,6
1,7,4,2,1,5,3,8,6
1,7,4,2,3,5,8
1,7,4,2,6,3,5
2,7,4,2,8
10,7,4,3
1,7,4,3,1,8,5
1,7,4,3,2,6,5,8
1,7,4,3,2,8,1,5,6
4,7,4,3,5
3,7,4,3,5,8
2,7,4,3,5,8,1,2
1,7,4,3,5,8,1,2,6
1,7,4,3,5,8,6
2,7,4,3,6
1,7,4,3,6,2,1
1,7,4,3,6,2,5,1,8
1,7,4,3,6,8,5
1,7,4,3,8
1,7,4,3,8,1
1,7,4,3,8,1,2,6,5
1,7,4,3,8,1,6,2,5
1,7,4,3,8,2
1,7,4,3,8,2,1,6,5
1,7,4,3,8,2,5,6,1
1,7,4,3,8,2,6,5
1,7,4,3,8,5
1,7,4,3,8,5,1
3,7,4,3,8,6
1,7,4,3,8,6,5,2,1
10,7,4,5
1,7,4,5,1
1,7,4,5,1,3
1,7,4,5,1,3,2
1,7,4,5,1,8,3,2,6
1,7,4,5,2
2,7,4,5,3
1,7,4,5,3,1,2,8
1,7,4,5,3,2,8,1
1,7,4,5,3,6,1,2,8
1,7,4,5,3,8
1,7,4,5,3,8,1
1,7,4,5,3,8,2
3,7,4,5,6
1,7,4,5,6,3
1,7,4,5,6,3,2,1,8
2,7,4,5,6,8
1,7,4,5,6,8,1
1,7,4,5,6,8,1,2,3
1,7,4,5,6,8,2,3
2,7,4,5,6,8,3,2,1
7,7,4,5,8
1,7,4,5,8,1,2,3,6
1,7,4,5,8,2,6,3,1
1,7,4,5,8,3
1,7,4,5,8,3,6
4,7,4,5,8,6
1,7,4,5,8,6,1
1,7,4,5,8,6,2
1,7,4,5,8,6,2,1,3
1,7,4,5,8,6,3,2,1
20,7,4,6
1,7,4,6,2
2,7,4,6,2,8,1,3,5
2,7,4,6,2,8,3,5,1
1,7,4,6,3,5,8
1,7,4,6,5,3
1,7,4,6,5,3,2,8
3,7,4,6,5,8
1,7,4,6,5,8,2
1,7,4,6,5,8,2,1,3
1,7,4,6,5,8,3,2,1
4,7,4,6,8
1,7,4,6,8,2,3
2,7,4,6,8,2,5
1,7,4,6,8,2,5,3,1
1,7,4,6,8,5
1,7,4,6,8,5,3
23,7,4,8
2,7,4,8,1
1,7,4,8,1,5
1,7,4,8,1,5,2,3
1,7,4,8,1,6
1,7,4,8,1,6,2,3,5
1,7,4,8,2
1,7,4,8,2,6
1,7,4,8,2,6,3,5,1
6,7,4,8,3
1,7,4,8,3,1
1,7,4,8,3,1,5,6,2
1,7,4,8,3,2,1,5
1,7,4,8,3,5,2,1
1,7,4,8,3,5,2,1,6
1,7,4,8,3,6
1,7,4,8,3,6,1
5,7,4,8,5
1,7,4,8,5,1,6,3
1,7,4,8,5,2,3
1,7,4,8,5,2,6
1,7,4,8,5,3
1,7,4,8,5,3,2,1,6
1,7,4,8,5,3,2,6,1
2,7,4,8,6
1,7,4,8,6,2,1,5
1,7,4,8,6,2,3,1
1,7,4,8,6,3
1,7,4,8,6,3,1,2,5
2,7,4,8,6,3,2
1,7,4,8,6,5,3,2
1,7,4,8,6,5,3,2,1
34,7,5
4,7,5,1
1,7,5,1,2,3
1,7,5,1,2,3,4,6,8
1,7,5,1,2,6
1,7,5,1,2,8
2,7,5,1,3
1,7,5,1,3,2,4
2,7,5,1,4
1,7,5,1,4,3,6
1,7,5,1,4,3,6,8,2
2,7,5,1,6
1,7,5,1,6,3,2,8,4
2,7,5,2
1,7,5,2,1,8,3
1,7,5,2,1,8,3,4,6
1,7,5,2,1,8,4
1,7,5,2,6,4,8,3,1
1,7,5,2,8,6,1,3,4
7,7,5,3
1,7,5,3,1
2,7,5,3,1,2
1,7,5,3,1,2,4,6
1,7,5,3,1,2,4,8
1,7,5,3,1,2,6,8,4
1,7,5,3,2
3,7,5,3,4
1,7,5,3,4,1,6,2,8
1,7,5,3,4,2,8,1,6
1,7,5,3,4,6
1,7,5,3,4,6,8,2,1
2,7,5,3,4,8
1,7,5,3,4,8,1
4,7,5,3,6
1,7,5,3,6,4
1,7,5,3,6,8
2,7,5,3,8
1,7,5,3,8,1
1,7,5,3,8,1,2,6
1,7,5,3,8,1,4,6,2
1,7,5,3,8,4
1,7,5,3,8,4,6
1,7,5,3,8,6,4,1,2
15,7,5,4
3,7,5,4,1
1,7,5,4,1,2,3,6,8
1,7,5,4,1,2,6
1,7,5,4,1,6,8,2,3
1,7,5,4,1,8
1,7,5,4,1,8,3,6
1,7,5,4,2,3,1,8,6
3,7,5,4,3
1,7,5,4,3,2,1,6,8
1,7,5,4,3,6
3,7,5,4,3,8
1,7,5,4,3,8,1
1,7,5,4,6
1,7,5,4,6,1
1,7,5,4,6,1,3
1,7,5,4,6,3,2,1,8
2,7,5,4,6,8,1,2,3
1,7,5,4,6,8,3,1
7,7,5,4,8
2,7,5,4,8,3
1,7,5,4,8,6,2,3,1
1,7,5,4,8,6,3
1,7,5,4,9,10,11
14,7,5,6
2,7,5,6,1
1,7,5,6,1,2
1,7,5,6,1,2,3,4,8
1,7,5,6,1,2,3,8,4
1,7,5,6,1,3
1,7,5,6,1,8
1,7,5,6,2
1,7,5,6,2,8,1
3,7,5,6,3
1,7,5,6,3,1,8,2,4
1,7,5,6,3,2,1,8
2,7,5,6,3,4
1,7,5,6,3,4,1
1,7,5,6,3,4,8
2,7,5,6,3,8
1,7,5,6,3,8,1
1,7,5,6,3,8,4
2,7,5,6,4
1,7,5,6,4,3,1
1,7,5,6,4,3,2,1
1,7,5,6,4,3,8
3,7,5,6,8
1,7,5,6,8,1
1,7,5,6,8,1,2,4,3
1,7,5,6,8,2,4,3,1
1,7,5,6,8,3
1,7,5,6,8,3,1,4,2
1,7,5,6,8,4,1
1,7,5,6,8,4,2,1,3
10,7,5,8
1,7,5,8,1
1,7,5,8,1,2,6,4,3
1,7,5,8,1,3,4,6
1,7,5,8,1,4,2,3,6
1,7,5,8,2,3,4,1,6
2,7,5,8,3
2,7,5,8,3,6
1,7,5,8,3,6,4,2,1
1,7,5,8,3,9
5,7,5,8,4
1,7,5,8,4,2,1
1,7,5,8,4,2,6,1,3
1,7,5,8,4,3
1,7,5,8,4,3,2,1
2,7,5,8,4,6
1,7,5,8,6
1,7,5,8,6,2,3,1,4
1,7,5,8,6,2,3,4,1
1,7,5,8,6,3
2,7,5,8,6,3,4
1,7,5,8,6,4,3
98,7,6
5,7,6,1
2,7,6,1,2
1,7,6,1,2,3,5,8,4
1,7,6,1,2,5,3,4
1,7,6,1,2,8,3,4,5
1,7,6,1,3,4
1,7,6,1,4,5,2
1,7,6,1,8
1,7,6,1,8,2,3,4,5
1,7,6,1,8,2,4,3,5
1,7,6,1,8,3,4
1,7,6,1,8,5
5,7,6,2
1,7,6,2,1,8,3,4,5
1,7,6,2,3,5,4
4,7,6,2,3,5,8
1,7,6,2,3,8
1,7,6,2,3,8,4
1,7,6,2,4,1,8,3,5
1,7,6,2,4,5,3,1,8
1,7,6,2,8
1,7,6,2,8,1
1,7,6,2,8,5,3
8,7,6,3
1,7,6,3,1
1,7,6,3,1,5,8,2,4
2,7,6,3,2
1,7,6,3,2,1
1,7,6,3,2,5
1,7,6,3,2,5,8,4,1
2,7,6,3,4
1,7,6,3,4,1
1,7,6,3,4,1,8,2,5
1,7,6,3,4,8
1,7,6,3,4,8,1,2
2,7,6,3,4,8,5
5,7,6,3,5
1,7,6,3,5,2,4
1,7,6,3,5,2,8
1,7,6,3,5,4
1,7,6,3,5,4,8,9,10
1,7,6,3,5,8
1,7,6,3,8
2,7,6,3,8,2,5
1,7,6,3,8,4,5
1,7,6,3,8,5
1,7,6,3,8,5,4
24,7,6,4
1,7,6,4,1,2,3,5,8
1,7,6,4,1,2,5,3
1,7,6,4,1,8,5,3
1,7,6,4,1,8,5,3,2
2,7,6,4,2
1,7,6,4,2,3,8,1
1,7,6,4,2,3,8,5
1,7,6,4,2,8,3,5,1
2,7,6,4,3
1,7,6,4,3,1,2,5,8
1,7,6,4,3,5
1,7,6,4,3,5,1,8
2,7,6,4,3,8
1,7,6,4,3,8,5,2,1
3,7,6,4,5
1,7,6,4,5,1,8
1,7,6,4,5,1,8,3,2
1,7,6,4,5,2,8,1
1,7,6,4,5,3
1,7,6,4,5,3,1,8
1,7,6,4,5,3,2
1,7,6,4,5,3,2,8
1,7,6,4,5,3,2,8,1
1,7,6,4,5,3,8
3,7,6,4,5,8,2
1,7,6,4,5,8,3
6,7,6,4,8
1,7,6,4,8,2,3,5
1,7,6,4,8,3
1,7,6,4,8,3,1,2
2,7,6,4,8,3,5,1,2
3,7,6,4,8,5
1,7,6,4,8,5,3,1,2
18,7,6,5
1,7,6,5,1
1,7,6,5,1,2,3,4,8
1,7,6,5,1,3,2,8,4
1,7,6,5,2
1,7,6,5,2,1,3,4
1,7,6,5,2,3,4,1,8
1,7,6,5,2,3,8
1,7,6,5,2,8
9,7,6,5,3
2,7,6,5,3,1
1,7,6,5,3,1,2,8,4
1,7,6,5,3,1,8,2,4
1,7,6,5,3,2,1
2,7,6,5,3,2,8
4,7,6,5,3,4
1,7,6,5,3,4,8,2,1
3,7,6,5,3,8
1,7,6,5,3,8,2
1,7,6,5,3,8,2,4
1,7,6,5,3,8,4,1,2
5,7,6,5,4
1,7,6,5,4,1
1,7,6,5,4,1,2
1,7,6,5,4,2,3,1,8
1,7,6,5,4,2,8,1,3
2,7,6,5,4,3
2,7,6,5,4,3,2
6,7,6,5,4,3,2,1,8
1,7,6,5,4,3,8,1,2
2,7,6,5,4,8
1,7,6,5,4,8,2
2,7,6,5,4,8,3
1,7,6,5,4,8,3,2,1
5,7,6,5,8
1,7,6,5,8,1,2
1,7,6,5,8,2,1,3,4
2,7,6,5,8,2,3
1,7,6,5,8,2,3,1,4
1,7,6,5,8,3
1,7,6,5,8,3,2,4,1
1,7,6,5,8,3,4
1,7,6,5,8,3,4,2,1
4,7,6,5,8,4
1,7,6,5,8,4,3
1,7,6,5,8,4,3,2
1,7,6,5,8,4,3,2,1
36,7,6,8
2,7,6,8,1
1,7,6,8,1,2,3,5,4
1,7,6,8,1,2,4,3,5
1,7,6,8,1,3,2,5,4
1,7,6,8,1,5,4,3,2
3,7,6,8,2
1,7,6,8,2,3,4
1,7,6,8,2,3,4,5
2,7,6,8,2,3,4,5,1
1,7,6,8,2,3,5,4
1,7,6,8,3
1,7,6,8,3,1,2,4,5
2,7,6,8,3,2
1,7,6,8,3,2,4,1,5
2,7,6,8,3,2,5
4,7,6,8,3,4
2,7,6,8,3,4,5
1,7,6,8,3,4,5,1,2
3,7,6,8,3,5
1,7,6,8,3,5,2,1
1,7,6,8,3,5,2,4
1,7,6,8,3,5,4
6,7,6,8,4
1,7,6,8,4,2,3
3,7,6,8,4,3
1,7,6,8,4,3,1
1,7,6,8,4,5
2,7,6,8,4,5,3
3,7,6,8,4,5,3,2,1
5,7,6,8,5
1,7,6,8,5,2
1,7,6,8,5,2,3
1,7,6,8,5,2,3,4,1
3,7,6,8,5,3
2,7,6,8,5,3,2
1,7,6,8,5,3,2,1,4
1,7,6,8,5,3,4
1,7,6,8,5,3,4,1,2
5,7,6,8,5,4
1,7,6,8,5,4,2,1,3
2,7,6,8,5,4,2,3
1,7,6,8,5,4,3
2,7,6,8,5,4,3,2,1
2,7,6,9
56,7,8
6,7,8,1
1,7,8,1,2
1,7,8,1,2,3
2,7,8,1,2,3,4,5
6,7,8,1,2,3,4,5,6
1,7,8,1,2,4
1,7,8,1,2,6
1,7,8,1,3,4,5,2,6
3,7,8,1,4
1,7,8,1,4,2,3,5,6
1,7,8,1,4,3
1,7,8,1,4,6,3,2,5
1,7,8,1,4,6,5,2,3
3,7,8,2
3,7,8,2,1
1,7,8,2,1,3,4,5
1,7,8,2,3,4,6
1,7,8,2,5,6,3
1,7,8,2,6
1,7,8,2,9
16,7,8,3
2,7,8,3,1
1,7,8,3,2,4,6
6,7,8,3,4
1,7,8,3,4,1,2
1,7,8,3,4,1,2,5
1,7,8,3,4,2,6
3,7,8,3,4,5
1,7,8,3,4,6
1,7,8,3,4,6,2
1,7,8,3,4,6,5
1,7,8,3,5
1,7,8,3,5,1
2,7,8,3,5,4
1,7,8,3,5,4,1
1,7,8,3,5,6
2,7,8,3,6
1,7,8,3,6,2,4
1,7,8,3,6,4
1,7,8,3,6,5
1,7,8,3,6,5,1
26,7,8,4
2,7,8,4,1
1,7,8,4,1,2,5,6,3
1,7,8,4,1,3,2,5
1,7,8,4,1,6,5,2,3
1,7,8,4,2
1,7,8,4,2,3,1,5,6
2,7,8,4,3
1,7,8,4,3,1
1,7,8,4,3,1,2,6,5
2,7,8,4,3,5,6
1,7,8,4,3,6,5
8,7,8,4,5
1,7,8,4,5,1
1,7,8,4,5,1,3
1,7,8,4,5,2,3,6,1
1,7,8,4,5,3
1,7,8,4,5,3,1,2
1,7,8,4,5,3,2
1,7,8,4,5,3,6
1,7,8,4,5,6
1,7,8,4,5,6,3
7,7,8,4,6
1,7,8,4,6,2,1
1,7,8,4,6,3,2
3,7,8,4,6,5
1,7,8,4,6,5,2,3,1
1,7,8,4,6,5,3
1,7,8,4,6,5,3,2,1
16,7,8,5
1,7,8,5,2,1,3,4
1,7,8,5,2,1,4,6,3
1,7,8,5,2,4,3,1,6
2,7,8,5,3
1,7,8,5,3,2,4,1
2,7,8,5,3,4
1,7,8,5,3,4,1,2,6
1,7,8,5,3,6,4
1,7,8,5,3,6,4,2,1
4,7,8,5,4
1,7,8,5,4,2,1,6
3,7,8,5,4,3
1,7,8,5,4,3,1,6,2
1,7,8,5,4,3,2,1
1,7,8,5,4,3,2,1,6
1,7,8,5,4,3,6,2,1
1,7,8,5,4,6
1,7,8,5,4,6,3
2,7,8,5,6
1,7,8,5,6,1,2,3,4
1,7,8,5,6,1,4,2,3
1,7,8,5,6,2,3,4
1,7,8,5,6,2,3,4,1
2,7,8,5,6,3
2,7,8,5,6,3,4
17,7,8,6
1,7,8,6,1
1,7,8,6,1,2,4,3,5
3,7,8,6,3
1,7,8,6,3,4
1,7,8,6,3,4,5
4,7,8,6,3,5
1,7,8,6,3,5,2
10,7,8,6,4
2,7,8,6,4,2
1,7,8,6,4,2,3
1,7,8,6,4,2,3,5,1
1,7,8,6,4,3
1,7,8,6,4,3,2,1,5
6,7,8,6,5
1,7,8,6,5,1,2,3
1,7,8,6,5,1,2,3,4
1,7,8,6,5,1,4,3,2
1,7,8,6,5,3
1,7,8,6,5,4
1,7,8,6,5,4,3,1,2
1,7,8,6,5,4,3,2,1
1,7,8,6,5,4,3,2,9
1,7,8,6,5,4,9
3,7,9
1,7,9,8,6
287,8
20,8,1
19,8,1,2
4,8,1,2,3
5,8,1,2,3,4
29,8,1,2,3,4,5
2,8,1,2,3,4,5,6
24,8,1,2,3,4,5,6,7
1,8,1,2,3,4,5,7
2,8,1,2,3,4,5,7,6
2,8,1,2,3,5,4
1,8,1,2,3,5,6,4
1,8,1,2,3,6,7
1,8,1,2,3,6,7,5,4
1,8,1,2,3,7,4,5
2,8,1,2,4
1,8,1,2,4,3
4,8,1,2,4,3,5
2,8,1,2,4,3,5,6,7
1,8,1,2,4,3,6
1,8,1,2,4,5,3
1,8,1,2,4,5,6
1,8,1,2,5,3,4
1,8,1,2,5,3,4,7,6
3,8,1,2,5,4,3
1,8,1,2,5,4,3,7,6
1,8,1,2,5,6
1,8,1,2,6
1,8,1,2,6,3,5,4,7
1,8,1,2,6,5
1,8,1,2,7,6,5,4,3
2,8,1,3
2,8,1,3,2
1,8,1,3,2,4,6,5
1,8,1,3,2,5,4
1,8,1,3,2,7,6,4,5
1,8,1,3,4
1,8,1,3,4,5
1,8,1,3,4,6,7
1,8,1,3,4,6,9
1,8,1,3,4,7
1,8,1,3,5
1,8,1,3,5,4
1,8,1,3,5,6,7
1,8,1,3,5,7,6,2
2,8,1,3,6
1,8,1,3,6,4,5
7,8,1,4
2,8,1,4,3
1,8,1,4,3,2,5
1,8,1,4,3,7,6
2,8,1,4,5
1,8,1,4,5,2,3
1,8,1,4,5,2,3,6,7
1,8,1,4,5,3
1,8,1,4,5,6
1,8,1,4,5,7,2
1,8,1,4,6,5
2,8,1,4,7
4,8,1,5
2,8,1,5,2
1,8,1,5,2,6,7,4,3
1,8,1,5,3,4
1,8,1,5,3,4,2
1,8,1,5,4,2,3,6,7
1,8,1,5,4,2,3,7
1,8,1,5,4,3,6,2,7
1,8,1,5,6
5,8,1,6
1,8,1,6,2,3,4,5,7
1,8,1,6,2,3,4,7,5
1,8,1,6,4,2
1,8,1,6,4,7
1,8,1,6,7,3,4
4,8,1,7
1,8,1,7,2,3,4,5
1,8,1,7,2,4,3,5,6
1,8,1,7,3,2,5,4,6
1,8,1,7,3,4
1,8,1,7,3,5,6
1,8,1,7,4,5
1,8,1,7,5,4,3,2,6
2,8,1,7,6
16,8,2
2,8,2,1
2,8,2,1,3
1,8,2,1,3,4,5
1,8,2,1,3,4,5,6,7
1,8,2,1,3,5,4,6,7
1,8,2,1,4,5
1,8,2,1,4,5,6,3,7
1,8,2,1,4,6,5
1,8,2,1,5,4,3,6,7
1,8,2,1,6
1,8,2,1,6,3,4,5
1,8,2,1,6,7,4,5
5,8,2,3
2,8,2,3,1
1,8,2,3,1,4
2,8,2,3,1,5,4
1,8,2,3,1,6
1,8,2,3,4,5,6
1,8,2,3,4,5,6,7
1,8,2,3,5,1,6
1,8,2,3,5,4,1
1,8,2,3,5,6,7,4
1,8,2,3,6,5
6,8,2,4
1,8,2,4,1,3,5,6,7
1,8,2,4,1,5,6,3,7
1,8,2,4,3,1,5
1,8,2,4,3,5,1,6,7
1,8,2,4,5
1,8,2,4,5,3
1,8,2,4,6
1,8,2,4,6,1,3,5,7
1,8,2,4,6,5,1,7,3
1,8,2,4,6,7,1,3,5
10,8,2,5
1,8,2,5,1,3,4,6
1,8,2,5,1,7
3,8,2,5,3
1,8,2,5,4
1,8,2,5,4,3,1,7
1,8,2,5,6,3,1,7,4
1,8,2,5,6,7
9,8,2,6
1,8,2,6,1,3,4,5
1,8,2,6,1,4
1,8,2,6,3,1
1,8,2,6,4
1,8,2,6,4,3
1,8,2,6,4,3,1,5
1,8,2,6,4,5,7
1,8,2,6,5
1,8,2,6,5,1,4
2,8,2,7
1,8,2,7,3
1,8,2,7,4
18,8,3
1,8,3,1
1,8,3,1,2,5,6
1,8,3,1,4
1,8,3,1,5,6,7,4,2
1,8,3,1,6,2,4
3,8,3,2
1,8,3,2,1,4,5
1,8,3,2,1,6,7
1,8,3,2,4
1,8,3,2,4,1,7,5
1,8,3,2,4,5
1,8,3,2,5,1,4
1,8,3,2,5,1,6,7,4
1,8,3,2,5,7,6,1,4
1,8,3,2,6,7,4,1,5
11,8,3,4
1,8,3,4,1,2,5
1,8,3,4,2,1,5
1,8,3,4,2,1,5,6,7
1,8,3,4,2,1,6,7
1,8,3,4,5
1,8,3,4,5,1,2,6,7
1,8,3,4,5,1,6
1,8,3,4,5,2
2,8,3,4,5,6
1,8,3,4,5,6,1,2
1,8,3,4,5,6,7
1,8,3,4,5,6,7,1,2
1,8,3,4,5,7,2
1,8,3,4,5,7,6
1,8,3,4,6
1,8,3,4,6,5,7,2,1
1,8,3,4,6,7
1,8,3,4,7
1,8,3,4,7,5,1
6,8,3,5
2,8,3,5,1,4
1,8,3,5,2,1,4,6,7
1,8,3,5,2,1,6,4,7
2,8,3,5,4
3,8,3,5,4,1,2
2,8,3,5,4,6
1,8,3,5,4,7
1,8,3,5,4,7,6,2,1
1,8,3,5,6
1,8,3,5,6,2,1,7,4
2,8,3,5,6,7
1,8,3,5,6,7,1,2
2,8,3,5,7
4,8,3,6
1,8,3,6,2,1,4,5
1,8,3,6,2,4,5,7,1
1,8,3,6,4,1,2
1,8,3,6,4,5,2,1,7
1,8,3,6,4,7,5,2,1
2,8,3,6,5
1,8,3,6,5,4
3,8,3,6,7
1,8,3,6,7,1,2,4
1,8,3,6,7,4,5,1,2
8,8,3,7
1,8,3,7,4
1,8,3,7,4,2
3,8,3,7,4,5
2,8,3,7,4,5,6
1,8,3,7,5
1,8,3,7,5,4
1,8,3,7,5,4,6,2,1
4,8,3,7,6
1,8,3,7,6,4
1,8,3,7,6,5,4,1,2
84,8,4
4,8,4,1
1,8,4,1,2
1,8,4,1,2,3
1,8,4,1,2,7
1,8,4,1,3
1,8,4,1,3,2
1,8,4,1,3,2,5,6
1,8,4,1,5,6,7,3,2
2,8,4,1,6
8,8,4,2
1,8,4,2,1
2,8,4,2,1,5
1,8,4,2,1,7,6
1,8,4,2,3,5,1,6,7
1,8,4,2,5,6
3,8,4,2,6
1,8,4,2,6,3,1,5,7
1,8,4,2,6,5,3,1,7
1,8,4,2,6,7
1,8,4,2,7,5,6,3,1
12,8,4,3
1,8,4,3,1
1,8,4,3,1,2
1,8,4,3,1,2,5,6,7
1,8,4,3,1,2,6
1,8,4,3,1,2,6,7
1,8,4,3,1,6
1,8,4,3,2
1,8,4,3,2,1,5,6
1,8,4,3,2,1,5,7,6
1,8,4,3,2,1,6
1,8,4,3,2,5
1,8,4,3,2,6
2,8,4,3,2,7,1
7,8,4,3,5
2,8,4,3,5,1
1,8,4,3,5,1,6
1,8,4,3,5,6
2,8,4,3,5,7
2,8,4,3,5,7,6,2,1
1,8,4,3,6
1,8,4,3,6,1,2
1,8,4,3,6,2
1,8,4,3,6,2,5
1,8,4,3,6,5
2,8,4,3,6,7
1,8,4,3,7
1,8,4,3,7,2,5
1,8,4,3,7,5
1,8,4,3,7,5,6
36,8,4,5
2,8,4,5,1
2,8,4,5,1,3
1,8,4,5,2
1,8,4,5,2,1,3,6,7
1,8,4,5,2,3
1,8,4,5,2,3,1
4,8,4,5,3
3,8,4,5,3,1,2
1,8,4,5,3,1,2,7,6
1,8,4,5,3,1,7
1,8,4,5,3,2
1,8,4,5,3,2,1
1,8,4,5,3,6
1,8,4,5,3,6,1,7,2
2,8,4,5,3,7
14,8,4,5,6
1,8,4,5,6,1
1,8,4,5,6,2
1,8,4,5,6,2,7
1,8,4,5,6,3
1,8,4,5,6,3,1,7
6,8,4,5,6,7
1,8,4,5,6,7,1,2,3
1,8,4,5,6,7,3
4,8,4,5,7
1,8,4,5,7,1
2,8,4,5,7,2,3,1
1,8,4,5,7,3
2,8,4,5,7,3,6
1,8,4,5,7,6
1,8,4,5,7,6,3,2,1
1,8,4,5,12
26,8,4,6
1,8,4,6,2,1,5
1,8,4,6,2,3
1,8,4,6,2,3,5
1,8,4,6,2,5,1
1,8,4,6,2,7,1,3,5
1,8,4,6,3
1,8,4,6,3,2,1,5,7
2,8,4,6,3,5
1,8,4,6,3,7
4,8,4,6,5
1,8,4,6,5,2,3,7,1
2,8,4,6,5,3
1,8,4,6,5,3,2,1
3,8,4,6,5,3,2,1,7
1,8,4,6,5,7,1,2
8,8,4,6,7
1,8,4,6,7,1
1,8,4,6,7,2,1,3,5
1,8,4,6,7,3
2,8,4,6,7,5
3,8,4,6,7,5,1,2,3
1,8,4,6,7,5,1,3,2
1,8,4,6,7,5,3
1,8,4,6,7,5,3,2,1
18,8,4,7
1,8,4,7,1
1,8,4,7,1,3,5,2,6
1,8,4,7,2,5,3,6,1
2,8,4,7,3
1,8,4,7,3,1
3,8,4,7,3,2
1,8,4,7,3,5
7,8,4,7,5
1,8,4,7,5,2
1,8,4,7,5,3
1,8,4,7,5,6
1,8,4,7,5,6,2,1,3
1,8,4,7,5,6,2,3,1
1,8,4,7,5,6,3
2,8,4,7,6
2,8,4,7,6,3
1,8,4,7,6,5,2
1,8,4,7,6,5,3,2,1
1,8,4,9
59,8,5
6,8,5,1
5,8,5,1,2,3,4
1,8,5,1,2,3,4,6
1,8,5,1,2,3,4,6,7
1,8,5,1,2,3,6,7
1,8,5,1,2,4,7,3,6
1,8,5,1,2,6
1,8,5,1,3,4,2,6,7
1,8,5,1,4,3,2
1,8,5,1,7
3,8,5,2
1,8,5,2,1,3,4,6,7
1,8,5,2,1,3,6
1,8,5,2,1,6,4
1,8,5,2,1,6,7,3,4
1,8,5,2,3,1
1,8,5,2,3,4,1,6
1,8,5,2,3,4,7,6,1
1,8,5,2,3,7,6
1,8,5,2,7
11,8,5,3
1,8,5,3,1
1,8,5,3,1,4,6,7
2,8,5,3,2
2,8,5,3,4
1,8,5,3,4,1,2
1,8,5,3,4,6
1,8,5,3,4,6,7
1,8,5,3,7
1,8,5,3,7,4
25,8,5,4
1,8,5,4,1
1,8,5,4,1,2,3,7,6
1,8,5,4,1,6,3
1,8,5,4,1,6,7,2,3
1,8,5,4,2
1,8,5,4,2,3,1,7,6
1,8,5,4,2,7
2,8,5,4,3
2,8,5,4,3,1,2,6,7
6,8,5,4,3,2,1
1,8,5,4,3,2,1,6
2,8,5,4,3,2,1,6,7
1,8,5,4,3,2,6
1,8,5,4,3,2,7
1,8,5,4,3,6
2,8,5,4,3,7
1,8,5,4,3,7,2,6
6,8,5,4,6
1,8,5,4,6,1,7,3,2
1,8,5,4,6,2,3,1,7
1,8,5,4,6,2,7
1,8,5,4,6,3
1,8,5,4,6,3,2,7,1
1,8,5,4,6,3,7
2,8,5,4,6,7
1,8,5,4,6,7,3
2,8,5,4,7
1,8,5,4,7,3,2,1
1,8,5,4,7,3,6
2,8,5,4,7,6
1,8,5,4,7,6,1,2,3
1,8,5,4,7,6,3
20,8,5,6
1,8,5,6,1
1,8,5,6,1,2,3,4,7
1,8,5,6,1,3,2,4,7
1,8,5,6,1,4
1,8,5,6,2
1,8,5,6,2,1,3,4
1,8,5,6,2,3,4,1,7
1,8,5,6,2,3,7
1,8,5,6,2,7
2,8,5,6,3
1,8,5,6,3,1,2
1,8,5,6,3,2,1
1,8,5,6,3,4,1,2
4,8,5,6,4
1,8,5,6,4,1,2
1,8,5,6,4,1,3,2,7
3,8,5,6,4,3
1,8,5,6,4,3,2
1,8,5,6,4,3,7
2,8,5,6,4,7
1,8,5,6,4,7,2,1,3
1,8,5,6,4,7,3
3,8,5,6,7
1,8,5,6,7,1,3,2,4
1,8,5,6,7,1,3,4,2
1,8,5,6,7,2,1,4,3
1,8,5,6,7,2,3
1,8,5,6,7,3,4
1,8,5,6,7,3,4,1,2
1,8,5,6,7,3,4,2,1
1,8,5,6,7,4,3,2
1,8,5,6,7,4,3,2,1
7,8,5,7
1,8,5,7,1
1,8,5,7,1,6
2,8,5,7,3
2,8,5,7,3,6
1,8,5,7,3,6,2
3,8,5,7,4
1,8,5,7,4,3,2,1
1,8,5,7,4,3,6,2
1,8,5,7,6
1,8,5,7,6,3,2
1,8,5,7,6,3,2,1,4
1,8,5,7,6,3,4
1,8,5,7,6,4
1,8,5,7,6,4,2,3,1
1,8,5,14
99,8,6
8,8,6,1
1,8,6,1,2,3,4,5
3,8,6,1,2,3,4,5,7
1,8,6,1,2,4,3,5
1,8,6,1,2,7,4,3,5
1,8,6,1,3,2
1,8,6,1,3,4,5
1,8,6,1,3,4,5,7
2,8,6,1,4
1,8,6,1,4,5,3
1,8,6,1,5,2,3
1,8,6,1,7,2,3,4,5
7,8,6,2
1,8,6,2,1,3,4,5
1,8,6,2,1,4,5,7
1,8,6,2,1,5
1,8,6,2,1,7,4,3,5
1,8,6,2,3,1
1,8,6,2,3,5,4,1
1,8,6,2,3,5,7,4,1
3,8,6,2,4
1,8,6,2,4,1
1,8,6,2,5,4,1,3,7
1,8,6,2,5,7,4,3,1
1,8,6,2,7,1,3,5,4
1,8,6,2,7,3,4,5,1
1,8,6,2,7,4,3,1,5
11,8,6,3
2,8,6,3,1,2
1,8,6,3,1,4
4,8,6,3,2
1,8,6,3,2,1,7,4,5
1,8,6,3,2,4,1
1,8,6,3,2,5,4
3,8,6,3,4
1,8,6,3,4,5,1,2,7
1,8,6,3,4,5,7,2,1
3,8,6,3,5
1,8,6,3,5,1,4,7,2
2,8,6,3,7
1,8,6,3,7,4
1,8,6,3,7,4,5
46,8,6,4
3,8,6,4,1
1,8,6,4,1,2,5,3
1,8,6,4,1,3,7,5
1,8,6,4,1,7
1,8,6,4,1,7,5
1,8,6,4,1,7,5,3
3,8,6,4,2
1,8,6,4,2,1,5
1,8,6,4,2,1,7,5
1,8,6,4,2,3,5,7,1
1,8,6,4,2,3,7,1,5
1,8,6,4,2,5
1,8,6,4,2,5,7
1,8,6,4,2,7
1,8,6,4,2,7,1,5,3
2,8,6,4,3
1,8,6,4,3,1,2
1,8,6,4,3,2,1
1,8,6,4,3,2,1,7
4,8,6,4,3,5
1,8,6,4,3,5,7
1,8,6,4,3,7,2,1
4,8,6,4,5
1,8,6,4,5,1,2,3,7
1,8,6,4,5,2,1
1,8,6,4,5,2,7,3,1
4,8,6,4,5,3
1,8,6,4,5,3,1,2
3,8,6,4,5,3,2,1
1,8,6,4,5,3,2,1,7
1,8,6,4,5,3,7,2,1
2,8,6,4,5,7,1,2,3
6,8,6,4,7
1,8,6,4,7,1,2,3
1,8,6,4,7,1,3,2
1,8,6,4,7,3,2,1,5
1,8,6,4,7,3,5
1,8,6,4,7,3,5,2,1
1,8,6,4,7,5
1,8,6,4,7,5,3,2,1
16,8,6,5
1,8,6,5,1,3,2,4
1,8,6,5,1,3,4,2
1,8,6,5,1,3,4,7,2
1,8,6,5,2,3,4,1,7
1,8,6,5,2,4,7,1,3
3,8,6,5,3
1,8,6,5,3,2,4
1,8,6,5,3,4
1,8,6,5,3,7,4,2,1
9,8,6,5,4
1,8,6,5,4,2,1
1,8,6,5,4,2,3,1
1,8,6,5,4,3
2,8,6,5,4,3,2,1,7
2,8,6,5,4,3,7
2,8,6,5,4,7
1,8,6,5,4,7,3
2,8,6,5,7
3,8,6,5,7,2,3
1,8,6,5,7,4
25,8,6,7
1,8,6,7,1,2,3,5
1,8,6,7,1,2,3,5,4
1,8,6,7,1,2,4
1,8,6,7,1,2,4,3,5
1,8,6,7,1,4
2,8,6,7,1,5,4,3,2
3,8,6,7,2
1,8,6,7,2,1,3,5,4
1,8,6,7,2,3,4,5,1
4,8,6,7,2,3,5
1,8,6,7,2,4,1,5,3
1,8,6,7,3,1
1,8,6,7,3,2,1,5,4
1,8,6,7,3,4
1,8,6,7,3,4,2,1,5
2,8,6,7,3,4,5,1,2
1,8,6,7,3,5
3,8,6,7,3,5,2
1,8,6,7,3,5,2,1,4
1,8,6,7,3,5,2,4
1,8,6,7,3,5,4
7,8,6,7,4
3,8,6,7,4,3
1,8,6,7,4,3,1
1,8,6,7,4,3,1,2
1,8,6,7,4,3,2,1,5
1,8,6,7,4,3,5
1,8,6,7,4,3,5,2,1
1,8,6,7,4,5
1,8,6,7,4,5,3,2,1
3,8,6,7,5
1,8,6,7,5,1,3
1,8,6,7,5,2,4,1,3
3,8,6,7,5,3
1,8,6,7,5,4,2,1,3
3,8,6,7,5,4,3
1,8,6,7,9,10,11,12,13
29,8,7
1,8,7,1
1,8,7,1,2
1,8,7,1,2,5,4,3,6
1,8,7,1,2,6,5,4,3
1,8,7,1,3,4,5,6,2
1,8,7,1,3,5,6,4
1,8,7,1,6,4,3
1,8,7,2,1,3
1,8,7,2,3
1,8,7,2,3,5,6
1,8,7,2,4
3,8,7,3
1,8,7,3,2,5
4,8,7,3,4
1,8,7,3,4,5,1
1,8,7,3,4,5,2,1
1,8,7,3,4,6,2,5,1
1,8,7,3,4,6,5
1,8,7,3,5
1,8,7,3,5,2,1
1,8,7,3,5,4,1,6,2
1,8,7,3,5,4,2,1
1,8,7,3,6,1
1,8,7,3,6,2,1,4,5
11,8,7,4
1,8,7,4,1,5,6,2,3
1,8,7,4,2,1,6,3
1,8,7,4,2,5,1
1,8,7,4,3,1,5,2,6
3,8,7,4,3,2
1,8,7,4,3,2,6
2,8,7,4,3,5,1,2,6
7,8,7,4,5
1,8,7,4,5,3
1,8,7,4,5,3,2,1,6
1,8,7,4,5,3,6,1,2
1,8,7,4,5,6
1,8,7,4,5,6,3
1,8,7,4,6
1,8,7,4,6,2
1,8,7,4,6,2,1,5,3
1,8,7,4,6,3,2
4,8,7,4,6,5
1,8,7,4,6,5,2,3,1
2,8,7,4,6,5,3
1,8,7,4,6,5,3,1,2
7,8,7,5
1,8,7,5,1
1,8,7,5,1,4,3
2,8,7,5,2,4,1
2,8,7,5,2,6,4
2,8,7,5,3,4
6,8,7,5,4
1,8,7,5,4,2,3,1,6
2,8,7,5,4,3
2,8,7,5,4,3,1,6,2
1,8,7,5,4,3,2,1,6
1,8,7,5,4,3,6
1,8,7,5,4,3,6,1,2
1,8,7,5,4,6
1,8,7,5,4,6,3
1,8,7,5,6
1,8,7,5,6,2
1,8,7,5,6,4
1,8,7,5,6,4,3,2,1
18,8,7,6
1,8,7,6,1,2,3,4,5
1,8,7,6,2,4
3,8,7,6,3
1,8,7,6,3,2,4,5,1
1,8,7,6,3,4,5
1,8,7,6,3,4,5,1
1,8,7,6,3,4,5,1,2
2,8,7,6,3,5
1,8,7,6,4,1,2,3
1,8,7,6,4,3,2,5,1
1,8,7,6,4,3,5
1,8,7,6,4,5
1,8,7,6,4,5,1,2
1,8,7,6,4,5,1,2,3
1,8,7,6,4,5,2,1,3
1,8,7,6,4,5,3,2,1
2,8,7,6,5
1,8,7,6,5,1,2,3,4
1,8,7,6,5,2,1,4,3
1,8,7,6,5,2,3
2,8,7,6,5,4,1,2,3
1,8,7,6,5,4,2,3
1,8,7,6,5,4,3
2,8,7,6,5,4,3,2,1
1,8,7,6,9
1,8,9,2
1,8,9,4
31,9
1,9,1,3,2
3,9,3
1,9,3,8,6
1,9,5
1,9,5,3,2,8,7
3,9,6
1,9,6,3,4,7,8,1,2
1,9,6,7,2
1,9,6,8,2,1
2,9,8
1,9,8,3,2,1,4,5
1,9,8,11,10
2,9,10
2,9,10,11,12
1,9,10,11,13,14
1,9,11,10
1,10,6,2,5
1,10,9,8,6,7,5,4,2
1,11
Candidate 1,"Fantini, Alfred B.",None
Candidate 2,"Grassi, Joseph G.",None
Candidate 3,"Harding, Richard, Jr.",None
Candidate 4,"Lummis, Ben",None
Candidate 5,"McGovern, Marc C.",None
Candidate 6,"Nolan, Patricia M.",None
Candidate 7,"Schuster, Luc",None
Candidate 8,"Walser, Nancy",None
Candidate 9,Write-In 1,None
Candidate 10,Write-In 2,None
Candidate 11,Write-In 3,None
Candidate 12,Write-In 4,None
Candidate 13,Write-In 5,None
Candidate 14,Write-In 6,None
Unknown Ward
