25,5,
4,1,
1,1,2,
109,1,2,3,
62,1,2,3,4,
8737,1,2,3,4,5,
195,1,2,3,4,5,6,7,8,9,10,
53,1,2,3,4,5,6,7,8,9,10,11,12,13,14,15,
5,1,2,3,4,5,6,7,8,9,10,11,12,13,14,15,16,17,18,19,20,
215,1,2,3,4,5,6,7,8,9,10,11,12,13,14,15,16,17,18,19,20,21,22,23,24,25,
8,1,2,3,4,5,6,7,8,9,10,11,12,13,14,15,21,22,23,24,25,
137,1,2,3,4,5,6,7,8,9,10,11,12,13,14,15,21,22,23,24,25,16,17,18,19,20,
5,1,2,3,4,5,6,7,8,9,10,16,17,18,19,20,
1,1,2,3,4,5,6,7,8,9,10,16,17,18,19,20,11,12,13,14,15,
31,1,2,3,4,5,6,7,8,9,10,16,17,18,19,20,11,12,13,14,15,21,22,23,24,25,
6,1,2,3,4,5,6,7,8,9,10,16,17,18,19,20,21,22,23,24,25,11,12,13,14,15,
10,1,2,3,4,5,6,7,8,9,10,21,22,23,24,25,
1,1,2,3,4,5,6,7,8,9,10,21,22,23,24,25,11,12,13,14,15,
45,1,2,3,4,5,6,7,8,9,10,21,22,23,24,25,11,12,13,14,15,16,17,18,19,20,
2,1,2,3,4,5,6,7,8,9,10,21,22,23,24,25,16,17,18,19,20,
14,1,2,3,4,5,6,7,8,9,10,21,22,23,24,25,16,17,18,19,20,11,12,13,14,15,
1,1,2,3,4,5,6,12,17,7,13,8,14,9,10,11,15,16,18,19,20,21,22,23,24,25,
149,1,2,3,4,5,11,12,13,14,15,
15,1,2,3,4,5,11,12,13,14,15,6,7,8,9,10,
91,1,2,3,4,5,11,12,13,14,15,6,7,8,9,10,16,17,18,19,20,21,22,23,24,25,
1,1,2,3,4,5,11,12,13,14,15,6,7,8,9,10,21,22,23,24,25,
66,1,2,3,4,5,11,12,13,14,15,6,7,8,9,10,21,22,23,24,25,16,17,18,19,20,
11,1,2,3,4,5,11,12,13,14,15,16,17,18,19,20,
2,1,2,3,4,5,11,12,13,14,15,16,17,18,19,20,6,7,8,9,10,
23,1,2,3,4,5,11,12,13,14,15,16,17,18,19,20,6,7,8,9,10,21,22,23,24,25,
1,1,2,3,4,5,11,12,13,14,15,16,17,18,19,20,21,22,23,24,25,
18,1,2,3,4,5,11,12,13,14,15,16,17,18,19,20,21,22,23,24,25,6,7,8,9,10,
9,1,2,3,4,5,11,12,13,14,15,21,22,23,24,25,
2,1,2,3,4,5,11,12,13,14,15,21,22,23,24,25,6,7,8,9,10,
16,1,2,3,4,5,11,12,13,14,15,21,22,23,24,25,6,7,8,9,10,16,17,18,19,20,
1,1,2,3,4,5,11,12,13,14,15,21,22,23,24,25,16,17,18,19,20,
10,1,2,3,4,5,11,12,13,14,15,21,22,23,24,25,16,17,18,19,20,6,7,8,9,10,
396,1,2,3,4,5,16,17,18,19,20,
11,1,2,3,4,5,16,17,18,19,20,6,7,8,9,10,
6,1,2,3,4,5,16,17,18,19,20,6,7,8,9,10,11,12,13,14,15,
90,1,2,3,4,5,16,17,18,19,20,6,7,8,9,10,11,12,13,14,15,21,22,23,24,25,
4,1,2,3,4,5,16,17,18,19,20,6,7,8,9,10,21,22,23,24,25,
16,1,2,3,4,5,16,17,18,19,20,6,7,8,9,10,21,22,23,24,25,11,12,13,14,15,
7,1,2,3,4,5,16,17,18,19,20,11,12,13,14,15,
2,1,2,3,4,5,16,17,18,19,20,11,12,13,14,15,6,7,8,9,10,
49,1,2,3,4,5,16,17,18,19,20,11,12,13,14,15,6,7,8,9,10,21,22,23,24,25,
8,1,2,3,4,5,16,17,18,19,20,11,12,13,14,15,21,22,23,24,25,6,7,8,9,10,
107,1,2,3,4,5,16,17,18,19,20,21,22,23,24,25,
83,1,2,3,4,5,16,17,18,19,20,21,22,23,24,25,6,7,8,9,10,11,12,13,14,15,
2,1,2,3,4,5,16,17,18,19,20,21,22,23,24,25,11,12,13,14,15,
47,1,2,3,4,5,16,17,18,19,20,21,22,23,24,25,11,12,13,14,15,6,7,8,9,10,
1,1,2,3,4,5,16,17,22,23,19,13,12,11,6,7,8,21,24,25,20,18,9,10,14,15,
1,1,2,3,4,5,20,16,18,19,17,8,6,11,10,14,15,7,12,9,13,25,21,23,24,22,
995,1,2,3,4,5,21,22,23,24,25,
14,1,2,3,4,5,21,22,23,24,25,6,7,8,9,10,
8,1,2,3,4,5,21,22,23,24,25,6,7,8,9,10,11,12,13,14,15,
257,1,2,3,4,5,21,22,23,24,25,6,7,8,9,10,11,12,13,14,15,16,17,18,19,20,
3,1,2,3,4,5,21,22,23,24,25,6,7,8,9,10,16,17,18,19,20,
11,1,2,3,4,5,21,22,23,24,25,6,7,8,9,10,16,17,18,19,20,11,12,13,14,15,
15,1,2,3,4,5,21,22,23,24,25,11,12,13,14,15,
7,1,2,3,4,5,21,22,23,24,25,11,12,13,14,15,6,7,8,9,10,
94,1,2,3,4,5,21,22,23,24,25,11,12,13,14,15,6,7,8,9,10,16,17,18,19,20,
1,1,2,3,4,5,21,22,23,24,25,11,12,13,14,15,16,17,18,19,20,
21,1,2,3,4,5,21,22,23,24,25,11,12,13,14,15,16,17,18,19,20,6,7,8,9,10,
114,1,2,3,4,5,21,22,23,24,25,16,17,18,19,20,
2,1,2,3,4,5,21,22,23,24,25,16,17,18,19,20,6,7,8,9,10,
68,1,2,3,4,5,21,22,23,24,25,16,17,18,19,20,6,7,8,9,10,11,12,13,14,15,
2,1,2,3,4,5,21,22,23,24,25,16,17,18,19,20,11,12,13,14,15,
78,1,2,3,4,5,21,22,23,24,25,16,17,18,19,20,11,12,13,14,15,6,7,8,9,10,
3,1,2,3,5,
2,1,2,3,5,4,
1,1,2,3,7,12,
1,1,2,3,8,4,
1,1,2,3,11,4,5,6,7,8,9,10,12,13,14,15,
1,1,2,3,16,
2,1,2,3,21,22,
11,1,2,4,
4,1,2,4,3,
5,1,2,4,3,5,
3,1,2,4,5,
2,1,2,4,5,3,
7,1,2,5,
2,1,2,5,3,4,
1,1,2,5,3,21,6,11,12,16,
1,1,2,5,4,
1,1,2,5,4,3,25,24,23,22,21,10,9,8,7,6,15,14,13,12,11,16,17,18,19,20,
1,1,2,5,11,
1,1,2,6,
1,1,2,6,8,9,
1,1,2,6,11,21,3,4,5,
1,1,2,6,13,18,23,24,25,21,22,16,17,19,20,
1,1,2,7,
1,1,2,8,23,
1,1,2,11,12,3,4,5,13,14,15,
1,1,2,11,16,
1,1,2,11,16,6,
1,1,2,11,22,23,
1,1,2,14,
1,1,2,16,
1,1,2,16,11,
1,1,2,16,17,3,
1,1,2,16,17,3,4,5,18,19,20,
1,1,2,16,17,6,
1,1,2,16,18,
1,1,2,17,11,3,16,4,18,5,19,20,21,22,6,7,23,24,8,9,25,10,15,14,13,12,
1,1,2,18,16,
1,1,2,21,
1,1,2,21,22,
1,1,2,21,22,8,6,3,4,23,24,5,25,7,9,10,
12,1,3,2,
9,1,3,2,4,
9,1,3,2,4,5,
1,1,3,2,4,5,11,7,13,6,15,9,12,8,14,10,16,19,17,20,18,22,21,24,23,25,
1,1,3,2,5,
3,1,3,2,5,4,
6,1,3,4,
2,1,3,4,2,5,
2,1,3,4,5,
5,1,3,4,5,2,
1,1,3,4,5,2,6,
1,1,3,4,22,24,
22,1,3,5,
2,1,3,5,2,
4,1,3,5,2,4,
1,1,3,5,4,
2,1,3,5,4,2,
1,1,3,5,23,
1,1,3,6,5,
1,1,3,6,21,2,22,
1,1,3,7,4,
1,1,3,7,14,
1,1,3,9,
1,1,3,13,17,22,
1,1,3,16,
1,1,3,22,
1,1,3,24,4,
5,1,4,2,
4,1,4,2,3,
1,1,4,2,3,5,
1,1,4,2,5,
2,1,4,2,5,3,
3,1,4,3,
2,1,4,3,2,
2,1,4,3,2,5,
1,1,4,3,5,2,
6,1,4,5,
1,1,4,5,2,
2,1,4,5,3,2,
6,1,5,2,
1,1,5,2,3,
5,1,5,2,3,4,
3,1,5,2,4,3,
1,1,5,2,18,
1,1,5,2,23,
9,1,5,3,
2,1,5,3,2,
1,1,5,3,2,4,
1,1,5,3,4,2,
1,1,5,4,
2,1,5,4,2,3,
2,1,5,4,3,
1,1,5,17,20,
1,1,6,
2,1,6,2,
1,1,6,5,
1,1,6,8,
1,1,6,9,
1,1,6,10,
1,1,6,10,15,13,12,11,14,9,8,7,
17,1,6,11,
3,1,6,11,16,
1,1,6,11,16,12,
8,1,6,11,16,21,
1,1,6,12,
1,1,6,12,9,15,
1,1,6,13,20,24,
1,1,6,14,
1,1,6,15,
8,1,6,16,
1,1,6,17,11,21,2,
1,1,6,18,9,16,23,14,22,12,4,15,19,3,24,8,25,5,7,11,20,21,10,2,13,17,
1,1,6,19,12,
1,1,6,20,17,
2,1,6,21,
1,1,6,21,7,
1,1,7,2,4,
1,1,7,3,
1,1,7,8,9,
1,1,7,11,
1,1,7,11,17,24,
1,1,7,11,18,
2,1,7,12,
1,1,7,12,17,
1,1,7,12,17,22,
1,1,7,12,18,22,
2,1,7,13,
1,1,7,13,4,
1,1,7,13,14,
1,1,7,13,18,
4,1,7,13,19,
3,1,7,13,19,25,
1,1,7,14,15,
2,1,7,14,16,
1,1,7,14,16,21,
1,1,7,14,17,22,
1,1,7,15,18,
1,1,7,17,
1,1,7,17,12,
1,1,7,17,25,
1,1,7,18,
1,1,7,21,
1,1,8,11,19,
1,1,8,13,
1,1,8,13,16,
1,1,8,13,16,22,
1,1,8,13,17,23,
2,1,8,14,
1,1,8,14,18,
1,1,8,16,
1,1,8,17,21,25,
2,1,8,18,
1,1,9,11,
2,1,9,17,
1,1,9,17,22,
1,1,9,20,21,
1,1,9,22,15,
1,1,9,23,12,
1,1,10,11,22,
2,1,10,13,
1,1,10,13,16,22,
1,1,10,16,
2,1,10,17,
1,1,11,2,
1,1,11,2,8,4,
1,1,11,4,
1,1,11,5,16,
2,1,11,6,
1,1,11,6,21,
1,1,11,6,21,2,
1,1,11,7,
2,1,11,12,
1,1,11,12,16,6,
1,1,11,13,
2,1,11,13,2,4,
1,1,11,13,3,
4,1,11,16,
2,1,11,16,6,
1,1,11,16,6,21,
1,1,11,16,9,22,
2,1,11,16,12,
1,1,11,16,21,
2,1,11,21,
1,1,11,21,2,
1,1,11,21,6,
1,1,11,21,10,
1,1,11,22,7,
1,1,12,4,
1,1,12,6,
1,1,12,6,16,
1,1,12,8,
1,1,12,9,17,23,
1,1,12,11,
3,1,12,16,
1,1,12,16,11,
1,1,12,16,11,2,
1,1,12,16,23,
1,1,12,20,
1,1,12,20,6,24,
1,1,12,22,15,
1,1,13,16,
1,1,13,22,
1,1,13,23,
1,1,13,24,15,21,22,
1,1,14,21,16,
1,1,14,21,25,9,
1,1,14,24,
1,1,14,24,9,
1,1,14,25,21,8,
8,1,16,2,
1,1,16,2,3,4,5,
1,1,16,2,17,3,18,4,19,5,20,
1,1,16,2,17,18,
1,1,16,2,18,4,
1,1,16,4,
1,1,16,4,11,
5,1,16,6,
1,1,16,6,2,3,
1,1,16,6,2,17,
1,1,16,6,11,
2,1,16,6,11,21,
1,1,16,6,12,
1,1,16,6,17,
1,1,16,6,21,11,
1,1,16,8,
6,1,16,11,
1,1,16,11,6,21,
1,1,16,11,12,
2,1,16,12,
1,1,16,12,2,17,
1,1,16,17,
1,1,16,17,2,12,5,
1,1,16,17,18,
1,1,16,18,
3,1,16,21,
2,1,16,21,6,
1,1,16,22,
2,1,16,23,
1,1,16,23,8,14,
1,1,16,24,20,
1,1,17,13,9,
1,1,17,15,2,
1,1,17,16,
1,1,19,16,12,5,
1,1,20,4,
2,1,20,16,
1,1,20,17,
1,1,20,22,
1,1,21,2,
1,1,21,2,3,23,4,5,22,24,25,11,12,13,14,15,6,7,8,9,10,16,17,18,19,20,
1,1,21,2,23,
1,1,21,6,
1,1,21,6,11,
1,1,21,6,15,17,
1,1,21,7,14,16,
1,1,21,7,14,25,17,
1,1,21,11,6,
1,1,21,12,6,16,2,22,7,13,3,23,8,4,14,24,9,11,
2,1,21,16,
3,1,21,22,
1,1,21,23,
1,1,22,14,19,
1,1,22,15,10,
2,1,22,23,
1,1,22,25,
1,1,23,3,21,
1,1,23,10,
1,1,23,12,
1,1,23,16,11,6,
1,2,
7,2,1,3,
6,2,1,3,4,
8,2,1,3,4,5,
2,2,1,3,5,
1,2,1,3,5,4,
1,2,1,3,6,8,
1,2,1,3,17,
7,2,1,4,
2,2,1,4,3,5,
1,2,1,4,5,
1,2,1,4,5,3,
1,2,1,5,
1,2,1,5,3,
1,2,1,5,4,
1,2,1,5,4,3,
4,2,3,1,
1,2,3,1,4,
5,2,3,1,4,5,
5,2,3,4,
2,2,3,4,1,5,
1,2,3,4,5,
3,2,3,4,5,1,
1,2,3,4,5,6,1,
1,2,3,4,8,
1,2,3,4,22,23,24,25,18,19,17,
10,2,3,5,
1,2,3,5,4,1,
1,2,3,16,12,11,
1,2,3,21,4,
1,2,3,21,23,
3,2,4,1,
2,2,4,1,3,
3,2,4,3,
3,2,4,5,
2,2,4,5,1,
3,2,4,5,3,1,
1,2,4,23,
1,2,5,1,
1,2,5,1,3,4,
1,2,5,3,
1,2,5,3,1,
1,2,5,3,1,4,
1,2,5,3,17,
1,2,5,3,23,
1,2,5,4,1,3,
1,2,5,4,3,
1,2,5,4,3,1,
1,2,5,8,19,
1,2,6,11,4,5,
1,2,6,12,18,
1,2,6,13,17,
1,2,6,16,22,
1,2,6,16,24,
1,2,6,21,
1,2,7,8,9,6,14,25,23,5,3,4,15,
1,2,7,12,
1,2,7,12,17,
2,2,7,12,17,22,
1,2,7,14,20,
1,2,8,12,17,22,
1,2,8,12,17,23,
2,2,8,13,
1,2,8,14,
1,2,8,14,16,
1,2,8,20,13,
1,2,8,21,18,
1,2,9,11,16,22,
1,2,9,11,17,25,
1,2,9,12,17,25,
1,2,9,12,18,
1,2,9,15,
1,2,9,18,
1,2,9,19,
1,2,11,5,
1,2,11,16,
1,2,12,7,
1,2,12,9,16,
1,2,12,16,
1,2,12,18,20,
1,2,12,21,
1,2,12,25,
1,2,13,21,10,11,20,5,6,
1,2,14,21,10,
1,2,14,21,22,
1,2,15,5,3,4,
1,2,16,1,
1,2,16,11,
1,2,16,11,1,
1,2,16,15,
1,2,16,20,
1,2,17,24,8,12,
1,2,18,21,9,
1,2,19,21,
1,2,20,22,13,
1,2,21,22,23,24,25,1,3,4,5,6,7,8,9,10,11,12,13,14,15,
1,2,23,20,
1,2,23,24,5,
1,2,24,10,
1,2,24,12,6,18,
1,3,
12,3,1,2,
1,3,1,2,4,
8,3,1,2,4,5,
1,3,1,2,5,
2,3,1,2,5,4,
2,3,1,4,
1,3,1,4,2,
2,3,1,4,2,5,
6,3,1,5,
1,3,1,5,2,4,
2,3,1,5,4,
1,3,1,5,4,2,11,12,7,8,6,14,13,21,24,22,10,9,23,25,15,17,16,18,19,20,
1,3,1,10,16,12,
1,3,1,11,
1,3,1,11,16,
1,3,1,16,
1,3,1,19,16,
1,3,1,22,
11,3,2,1,
1,3,2,1,4,
8,3,2,1,4,5,
1,3,2,1,4,5,7,14,21,25,22,23,24,
1,3,2,1,4,5,16,17,18,19,20,21,22,23,24,25,11,12,13,14,15,6,7,8,9,10,
2,3,2,1,5,
2,3,2,1,5,4,
3,3,2,4,
2,3,2,4,1,
2,3,2,4,5,1,
4,3,2,5,
1,3,2,5,4,1,
1,3,2,6,1,
1,3,2,9,
1,3,2,23,
2,3,4,1,
1,3,4,2,
1,3,4,2,1,
3,3,4,2,1,5,
1,3,4,2,5,1,
3,3,4,5,
3,3,4,5,1,2,
2,3,4,5,2,
1,3,4,5,2,1,
6,3,5,1,
3,3,5,2,
1,3,5,2,1,
2,3,5,2,1,4,
3,3,5,2,4,
6,3,5,4,
2,3,5,4,1,2,
1,3,5,4,2,
1,3,6,8,
1,3,6,9,
1,3,7,12,19,
1,3,7,13,17,
1,3,7,16,
1,3,8,11,17,
1,3,8,12,17,
2,3,8,13,
1,3,8,13,4,
1,3,8,13,18,23,
1,3,8,22,
1,3,8,23,
1,3,9,5,
1,3,9,6,2,5,
1,3,9,13,22,23,
1,3,9,23,
1,3,10,12,
1,3,10,13,17,25,
2,3,11,6,
1,3,11,19,23,
1,3,11,23,
1,3,12,10,
1,3,13,20,21,
1,3,13,23,
1,3,16,17,20,
1,3,17,20,
1,3,20,15,6,
1,3,21,1,
1,3,21,1,22,2,23,4,24,5,25,
1,3,23,20,
1,3,23,22,
1,3,23,22,2,21,1,24,25,5,4,
4,4,1,2,
2,4,1,2,3,5,
1,4,1,5,2,3,
3,4,2,1,
3,4,2,5,
2,4,3,1,
3,4,3,2,
1,4,3,2,1,5,
1,4,3,2,5,
1,4,3,5,1,2,
2,4,3,5,2,
2,4,3,5,2,1,
1,4,5,2,
1,4,5,2,1,3,
3,4,5,3,2,1,
1,4,6,11,20,
1,4,6,12,18,23,
1,4,6,17,25,
1,4,9,13,20,
1,4,9,22,
1,4,10,15,20,
1,4,11,10,
1,4,12,2,
1,4,12,5,
2,4,14,25,
1,4,15,16,
1,4,18,6,
1,4,22,13,
1,5,1,2,
1,5,1,2,3,
2,5,1,2,4,
3,5,1,3,
1,5,1,3,2,4,
3,5,1,4,
1,5,1,4,3,
1,5,1,22,
2,5,2,1,
1,5,2,1,3,4,
1,5,2,1,3,21,6,11,12,16,
1,5,2,1,3,21,10,11,12,16,
1,5,2,1,4,
2,5,2,1,4,3,
2,5,2,3,1,
1,5,2,3,1,4,
1,5,2,3,4,
1,5,2,3,17,
4,5,2,4,
1,5,2,4,3,1,
1,5,2,22,
5,5,3,1,
1,5,3,1,2,
2,5,3,1,2,4,
1,5,3,1,4,
2,5,3,1,4,2,
3,5,3,2,
1,5,3,2,1,
1,5,3,2,1,4,
2,5,3,2,4,1,
1,5,3,4,1,2,
1,5,3,4,2,
3,5,3,4,2,1,
1,5,4,1,
1,5,4,1,2,
1,5,4,2,
1,5,4,2,1,3,
1,5,4,2,3,
1,5,4,2,3,1,
6,5,4,3,
1,5,4,3,1,2,
2,5,4,3,2,
3,5,4,3,2,1,
1,5,4,3,6,
1,5,6,10,
1,5,6,11,
1,5,6,12,16,
1,5,6,13,
1,5,6,14,
1,5,7,11,2,
1,5,7,14,
1,5,8,15,23,
1,5,9,15,20,23,
1,5,9,20,15,22,
1,5,10,12,17,19,
1,5,10,15,
1,5,12,16,
1,5,15,23,
1,5,17,12,
1,5,20,15,10,25,
1,5,20,22,
1,5,21,1,22,
1,5,21,2,1,3,
1,5,21,24,1,
1,5,22,12,
1,5,23,13,
1,5,23,20,6,15,
1,5,24,6,
1,5,25,16,
6,6,
5,6,1,2,
2,6,1,2,3,4,5,
1,6,1,2,5,
1,6,1,3,
1,6,1,4,
1,6,1,5,
3,6,1,10,
2,6,1,11,
2,6,1,11,16,21,
1,6,1,11,21,
3,6,1,12,
1,6,1,14,17,
5,6,1,16,
1,6,1,16,3,
1,6,1,16,8,
1,6,1,16,11,
1,6,1,16,11,21,
3,6,1,21,
1,6,1,21,11,
2,6,1,22,
1,6,1,22,16,
1,6,1,23,
1,6,1,24,
1,6,2,13,19,
1,6,2,18,
1,6,3,2,10,
1,6,3,9,20,
1,6,3,11,
1,6,3,11,12,16,1,10,15,
1,6,3,12,
1,6,3,20,9,
1,6,3,20,15,
1,6,4,10,13,19,24,17,22,9,5,
1,6,5,8,3,
1,6,5,9,
1,6,5,15,20,23,
1,6,7,1,2,
1,6,7,1,14,
29,6,7,8,
22,6,7,8,9,
1,6,7,8,9,3,
1529,6,7,8,9,10,
80,6,7,8,9,10,1,2,3,4,5,
4,6,7,8,9,10,1,2,3,4,5,11,12,13,14,15,
4,6,7,8,9,10,1,2,3,4,5,11,12,13,14,15,16,17,18,19,20,
38,6,7,8,9,10,1,2,3,4,5,11,12,13,14,15,16,17,18,19,20,21,22,23,24,25,
23,6,7,8,9,10,1,2,3,4,5,11,12,13,14,15,21,22,23,24,25,16,17,18,19,20,
5,6,7,8,9,10,1,2,3,4,5,16,17,18,19,20,
1,6,7,8,9,10,1,2,3,4,5,16,17,18,19,20,11,12,13,14,15,
16,6,7,8,9,10,1,2,3,4,5,16,17,18,19,20,11,12,13,14,15,21,22,23,24,25,
1,6,7,8,9,10,1,2,3,4,5,16,17,18,19,20,21,22,23,24,25,
8,6,7,8,9,10,1,2,3,4,5,16,17,18,19,20,21,22,23,24,25,11,12,13,14,15,
2,6,7,8,9,10,1,2,3,4,5,21,22,23,24,25,
23,6,7,8,9,10,1,2,3,4,5,21,22,23,24,25,11,12,13,14,15,16,17,18,19,20,
1,6,7,8,9,10,1,2,3,4,5,21,22,23,24,25,16,17,18,19,20,
5,6,7,8,9,10,1,2,3,4,5,21,22,23,24,25,16,17,18,19,20,11,12,13,14,15,
1,6,7,8,9,10,11,
691,6,7,8,9,10,11,12,13,14,15,
11,6,7,8,9,10,11,12,13,14,15,1,2,3,4,5,
1,6,7,8,9,10,11,12,13,14,15,1,2,3,4,5,16,17,18,19,20,
71,6,7,8,9,10,11,12,13,14,15,1,2,3,4,5,16,17,18,19,20,21,22,23,24,25,
1,6,7,8,9,10,11,12,13,14,15,1,2,3,4,5,21,22,23,24,25,
37,6,7,8,9,10,11,12,13,14,15,1,2,3,4,5,21,22,23,24,25,16,17,18,19,20,
23,6,7,8,9,10,11,12,13,14,15,16,17,18,19,20,
4,6,7,8,9,10,11,12,13,14,15,16,17,18,19,20,1,2,3,4,5,
96,6,7,8,9,10,11,12,13,14,15,16,17,18,19,20,1,2,3,4,5,21,22,23,24,25,
2,6,7,8,9,10,11,12,13,14,15,16,17,18,19,20,21,22,23,24,25,
42,6,7,8,9,10,11,12,13,14,15,16,17,18,19,20,21,22,23,24,25,1,2,3,4,5,
1,6,7,8,9,10,11,12,13,14,15,17,20,
25,6,7,8,9,10,11,12,13,14,15,21,22,23,24,25,
57,6,7,8,9,10,11,12,13,14,15,21,22,23,24,25,1,2,3,4,5,16,17,18,19,20,
50,6,7,8,9,10,11,12,13,14,15,21,22,23,24,25,16,17,18,19,20,1,2,3,4,5,
53,6,7,8,9,10,16,17,18,19,20,
2,6,7,8,9,10,16,17,18,19,20,1,2,3,4,5,
16,6,7,8,9,10,16,17,18,19,20,1,2,3,4,5,11,12,13,14,15,21,22,23,24,25,
1,6,7,8,9,10,16,17,18,19,20,1,2,3,4,5,21,22,23,24,25,
3,6,7,8,9,10,16,17,18,19,20,1,2,3,4,5,21,22,23,24,25,11,12,13,14,15,
2,6,7,8,9,10,16,17,18,19,20,11,12,13,14,15,
1,6,7,8,9,10,16,17,18,19,20,11,12,13,14,15,1,2,3,4,5,
25,6,7,8,9,10,16,17,18,19,20,11,12,13,14,15,1,2,3,4,5,21,22,23,24,25,
6,6,7,8,9,10,16,17,18,19,20,11,12,13,14,15,21,22,23,24,25,1,2,3,4,5,
8,6,7,8,9,10,16,17,18,19,20,21,22,23,24,25,
4,6,7,8,9,10,16,17,18,19,20,21,22,23,24,25,1,2,3,4,5,11,12,13,14,15,
3,6,7,8,9,10,16,17,18,19,20,21,22,23,24,25,11,12,13,14,15,1,2,3,4,5,
46,6,7,8,9,10,21,22,23,24,25,
4,6,7,8,9,10,21,22,23,24,25,1,2,3,4,5,
16,6,7,8,9,10,21,22,23,24,25,1,2,3,4,5,11,12,13,14,15,16,17,18,19,20,
3,6,7,8,9,10,21,22,23,24,25,1,2,3,4,5,16,17,18,19,20,11,12,13,14,15,
5,6,7,8,9,10,21,22,23,24,25,11,12,13,14,15,
2,6,7,8,9,10,21,22,23,24,25,11,12,13,14,15,1,2,3,4,5,
18,6,7,8,9,10,21,22,23,24,25,11,12,13,14,15,1,2,3,4,5,16,17,18,19,20,
6,6,7,8,9,10,21,22,23,24,25,11,12,13,14,15,16,17,18,19,20,1,2,3,4,5,
1,6,7,8,9,10,21,22,23,24,25,16,17,18,19,20,
1,6,7,8,9,10,21,22,23,24,25,16,17,18,19,20,1,2,3,4,5,
4,6,7,8,9,10,21,22,23,24,25,16,17,18,19,20,1,2,3,4,5,11,12,13,14,15,
1,6,7,8,9,10,21,22,23,24,25,16,17,18,19,20,11,12,13,14,15,
4,6,7,8,9,10,21,22,23,24,25,16,17,18,19,20,11,12,13,14,15,1,2,3,4,5,
1,6,7,8,10,
1,6,7,8,11,12,13,9,14,10,15,21,22,23,24,25,
1,6,7,8,22,
1,6,7,8,25,21,
4,6,7,9,
1,6,7,9,8,
1,6,7,9,8,10,
3,6,7,10,
3,6,7,10,8,9,
1,6,7,11,12,13,
1,6,7,12,8,
1,6,7,16,17,
1,6,7,21,23,
1,6,8,1,14,
1,6,8,3,
1,6,8,7,
2,6,8,7,9,
3,6,8,7,9,10,
2,6,8,7,10,
21,6,8,9,
2,6,8,9,7,
3,6,8,9,7,10,
1,6,8,9,7,10,11,12,13,14,15,20,19,18,17,16,5,4,3,2,1,25,24,23,22,21,
1,6,8,9,10,7,
1,6,8,9,10,11,12,13,15,16,17,18,19,20,7,14,2,5,4,1,3,24,23,22,21,25,
1,6,8,9,10,15,13,11,12,14,7,1,2,5,4,3,23,22,24,21,25,20,19,18,17,16,
1,6,8,9,10,22,23,24,
1,6,8,9,15,
1,6,8,9,15,13,11,12,7,10,14,23,21,22,24,25,1,2,3,4,5,16,17,18,19,20,
1,6,8,9,24,
17,6,8,10,
1,6,8,10,7,
1,6,8,10,7,9,
2,6,8,10,9,
3,6,8,10,9,7,
1,6,8,11,13,
1,6,8,12,
1,6,8,13,
2,6,8,15,
1,6,8,16,13,12,10,17,11,7,14,20,18,9,15,19,
1,6,8,22,
1,6,8,23,3,
2,6,9,1,
4,6,9,7,
2,6,9,7,8,10,
1,6,9,7,10,8,
10,6,9,8,
1,6,9,8,5,
1,6,9,8,7,
6,6,9,8,7,10,
1,6,9,8,10,
3,6,9,8,10,7,
1,6,9,8,13,
13,6,9,10,
1,6,9,10,8,
5,6,9,10,8,7,
1,6,9,11,
1,6,9,11,12,
1,6,9,12,15,
1,6,9,12,19,
3,6,9,15,
1,6,9,15,8,
1,6,9,15,20,2,5,
1,6,9,16,15,
1,6,9,23,21,15,11,13,8,14,25,7,12,10,22,24,5,
1,6,10,2,
1,6,10,5,15,
1,6,10,7,
2,6,10,7,9,
1,6,10,7,9,8,
2,6,10,8,
2,6,10,8,9,
4,6,10,8,9,7,
1,6,10,8,21,23,
15,6,10,9,
1,6,10,9,7,
2,6,10,9,7,8,
8,6,10,9,8,
10,6,10,9,8,7,
4,6,10,11,
1,6,10,11,15,16,8,13,9,5,22,
2,6,10,12,
1,6,10,13,
3,6,10,16,
1,6,10,21,
1,6,10,22,
1,6,11,
5,6,11,1,
1,6,11,1,12,
1,6,11,1,17,16,
4,6,11,2,
1,6,11,5,10,
1,6,11,7,
1,6,11,7,12,
1,6,11,7,12,8,13,9,14,10,15,
1,6,11,7,16,17,
4,6,11,8,
3,6,11,8,13,
2,6,11,9,
1,6,11,9,13,
5,6,11,10,
5,6,11,12,
1,6,11,12,7,
1,6,11,12,7,8,13,9,14,10,15,21,22,23,24,25,20,19,18,17,16,5,4,3,1,2,
1,6,11,12,7,22,
1,6,11,12,8,
1,6,11,12,9,10,14,13,15,
1,6,11,12,9,15,
1,6,11,12,13,14,15,
2,6,11,12,16,
3,6,11,13,
1,6,11,15,20,
10,6,11,16,
2,6,11,16,1,
4,6,11,16,1,21,
1,6,11,16,10,12,
1,6,11,16,12,
1,6,11,16,14,1,
2,6,11,16,21,
1,6,11,16,21,8,13,18,23,
1,6,11,18,
1,6,11,20,1,24,
4,6,11,21,
1,6,11,22,9,
2,6,11,23,
2,6,12,1,
1,6,12,8,13,9,14,10,7,15,11,
1,6,12,9,
1,6,12,9,8,
1,6,12,10,
1,6,12,10,15,
6,6,12,11,
1,6,12,11,7,16,17,
1,6,12,13,10,
1,6,12,13,19,20,
1,6,12,14,8,9,
5,6,12,16,
1,6,12,16,9,
1,6,12,17,
2,6,12,18,
1,6,12,19,
1,6,12,20,
2,6,12,21,
1,6,13,4,18,22,
1,6,13,11,
2,6,13,15,
1,6,13,16,
1,6,13,19,
1,6,13,20,
1,6,13,22,5,
1,6,13,24,9,
1,6,14,16,
1,6,15,2,17,
1,6,15,8,13,
1,6,15,9,
1,6,15,9,10,5,16,
1,6,15,10,5,
2,6,15,11,
1,6,15,11,10,
1,6,15,16,
1,6,15,16,11,5,1,21,10,25,18,22,12,8,2,14,20,4,24,7,13,23,17,3,9,19,
1,6,15,18,
1,6,15,22,20,
4,6,16,1,
1,6,16,1,10,
1,6,16,1,12,10,11,9,13,8,2,4,5,15,18,17,19,20,3,7,22,24,23,21,14,25,
1,6,16,1,17,18,
2,6,16,2,
1,6,16,2,14,
3,6,16,3,
1,6,16,8,
1,6,16,8,2,
2,6,16,9,
1,6,16,9,17,
3,6,16,10,
1,6,16,10,22,
2,6,16,11,
1,6,16,11,1,21,
1,6,16,12,
1,6,16,12,1,2,
3,6,16,17,
1,6,16,17,15,
1,6,16,17,18,19,20,
1,6,16,19,
2,6,16,20,
1,6,16,20,9,
1,6,16,20,11,
4,6,16,21,
1,6,16,22,
1,6,17,1,
1,6,17,13,3,23,
1,6,17,22,
1,6,17,24,
1,6,18,5,25,9,
1,6,18,11,2,
1,6,18,19,9,
1,6,19,16,
1,6,20,9,8,15,
1,6,20,10,
1,6,20,10,22,
1,6,20,16,
1,6,20,17,
1,6,20,23,
1,6,20,23,8,
2,6,21,1,
1,6,21,1,2,22,
1,6,21,1,11,
1,6,21,1,22,
1,6,21,3,
2,6,21,7,
1,6,21,9,15,
1,6,21,10,
1,6,21,11,1,2,3,19,23,
1,6,21,11,1,16,
1,6,21,15,
1,6,21,16,
1,6,21,22,
1,6,21,22,23,
1,6,21,23,
1,6,22,10,23,
1,6,22,11,8,
2,6,22,13,8,
1,6,22,21,
1,6,23,1,
1,6,23,3,
1,6,23,8,
1,6,23,9,
1,6,23,10,
1,6,23,17,14,
1,6,23,20,
1,6,23,22,
1,6,23,22,21,
1,6,23,24,
1,6,25,14,17,
1,6,25,21,
1,7,1,14,16,2,
1,7,1,23,
1,7,6,1,14,22,20,
2,7,6,8,
1,7,6,8,9,10,
1,7,6,9,8,10,
1,7,8,4,
1,7,8,6,
1,7,8,6,9,
1,7,8,6,9,10,
1,7,8,9,
1,7,8,9,10,6,
1,7,8,12,14,15,
1,7,9,6,
1,7,9,8,6,10,
1,7,9,10,
1,7,10,9,
1,7,10,14,
1,7,11,14,
1,7,12,15,
1,7,12,16,
1,7,13,10,15,
1,7,14,
2,7,14,1,2,3,
1,7,14,3,
1,7,14,6,
1,7,14,8,
1,7,14,9,
1,7,14,12,
1,7,14,12,11,
1,7,14,21,
1,7,14,21,16,
1,7,14,21,25,
2,7,14,25,
1,7,14,25,21,
1,7,14,25,21,1,2,3,4,5,
1,7,15,22,
1,7,17,21,
1,7,17,24,
1,7,20,14,16,
1,7,20,23,
1,7,22,2,17,13,
1,7,25,14,
1,8,
1,8,1,13,22,
1,8,3,13,
1,8,4,13,18,
1,8,6,7,
1,8,6,7,10,
1,8,6,7,10,9,
3,8,6,9,
1,8,6,9,10,
1,8,6,9,12,10,
1,8,6,10,7,9,
1,8,7,6,
1,8,7,6,9,10,
1,8,7,9,6,10,
1,8,7,10,9,6,
1,8,9,
1,8,9,6,
1,8,9,6,7,10,
1,8,9,6,10,7,
1,8,9,7,6,10,
1,8,9,10,
1,8,9,10,7,6,
1,8,9,15,
1,8,10,9,7,6,
1,8,11,13,
1,8,12,10,
1,8,12,14,
1,8,12,15,
1,8,12,23,
2,8,13,6,
1,8,13,10,
1,8,13,15,
1,8,13,18,21,
1,8,14,17,24,
1,8,15,11,
1,8,15,23,3,9,5,6,20,2,17,12,10,4,19,18,11,1,13,24,16,22,7,25,21,14,
1,8,16,1,7,10,12,
1,8,17,15,25,
1,8,18,16,
1,8,21,20,17,
1,9,2,15,22,
1,9,6,7,
2,9,6,8,
1,9,6,10,
1,9,6,10,8,7,
1,9,7,8,10,6,
1,9,7,10,8,6,
1,9,8,6,10,7,
1,9,8,7,6,10,
1,9,10,7,6,
1,9,10,11,
1,9,11,6,8,
1,9,11,15,23,
1,9,11,16,22,5,
1,9,11,24,
1,9,12,6,
1,9,12,19,
1,9,13,5,
1,9,13,6,
1,9,13,11,15,
1,9,15,6,12,
1,9,15,11,
1,9,15,20,
1,9,15,20,23,
1,9,20,17,23,
1,10,5,13,14,
1,10,6,7,8,9,
2,10,6,8,
1,10,6,8,7,
1,10,6,8,9,7,
2,10,8,6,
2,10,8,7,
3,10,9,6,
1,10,9,8,7,6,25,24,23,22,21,15,14,13,12,11,5,4,3,2,1,20,19,18,17,16,
1,10,9,13,
1,10,11,6,
1,10,11,12,
1,10,11,13,6,
1,10,11,13,22,
1,10,11,17,3,
1,10,11,23,3,18,
1,10,12,13,18,
1,10,13,11,
1,10,14,11,
2,10,15,9,8,
1,10,15,12,
1,10,15,20,
1,10,15,20,22,
1,10,16,7,
1,10,16,22,
1,10,17,25,
1,10,21,22,23,
1,11,1,3,
1,11,1,4,
1,11,1,5,13,
3,11,1,6,
1,11,1,6,15,
1,11,1,6,16,
1,11,1,6,16,21,
1,11,1,10,16,20,
4,11,1,16,
1,11,1,16,4,
1,11,1,16,9,
1,11,1,17,
1,11,1,21,
1,11,1,21,7,
1,11,1,21,16,6,
1,11,1,21,22,2,12,13,6,3,23,24,25,4,5,
1,11,1,22,
1,11,1,23,
1,11,2,1,15,
1,11,2,5,16,23,
1,11,2,6,
1,11,2,9,19,22,
2,11,2,20,6,22,
1,11,3,6,
1,11,3,8,
1,11,3,12,
1,11,4,16,
1,11,4,20,
1,11,4,24,
1,11,5,12,20,15,
1,11,5,22,8,
1,11,6,
2,11,6,1,
1,11,6,1,12,21,16,
1,11,6,1,13,12,
1,11,6,1,14,
1,11,6,1,16,21,
1,11,6,1,16,24,
1,11,6,1,21,
1,11,6,1,21,16,
1,11,6,7,
1,11,6,9,1,
1,11,6,9,10,7,15,13,14,8,12,
1,11,6,9,12,
1,11,6,10,
1,11,6,10,13,
6,11,6,12,
2,11,6,13,8,
1,11,6,13,15,
7,11,6,16,
1,11,6,16,1,
1,11,6,16,12,
1,11,6,16,21,1,
1,11,6,21,1,
1,11,6,22,
1,11,6,23,
1,11,7,3,21,
1,11,7,8,14,15,13,9,10,12,6,
2,11,7,13,
1,11,7,14,10,
1,11,7,19,10,
1,11,8,1,
1,11,8,4,24,
3,11,8,5,
2,11,8,13,
1,11,8,22,
2,11,9,6,
1,11,9,12,
1,11,9,15,
1,11,9,21,
1,11,9,22,
1,11,10,5,23,
1,11,10,7,13,
2,11,10,9,13,
1,11,10,12,
1,11,10,13,
1,11,12,1,
1,11,12,1,5,
4,11,12,6,
1,11,12,6,1,2,
1,11,12,6,7,
1,11,12,6,9,
1,11,12,6,13,1,2,15,3,4,5,10,9,
1,11,12,6,16,
1,11,12,9,
1,11,12,10,
55,11,12,13,
1,11,12,13,6,7,8,20,
1,11,12,13,6,14,15,7,8,9,10,16,17,18,19,20,1,2,3,4,5,25,24,23,22,21,
8,11,12,13,14,
1648,11,12,13,14,15,
87,11,12,13,14,15,1,2,3,4,5,
3,11,12,13,14,15,1,2,3,4,5,6,7,8,9,10,
1,11,12,13,14,15,1,2,3,4,5,6,7,8,9,10,16,17,18,19,20,
15,11,12,13,14,15,1,2,3,4,5,6,7,8,9,10,16,17,18,19,20,21,22,23,24,25,
11,11,12,13,14,15,1,2,3,4,5,6,7,8,9,10,21,22,23,24,25,16,17,18,19,20,
4,11,12,13,14,15,1,2,3,4,5,16,17,18,19,20,
2,11,12,13,14,15,1,2,3,4,5,16,17,18,19,20,6,7,8,9,10,
12,11,12,13,14,15,1,2,3,4,5,16,17,18,19,20,6,7,8,9,10,21,22,23,24,25,
1,11,12,13,14,15,1,2,3,4,5,16,17,18,19,20,21,22,23,24,25,
6,11,12,13,14,15,1,2,3,4,5,16,17,18,19,20,21,22,23,24,25,6,7,8,9,10,
6,11,12,13,14,15,1,2,3,4,5,21,22,23,24,25,
5,11,12,13,14,15,1,2,3,4,5,21,22,23,24,25,6,7,8,9,10,16,17,18,19,20,
1,11,12,13,14,15,6,
1149,11,12,13,14,15,6,7,8,9,10,
15,11,12,13,14,15,6,7,8,9,10,1,2,3,4,5,
1,11,12,13,14,15,6,7,8,9,10,1,2,3,4,5,16,17,18,19,20,
58,11,12,13,14,15,6,7,8,9,10,1,2,3,4,5,16,17,18,19,20,21,22,23,24,25,
1,11,12,13,14,15,6,7,8,9,10,1,2,3,4,5,21,22,23,24,25,
28,11,12,13,14,15,6,7,8,9,10,1,2,3,4,5,21,22,23,24,25,16,17,18,19,20,
23,11,12,13,14,15,6,7,8,9,10,16,17,18,19,20,
94,11,12,13,14,15,6,7,8,9,10,16,17,18,19,20,1,2,3,4,5,21,22,23,24,25,
32,11,12,13,14,15,6,7,8,9,10,16,17,18,19,20,21,22,23,24,25,1,2,3,4,5,
11,11,12,13,14,15,6,7,8,9,10,21,22,23,24,25,
1,11,12,13,14,15,6,7,8,9,10,21,22,23,24,25,1,2,3,4,5,
38,11,12,13,14,15,6,7,8,9,10,21,22,23,24,25,1,2,3,4,5,16,17,18,19,20,
20,11,12,13,14,15,6,7,8,9,10,21,22,23,24,25,16,17,18,19,20,1,2,3,4,5,
1,11,12,13,14,15,10,9,
80,11,12,13,14,15,16,17,18,19,20,
1,11,12,13,14,15,16,17,18,19,20,1,2,3,4,5,
3,11,12,13,14,15,16,17,18,19,20,1,2,3,4,5,6,7,8,9,10,
15,11,12,13,14,15,16,17,18,19,20,1,2,3,4,5,6,7,8,9,10,21,22,23,24,25,
7,11,12,13,14,15,16,17,18,19,20,1,2,3,4,5,21,22,23,24,25,6,7,8,9,10,
12,11,12,13,14,15,16,17,18,19,20,6,7,8,9,10,
37,11,12,13,14,15,16,17,18,19,20,6,7,8,9,10,1,2,3,4,5,21,22,23,24,25,
5,11,12,13,14,15,16,17,18,19,20,6,7,8,9,10,21,22,23,24,25,1,2,3,4,5,
1,11,12,13,14,15,16,17,18,19,20,21,22,23,24,25,
4,11,12,13,14,15,16,17,18,19,20,21,22,23,24,25,1,2,3,4,5,6,7,8,9,10,
12,11,12,13,14,15,16,17,18,19,20,21,22,23,24,25,6,7,8,9,10,1,2,3,4,5,
33,11,12,13,14,15,21,22,23,24,25,
4,11,12,13,14,15,21,22,23,24,25,1,2,3,4,5,
6,11,12,13,14,15,21,22,23,24,25,1,2,3,4,5,6,7,8,9,10,16,17,18,19,20,
6,11,12,13,14,15,21,22,23,24,25,1,2,3,4,5,16,17,18,19,20,6,7,8,9,10,
2,11,12,13,14,15,21,22,23,24,25,6,7,8,9,10,
1,11,12,13,14,15,21,22,23,24,25,6,7,8,9,10,1,2,3,4,5,
14,11,12,13,14,15,21,22,23,24,25,6,7,8,9,10,1,2,3,4,5,16,17,18,19,20,
1,11,12,13,14,15,21,22,23,24,25,6,7,8,9,10,16,17,18,19,20,
4,11,12,13,14,15,21,22,23,24,25,6,7,8,9,10,16,17,18,19,20,1,2,3,4,5,
3,11,12,13,14,15,21,22,23,24,25,16,17,18,19,20,
2,11,12,13,14,15,21,22,23,24,25,16,17,18,19,20,1,2,3,4,5,6,7,8,9,10,
4,11,12,13,14,15,21,22,23,24,25,16,17,18,19,20,6,7,8,9,10,1,2,3,4,5,
1,11,12,13,15,
3,11,12,13,15,14,
1,11,12,13,15,14,6,7,8,9,10,16,1,17,18,19,20,2,3,4,5,21,25,24,23,22,
3,11,12,13,16,
3,11,12,14,
5,11,12,14,13,15,
2,11,12,14,15,13,
12,11,12,15,
1,11,12,15,13,
6,11,12,15,13,14,
3,11,12,15,14,13,
2,11,12,16,
2,11,12,16,1,
2,11,12,16,1,6,
1,11,12,16,1,17,6,
1,11,12,16,10,
2,11,12,16,17,
1,11,12,18,
1,11,12,21,22,
1,11,13,6,
1,11,13,6,8,
2,11,13,9,
7,11,13,12,
4,11,13,12,14,
5,11,13,12,14,15,
1,11,13,12,15,14,
2,11,13,14,12,15,
2,11,13,14,15,
1,11,13,14,15,12,
7,11,13,15,
1,11,13,15,8,
1,11,13,15,8,10,
4,11,13,15,14,12,
1,11,13,15,18,
1,11,13,16,
1,11,13,16,17,18,19,20,12,14,15,6,7,8,9,10,1,2,3,4,5,21,24,23,22,25,
1,11,14,7,1,
1,11,14,12,13,15,
1,11,14,13,
1,11,14,13,12,15,
2,11,14,15,
1,11,14,15,8,13,12,7,9,10,6,20,22,16,21,19,4,25,18,5,24,3,23,17,2,1,
1,11,14,15,12,
1,11,14,15,12,13,
2,11,14,15,13,12,
1,11,14,16,6,
1,11,15,6,
1,11,15,10,
3,11,15,12,
1,11,15,12,13,14,
1,11,15,12,14,
7,11,15,13,
2,11,15,13,12,
2,11,15,13,12,14,
2,11,15,14,
2,11,15,14,13,12,
1,11,16,
1,11,16,1,
1,11,16,1,2,
1,11,16,3,1,
2,11,16,6,
1,11,16,9,
1,11,16,10,
2,11,16,12,
1,11,16,12,1,
1,11,16,12,25,
1,11,16,15,
1,11,16,17,
2,11,16,17,12,
1,11,16,17,18,
1,11,16,17,18,19,12,
2,11,16,17,18,19,20,
1,11,16,18,20,
1,11,16,19,
2,11,16,20,
3,11,16,21,
1,11,16,22,
1,11,16,23,
1,11,17,9,
1,11,17,10,4,
1,11,18,15,9,
1,11,18,19,
1,11,18,19,16,17,
1,11,18,23,3,
1,11,20,16,
3,11,21,1,
1,11,21,1,22,23,24,25,
1,11,21,2,3,4,
1,11,21,2,4,5,
1,11,21,6,
2,11,21,6,16,1,
1,11,21,16,
1,11,21,16,10,2,
1,11,21,22,23,24,25,
1,11,22,2,15,
1,11,22,6,2,20,
1,11,22,9,
1,11,22,9,1,13,6,
1,11,22,15,
1,11,22,15,13,
1,11,23,1,16,9,
1,11,23,12,9,
1,12,
1,12,1,6,
1,12,1,6,11,
1,12,1,7,6,5,16,2,3,19,20,4,17,11,14,15,13,18,10,8,9,24,21,23,25,22,
2,12,1,13,
2,12,1,16,
1,12,1,16,25,
1,12,6,2,
1,12,6,7,
1,12,6,8,
1,12,6,9,
1,12,6,10,15,
3,12,6,11,
1,12,6,11,1,
1,12,6,11,9,15,10,13,7,14,8,
1,12,6,15,
1,12,6,16,13,
1,12,6,22,
2,12,7,2,17,22,
1,12,7,11,
2,12,8,5,
1,12,8,5,20,
1,12,9,15,
2,12,10,6,
2,12,11,1,
1,12,11,1,15,
1,12,11,1,16,23,
13,12,11,6,
2,12,11,6,1,
1,12,11,6,1,23,
1,12,11,6,13,
1,12,11,6,13,14,15,
1,12,11,6,22,1,
1,12,11,10,
32,12,11,13,
3,12,11,13,14,
132,12,11,13,14,15,
1,12,11,13,14,15,6,7,8,9,10,5,4,3,2,1,23,24,22,20,19,18,17,25,21,16,
2,12,11,13,15,
11,12,11,13,15,14,
8,12,11,14,
1,12,11,14,13,
6,12,11,14,13,15,
2,12,11,14,15,13,
21,12,11,15,
5,12,11,15,13,14,
1,12,11,15,13,16,
2,12,11,15,14,
2,12,11,15,14,13,
1,12,11,15,19,
2,12,11,16,
2,12,11,16,13,14,
1,12,11,16,20,17,
1,12,11,16,20,18,17,13,19,14,15,
1,12,11,22,23,
1,12,11,25,14,19,7,6,3,21,8,13,24,15,18,17,22,1,23,16,5,20,10,4,9,2,
6,12,13,11,
3,12,13,11,14,15,
1,12,13,11,15,14,
3,12,13,14,
2,12,13,14,11,15,
2,12,13,14,15,11,
1,12,13,14,15,11,6,7,8,9,10,16,1,2,17,3,18,4,19,5,20,21,22,23,24,25,
3,12,13,15,
1,12,14,1,24,
1,12,14,6,
1,12,14,6,7,
2,12,14,7,
2,12,14,11,
1,12,14,11,13,15,
1,12,15,1,
1,12,15,6,9,23,
10,12,15,11,
1,12,15,11,13,14,
1,12,15,11,14,
3,12,15,13,
2,12,15,13,11,14,
1,12,15,13,14,11,
1,12,15,14,13,
3,12,15,14,13,11,
4,12,16,1,
1,12,16,1,2,11,
1,12,16,2,
1,12,16,5,
2,12,16,6,
1,12,16,6,11,15,9,10,17,13,14,7,8,18,19,20,5,4,3,2,1,25,24,23,22,21,
3,12,16,11,
1,12,16,11,20,
1,12,16,17,11,20,
1,12,16,17,18,19,20,
1,12,16,18,20,
1,12,16,20,
1,12,17,13,
1,12,17,19,21,
2,12,18,19,20,
1,12,19,15,16,
1,12,21,7,20,
1,12,22,2,
1,12,22,15,9,
1,13,1,2,3,
1,13,1,12,
1,13,1,16,
1,13,5,6,16,
1,13,6,8,10,15,
1,13,7,21,
1,13,8,3,23,
1,13,9,10,
1,13,9,20,
1,13,10,6,11,
1,13,11,5,
3,13,11,12,
1,13,11,12,14,
1,13,11,12,14,15,
1,13,11,12,15,14,
1,13,11,14,12,15,
2,13,11,15,12,9,10,6,8,14,7,
1,13,11,15,12,14,
1,13,11,15,14,
1,13,12,6,
1,13,12,11,14,15,
3,13,12,11,15,14,
1,13,12,15,14,11,
1,13,15,22,23,
1,13,16,11,
1,13,16,20,
1,13,19,10,
1,13,20,1,9,
1,14,1,16,7,
1,14,3,16,
1,14,4,2,12,
1,14,6,7,
1,14,6,9,8,
1,14,7,1,
1,14,7,2,
1,14,7,6,11,
1,14,7,10,
1,14,7,10,6,9,8,15,12,11,
2,14,7,11,
1,14,7,16,17,18,
1,14,8,5,
1,14,10,25,
1,14,11,12,
1,14,11,12,13,15,
1,14,12,11,
1,14,12,11,13,15,
1,14,13,12,
1,14,15,12,11,13,
1,14,16,11,
1,14,16,22,8,1,
1,14,16,23,8,13,
1,15,2,5,
1,15,5,22,6,18,
1,15,6,9,
1,15,6,11,
1,15,8,23,19,5,
1,15,9,8,
1,15,9,11,
1,15,9,11,12,
1,15,9,20,
1,15,10,9,
1,15,10,9,14,13,8,7,12,11,6,20,19,18,17,16,5,25,4,24,3,23,2,22,1,21,
2,15,11,12,
1,15,11,13,
1,15,12,13,11,14,
1,15,13,9,4,
1,15,13,9,11,
1,15,13,11,
1,15,13,11,12,
1,15,13,11,12,14,
1,15,13,12,14,
1,15,14,13,
1,15,14,13,12,11,
1,15,18,8,2,
1,15,20,22,1,
1,15,23,9,
2,16,
1,16,1,
5,16,1,2,
1,16,1,2,3,4,
1,16,1,2,3,4,5,
1,16,1,3,12,
7,16,1,6,
1,16,1,6,11,
1,16,1,6,11,21,
1,16,1,6,12,
1,16,1,6,17,2,
1,16,1,6,17,9,
2,16,1,6,21,
1,16,1,6,23,
1,16,1,7,24,
1,16,1,9,
1,16,1,10,
2,16,1,11,
1,16,1,11,2,12,
2,16,1,11,6,2,
2,16,1,11,6,17,
1,16,1,11,6,17,2,12,7,18,3,13,8,19,4,14,9,20,5,15,10,21,22,23,24,25,
1,16,1,11,12,
2,16,1,11,17,2,
1,16,1,11,21,
1,16,1,11,21,6,
4,16,1,12,
1,16,1,12,3,
1,16,1,12,9,21,15,6,2,17,25,14,13,7,8,11,10,3,18,23,22,19,4,5,20,24,
1,16,1,12,11,2,
1,16,1,12,11,17,
1,16,1,12,17,
1,16,1,12,17,2,
1,16,1,13,11,
1,16,1,14,
1,16,1,15,
1,16,1,15,6,
2,16,1,17,
3,16,1,17,2,
1,16,1,20,21,22,23,24,25,
5,16,1,21,
3,16,1,21,6,
1,16,1,21,11,14,
1,16,1,23,
2,16,2,4,
1,16,2,5,
1,16,2,14,5,
1,16,2,18,4,
1,16,2,20,13,
1,16,2,22,12,
1,16,2,23,20,
1,16,3,1,
1,16,5,1,6,
1,16,5,9,23,
3,16,6,1,
1,16,6,1,11,
1,16,6,7,17,20,
1,16,6,9,8,7,
4,16,6,11,
1,16,6,11,1,
1,16,6,11,1,21,
1,16,6,11,12,
1,16,6,11,12,17,
1,16,6,11,12,17,18,19,20,1,7,13,14,15,8,9,10,
1,16,6,12,20,
2,16,6,15,
1,16,6,17,18,
1,16,6,17,18,19,20,
1,16,6,17,18,19,20,10,12,
1,16,6,18,
1,16,6,20,
1,16,6,20,9,10,8,
2,16,6,21,
1,16,6,21,1,11,12,13,14,15,7,8,9,10,22,23,24,25,2,3,4,5,17,18,19,20,
1,16,6,21,11,1,
1,16,6,23,14,
1,16,7,4,
1,16,7,4,25,
1,16,7,10,20,
3,16,8,6,
1,16,8,13,22,
1,16,9,15,
1,16,10,12,
1,16,10,17,
5,16,11,1,
1,16,11,1,2,3,17,18,19,12,
1,16,11,1,6,22,
8,16,11,6,
2,16,11,6,1,21,
1,16,11,6,21,
1,16,11,6,24,10,
1,16,11,8,3,
1,16,11,9,10,5,
1,16,11,9,10,15,
2,16,11,12,
1,16,11,12,17,
1,16,11,13,
2,16,11,13,14,1,
1,16,11,13,14,15,12,
1,16,11,17,12,
1,16,11,17,20,
1,16,11,17,23,
1,16,11,18,10,
1,16,11,19,
1,16,11,20,
1,16,11,21,
2,16,11,21,6,
1,16,11,21,18,
1,16,11,22,4,
1,16,12,1,
1,16,12,1,9,
1,16,12,1,11,
1,16,12,5,
1,16,12,6,8,
2,16,12,11,
3,16,12,11,17,
1,16,12,13,
3,16,12,17,
2,16,12,17,11,
1,16,12,18,
1,16,12,18,20,
1,16,12,20,
1,16,13,2,
1,16,13,6,
1,16,13,23,
1,16,15,6,
1,16,15,18,
2,16,17,1,
1,16,17,1,4,
1,16,17,1,6,12,
1,16,17,2,18,
4,16,17,6,
1,16,17,11,
1,16,17,11,12,1,3,2,15,18,19,20,4,5,10,9,8,7,6,13,14,25,24,23,22,21,
1,16,17,11,12,6,
1,16,17,12,11,18,19,20,13,14,15,
1,16,17,13,9,
135,16,17,18,
2,16,17,18,1,
1,16,17,18,6,10,19,20,
1,16,17,18,11,6,7,8,9,10,
1,16,17,18,11,12,
74,16,17,18,19,
12325,16,17,18,19,20,
362,16,17,18,19,20,1,2,3,4,5,
11,16,17,18,19,20,1,2,3,4,5,6,7,8,9,10,
5,16,17,18,19,20,1,2,3,4,5,6,7,8,9,10,11,12,13,14,15,
106,16,17,18,19,20,1,2,3,4,5,6,7,8,9,10,11,12,13,14,15,21,22,23,24,25,
1,16,17,18,19,20,1,2,3,4,5,6,7,8,9,10,21,22,23,24,25,
10,16,17,18,19,20,1,2,3,4,5,6,7,8,9,10,21,22,23,24,25,11,12,13,14,15,
5,16,17,18,19,20,1,2,3,4,5,11,12,13,14,15,
5,16,17,18,19,20,1,2,3,4,5,11,12,13,14,15,6,7,8,9,10,
55,16,17,18,19,20,1,2,3,4,5,11,12,13,14,15,6,7,8,9,10,21,22,23,24,25,
1,16,17,18,19,20,1,2,3,4,5,11,12,13,14,15,21,22,23,24,25,
2,16,17,18,19,20,1,2,3,4,5,11,12,13,14,15,21,22,23,24,25,6,7,8,9,10,
65,16,17,18,19,20,1,2,3,4,5,21,22,23,24,25,
1,16,17,18,19,20,1,2,3,4,5,21,22,23,24,25,6,7,8,9,10,
53,16,17,18,19,20,1,2,3,4,5,21,22,23,24,25,6,7,8,9,10,11,12,13,14,15,
25,16,17,18,19,20,1,2,3,4,5,21,22,23,24,25,11,12,13,14,15,6,7,8,9,10,
124,16,17,18,19,20,6,7,8,9,10,
3,16,17,18,19,20,6,7,8,9,10,1,2,3,4,5,
32,16,17,18,19,20,6,7,8,9,10,1,2,3,4,5,11,12,13,14,15,21,22,23,24,25,
4,16,17,18,19,20,6,7,8,9,10,1,2,3,4,5,21,22,23,24,25,11,12,13,14,15,
29,16,17,18,19,20,6,7,8,9,10,11,12,13,14,15,
4,16,17,18,19,20,6,7,8,9,10,11,12,13,14,15,1,2,3,4,5,
135,16,17,18,19,20,6,7,8,9,10,11,12,13,14,15,1,2,3,4,5,21,22,23,24,25,
1,16,17,18,19,20,6,7,8,9,10,11,12,13,14,15,1,2,3,4,5,25,24,23,22,21,
1,16,17,18,19,20,6,7,8,9,10,11,12,13,14,15,21,22,23,24,25,
63,16,17,18,19,20,6,7,8,9,10,11,12,13,14,15,21,22,23,24,25,1,2,3,4,5,
5,16,17,18,19,20,6,7,8,9,10,21,22,23,24,25,
3,16,17,18,19,20,6,7,8,9,10,21,22,23,24,25,1,2,3,4,5,11,12,13,14,15,
8,16,17,18,19,20,6,7,8,9,10,21,22,23,24,25,11,12,13,14,15,1,2,3,4,5,
1,16,17,18,19,20,11,6,8,14,13,9,12,15,7,10,3,1,2,5,4,23,21,24,25,22,
1,16,17,18,19,20,11,12,8,6,15,14,23,24,21,22,25,13,7,9,10,1,2,5,4,3,
152,16,17,18,19,20,11,12,13,14,15,
5,16,17,18,19,20,11,12,13,14,15,1,2,3,4,5,
4,16,17,18,19,20,11,12,13,14,15,1,2,3,4,5,6,7,8,9,10,
32,16,17,18,19,20,11,12,13,14,15,1,2,3,4,5,6,7,8,9,10,21,22,23,24,25,
1,16,17,18,19,20,11,12,13,14,15,1,2,3,4,5,21,22,23,24,25,
6,16,17,18,19,20,11,12,13,14,15,1,2,3,4,5,21,22,23,24,25,6,7,8,9,10,
63,16,17,18,19,20,11,12,13,14,15,6,7,8,9,10,
2,16,17,18,19,20,11,12,13,14,15,6,7,8,9,10,1,2,3,4,5,
181,16,17,18,19,20,11,12,13,14,15,6,7,8,9,10,1,2,3,4,5,21,22,23,24,25,
3,16,17,18,19,20,11,12,13,14,15,6,7,8,9,10,21,22,23,24,25,
82,16,17,18,19,20,11,12,13,14,15,6,7,8,9,10,21,22,23,24,25,1,2,3,4,5,
3,16,17,18,19,20,11,12,13,14,15,21,22,23,24,25,
5,16,17,18,19,20,11,12,13,14,15,21,22,23,24,25,1,2,3,4,5,6,7,8,9,10,
10,16,17,18,19,20,11,12,13,14,15,21,22,23,24,25,6,7,8,9,10,1,2,3,4,5,
165,16,17,18,19,20,21,22,23,24,25,
45,16,17,18,19,20,21,22,23,24,25,1,2,3,4,5,
3,16,17,18,19,20,21,22,23,24,25,1,2,3,4,5,6,7,8,9,10,
41,16,17,18,19,20,21,22,23,24,25,1,2,3,4,5,6,7,8,9,10,11,12,13,14,15,
3,16,17,18,19,20,21,22,23,24,25,1,2,3,4,5,11,12,13,14,15,
8,16,17,18,19,20,21,22,23,24,25,1,2,3,4,5,11,12,13,14,15,6,7,8,9,10,
2,16,17,18,19,20,21,22,23,24,25,6,7,8,9,10,
3,16,17,18,19,20,21,22,23,24,25,6,7,8,9,10,1,2,3,4,5,11,12,13,14,15,
29,16,17,18,19,20,21,22,23,24,25,6,7,8,9,10,11,12,13,14,15,1,2,3,4,5,
7,16,17,18,19,20,21,22,23,24,25,11,12,13,14,15,
7,16,17,18,19,20,21,22,23,24,25,11,12,13,14,15,1,2,3,4,5,6,7,8,9,10,
5,16,17,18,19,20,21,22,23,24,25,11,12,13,14,15,6,7,8,9,10,
69,16,17,18,19,20,21,22,23,24,25,11,12,13,14,15,6,7,8,9,10,1,2,3,4,5,
6,16,17,18,20,
3,16,17,18,20,19,
1,16,17,18,20,19,6,9,12,15,14,7,11,8,10,13,3,5,1,2,4,21,22,23,24,25,
3,16,17,19,
2,16,17,19,18,20,
10,16,17,20,
2,16,17,20,18,
2,16,17,20,18,19,
2,16,17,20,19,
1,16,18,
1,16,18,6,9,
1,16,18,12,13,
9,16,18,17,
5,16,18,17,19,
11,16,18,17,19,20,
1,16,18,17,20,
3,16,18,17,20,19,
13,16,18,19,
2,16,18,19,11,
1,16,18,19,11,17,20,
1,16,18,19,17,
3,16,18,19,17,20,
4,16,18,19,20,
7,16,18,19,20,17,
1,16,18,19,20,17,11,12,13,14,15,6,7,8,9,10,21,22,23,24,25,1,2,3,4,5,
16,16,18,20,
1,16,18,20,17,
3,16,18,20,17,19,
4,16,18,20,19,17,
1,16,18,22,20,
1,16,18,23,15,
1,16,19,3,
3,16,19,17,
1,16,19,17,18,
3,16,19,17,18,20,
1,16,19,17,20,18,
5,16,19,18,
1,16,19,18,17,
6,16,19,18,17,20,
5,16,19,20,
4,16,19,20,17,18,
2,16,19,20,18,
4,16,19,20,18,17,
1,16,20,11,
1,16,20,12,6,
15,16,20,17,
4,16,20,17,18,
10,16,20,17,18,19,
1,16,20,17,19,18,
14,16,20,18,
1,16,20,18,15,
2,16,20,18,17,19,
1,16,20,18,19,17,6,11,10,13,9,
6,16,20,19,
3,16,20,19,17,18,
4,16,20,19,18,17,
1,16,20,23,
1,16,21,1,
1,16,21,6,
3,16,21,11,
1,16,21,11,6,1,
1,16,21,11,22,
1,16,21,12,9,3,
1,16,21,17,22,
1,16,21,18,17,
1,16,21,18,19,
1,16,22,2,
1,16,22,11,
2,16,22,18,24,
1,16,22,23,10,
1,16,23,6,
1,16,23,8,
1,16,23,11,1,
1,16,23,11,7,3,
1,16,24,6,
1,16,24,22,
2,17,
1,17,1,2,3,
1,17,1,5,
1,17,1,7,
1,17,1,16,6,
1,17,1,21,19,18,
1,17,2,16,
1,17,4,24,
1,17,5,1,16,
1,17,6,16,
1,17,8,15,
1,17,9,1,
1,17,12,3,
1,17,12,16,11,
1,17,12,16,19,
1,17,16,6,1,
13,17,16,18,
5,17,16,18,19,
6,17,16,18,19,20,
2,17,16,18,20,
3,17,16,18,20,19,
2,17,16,19,
2,17,16,19,18,20,
2,17,16,19,20,18,
6,17,16,20,
3,17,16,20,18,19,
1,17,16,20,19,
3,17,18,16,
1,17,18,16,10,
1,17,18,16,11,12,6,7,8,9,10,
2,17,18,16,19,20,
3,17,18,19,
1,17,18,19,16,20,
2,17,18,19,20,
1,17,18,19,20,16,
2,17,18,20,
1,17,19,2,
2,17,19,16,18,
1,17,19,16,18,20,
1,17,19,18,16,
2,17,19,20,
1,17,20,16,18,
3,17,20,18,
2,17,20,19,18,16,
1,17,21,25,
1,17,22,16,21,
1,17,22,24,23,
1,18,16,3,
2,18,16,17,
2,18,16,17,19,
1,18,16,19,
1,18,16,20,19,17,
3,18,17,16,
1,18,17,16,19,
3,18,17,16,19,20,
1,18,17,16,20,19,
1,18,17,19,
2,18,17,19,16,20,
1,18,17,20,
1,18,19,12,14,
1,18,19,15,
1,18,19,16,17,
1,18,19,17,
1,18,19,17,16,
2,18,19,17,16,20,
2,18,19,17,20,16,
2,18,19,20,
1,18,20,16,
1,18,20,16,17,
1,18,20,17,19,16,
1,18,20,19,
2,18,20,19,17,
1,19,11,6,7,8,9,10,20,
1,19,16,17,20,18,
1,19,17,16,18,20,
1,19,17,18,
1,19,17,18,16,
1,19,17,20,
2,19,18,16,17,20,
2,19,20,16,
1,19,20,16,17,18,
1,19,20,18,
1,20,1,13,
1,20,1,21,
1,20,1,23,
1,20,6,8,9,10,19,17,23,12,15,14,7,11,13,18,16,21,24,25,22,4,2,5,3,1,
1,20,6,12,
1,20,6,16,
1,20,8,14,4,
1,20,10,6,
1,20,11,18,
1,20,12,10,6,
1,20,12,22,
1,20,15,6,
14,20,16,17,
3,20,16,17,18,
3,20,16,17,18,19,
2,20,16,17,19,
4,20,16,18,
2,20,16,18,17,19,
2,20,16,18,19,17,
1,20,16,19,
3,20,16,19,17,18,
1,20,16,19,18,17,
1,20,17,16,
3,20,17,16,18,19,
1,20,17,16,19,18,
1,20,17,18,
2,20,17,18,16,19,
1,20,17,18,19,16,
1,20,17,19,
1,20,17,19,16,18,
1,20,17,19,18,16,
1,20,17,23,
4,20,18,16,
1,20,18,16,17,19,
1,20,18,17,
1,20,18,17,6,
3,20,18,17,16,
1,20,18,17,16,19,
1,20,18,17,19,
2,20,18,17,19,16,
1,20,18,19,16,17,
1,20,18,19,17,
5,20,18,19,17,16,
1,20,18,22,12,
5,20,19,16,
2,20,19,16,17,18,
1,20,19,16,18,17,
2,20,19,17,
1,20,19,17,18,16,
7,20,19,18,
1,20,19,18,12,
2,20,19,18,16,
1,20,19,18,16,17,
4,20,19,18,17,
1,20,19,18,17,7,1,5,4,3,10,
11,20,19,18,17,16,
1,20,19,18,17,16,10,9,8,7,6,15,14,13,12,11,25,24,23,22,21,5,4,3,2,1,
1,20,19,18,17,16,10,9,15,14,13,8,7,12,11,6,25,24,23,22,21,5,4,3,2,1,
3,21,
1,21,1,2,
1,21,1,5,
1,21,1,7,
1,21,1,7,2,
1,21,1,8,
1,21,1,11,16,6,
1,21,1,22,
1,21,1,22,2,23,3,
1,21,1,22,23,24,25,2,3,4,5,6,7,8,9,10,
1,21,1,24,
1,21,1,25,22,
1,21,2,1,3,
1,21,2,1,23,
1,21,2,6,24,1,
1,21,2,12,
1,21,2,13,19,
1,21,3,4,
2,21,6,1,
1,21,6,1,11,16,
1,21,6,1,12,
1,21,6,10,
4,21,6,11,
1,21,6,22,
1,21,6,22,23,25,2,24,3,1,13,4,5,
1,21,6,22,23,25,24,10,9,8,7,
1,21,6,23,1,12,
1,21,6,25,3,2,1,
1,21,7,13,9,
1,21,8,13,18,
1,21,10,11,
1,21,11,1,
4,21,11,6,
1,21,11,16,
1,21,11,22,24,
1,21,12,11,
1,21,15,12,
1,21,16,1,
1,21,16,6,
1,21,16,11,6,
1,21,16,11,6,1,
2,21,16,14,
1,21,17,2,
1,21,18,9,15,
1,21,18,15,
1,21,19,15,25,
1,21,22,1,
1,21,22,5,4,3,2,1,25,24,23,10,9,15,14,8,13,7,11,6,20,19,18,12,17,16,
2,21,22,19,
24,21,22,23,
1,21,22,23,5,
26,21,22,23,24,
1632,21,22,23,24,25,
527,21,22,23,24,25,1,2,3,4,5,
14,21,22,23,24,25,1,2,3,4,5,6,7,8,9,10,
8,21,22,23,24,25,1,2,3,4,5,6,7,8,9,10,11,12,13,14,15,
204,21,22,23,24,25,1,2,3,4,5,6,7,8,9,10,11,12,13,14,15,16,17,18,19,20,
1,21,22,23,24,25,1,2,3,4,5,6,7,8,9,10,11,12,13,14,15,20,19,18,17,16,
15,21,22,23,24,25,1,2,3,4,5,6,7,8,9,10,16,17,18,19,20,11,12,13,14,15,
10,21,22,23,24,25,1,2,3,4,5,11,12,13,14,15,
3,21,22,23,24,25,1,2,3,4,5,11,12,13,14,15,6,7,8,9,10,
49,21,22,23,24,25,1,2,3,4,5,11,12,13,14,15,6,7,8,9,10,16,17,18,19,20,
12,21,22,23,24,25,1,2,3,4,5,11,12,13,14,15,16,17,18,19,20,6,7,8,9,10,
66,21,22,23,24,25,1,2,3,4,5,16,17,18,19,20,
59,21,22,23,24,25,1,2,3,4,5,16,17,18,19,20,6,7,8,9,10,11,12,13,14,15,
37,21,22,23,24,25,1,2,3,4,5,16,17,18,19,20,11,12,13,14,15,6,7,8,9,10,
1,21,22,23,24,25,2,1,3,4,5,
56,21,22,23,24,25,6,7,8,9,10,
7,21,22,23,24,25,6,7,8,9,10,1,2,3,4,5,
1,21,22,23,24,25,6,7,8,9,10,1,2,3,4,5,11,12,13,14,15,
26,21,22,23,24,25,6,7,8,9,10,1,2,3,4,5,11,12,13,14,15,16,17,18,19,20,
1,21,22,23,24,25,6,7,8,9,10,1,2,3,4,5,16,17,18,19,20,
3,21,22,23,24,25,6,7,8,9,10,1,2,3,4,5,16,17,18,19,20,11,12,13,14,15,
1,21,22,23,24,25,6,7,8,9,10,5,4,3,2,1,15,14,13,12,11,20,19,18,17,16,
14,21,22,23,24,25,6,7,8,9,10,11,12,13,14,15,
6,21,22,23,24,25,6,7,8,9,10,11,12,13,14,15,1,2,3,4,5,
73,21,22,23,24,25,6,7,8,9,10,11,12,13,14,15,1,2,3,4,5,16,17,18,19,20,
29,21,22,23,24,25,6,7,8,9,10,11,12,13,14,15,16,17,18,19,20,1,2,3,4,5,
8,21,22,23,24,25,6,7,8,9,10,16,17,18,19,20,1,2,3,4,5,11,12,13,14,15,
3,21,22,23,24,25,6,7,8,9,10,16,17,18,19,20,11,12,13,14,15,1,2,3,4,5,
47,21,22,23,24,25,11,12,13,14,15,
6,21,22,23,24,25,11,12,13,14,15,1,2,3,4,5,
6,21,22,23,24,25,11,12,13,14,15,1,2,3,4,5,6,7,8,9,10,16,17,18,19,20,
3,21,22,23,24,25,11,12,13,14,15,1,2,3,4,5,16,17,18,19,20,6,7,8,9,10,
12,21,22,23,24,25,11,12,13,14,15,6,7,8,9,10,
1,21,22,23,24,25,11,12,13,14,15,6,7,8,9,10,1,2,3,4,5,
40,21,22,23,24,25,11,12,13,14,15,6,7,8,9,10,1,2,3,4,5,16,17,18,19,20,
1,21,22,23,24,25,11,12,13,14,15,6,7,8,9,10,16,17,18,19,20,
18,21,22,23,24,25,11,12,13,14,15,6,7,8,9,10,16,17,18,19,20,1,2,3,4,5,
1,21,22,23,24,25,11,12,13,14,15,16,17,18,19,20,
1,21,22,23,24,25,11,12,13,14,15,16,17,18,19,20,1,2,3,4,5,
8,21,22,23,24,25,11,12,13,14,15,16,17,18,19,20,6,7,8,9,10,1,2,3,4,5,
85,21,22,23,24,25,16,17,18,19,20,
31,21,22,23,24,25,16,17,18,19,20,1,2,3,4,5,
28,21,22,23,24,25,16,17,18,19,20,1,2,3,4,5,6,7,8,9,10,11,12,13,14,15,
6,21,22,23,24,25,16,17,18,19,20,1,2,3,4,5,11,12,13,14,15,6,7,8,9,10,
2,21,22,23,24,25,16,17,18,19,20,6,7,8,9,10,
2,21,22,23,24,25,16,17,18,19,20,6,7,8,9,10,1,2,3,4,5,11,12,13,14,15,
9,21,22,23,24,25,16,17,18,19,20,6,7,8,9,10,11,12,13,14,15,1,2,3,4,5,
1,21,22,23,24,25,16,17,18,19,20,11,12,
3,21,22,23,24,25,16,17,18,19,20,11,12,13,14,15,
4,21,22,23,24,25,16,17,18,19,20,11,12,13,14,15,1,2,3,4,5,6,7,8,9,10,
3,21,22,23,24,25,16,17,18,19,20,11,12,13,14,15,6,7,8,9,10,
34,21,22,23,24,25,16,17,18,19,20,11,12,13,14,15,6,7,8,9,10,1,2,3,4,5,
2,21,22,24,
1,21,23,7,
1,21,23,20,
4,21,23,22,
4,21,23,22,24,25,
2,21,23,22,25,
2,21,23,24,
1,21,23,24,22,25,
1,21,23,24,25,
1,21,23,24,25,22,
5,21,23,25,
1,21,23,25,22,24,6,8,9,7,10,3,2,1,4,5,15,14,13,12,11,20,19,18,17,16,
1,21,24,14,
2,21,24,22,
2,21,24,22,23,25,
2,21,24,23,
1,21,24,23,22,25,
1,21,24,25,16,12,13,8,
1,21,24,25,22,23,
1,21,25,1,
1,21,25,6,
4,21,25,22,
1,21,25,22,23,
5,21,25,23,
2,21,25,23,22,24,
5,21,25,24,
1,21,25,24,22,
1,21,25,24,23,22,
1,22,1,16,
1,22,1,20,
1,22,2,5,
1,22,3,13,18,
1,22,4,14,9,11,
1,22,5,25,
1,22,11,1,2,
1,22,11,1,6,
1,22,11,23,12,
1,22,13,7,1,16,
1,22,14,7,5,
1,22,17,9,5,
1,22,18,12,6,
1,22,19,17,20,
2,22,21,23,
2,22,21,23,24,
1,22,21,23,24,25,
1,22,21,23,25,24,
4,22,21,24,
1,22,21,24,23,25,
2,22,21,25,
3,22,23,21,
1,22,23,21,1,
1,22,23,21,24,
1,22,23,21,24,25,3,2,4,5,1,15,9,13,7,11,10,14,8,12,6,20,18,17,16,19,
5,22,23,24,
2,22,23,24,21,
1,22,23,24,25,
2,22,23,24,25,21,
1,22,23,24,25,21,2,1,3,4,5,
1,22,23,25,
1,22,24,16,
1,22,24,21,
4,22,24,23,
1,22,24,23,21,25,
1,22,24,25,
1,22,24,25,16,
1,22,24,25,23,
1,22,24,25,23,21,
1,22,25,13,24,
1,22,25,17,
1,22,25,21,23,
1,23,1,3,
1,23,1,24,
1,23,2,3,
1,23,4,1,
1,23,6,20,
1,23,9,5,
1,23,9,10,11,
1,23,15,9,
1,23,20,21,
1,23,21,19,2,
1,23,21,22,
1,23,21,22,24,25,
1,23,21,24,22,25,
1,23,22,2,
1,23,22,3,
3,23,22,21,24,25,
1,23,22,21,25,24,
1,23,22,21,25,24,5,3,2,8,9,6,14,15,1,4,10,7,13,12,11,
4,23,22,24,
1,23,22,24,21,
4,23,22,24,21,25,
2,23,22,24,25,
1,23,22,24,25,21,
1,23,22,24,25,21,6,
2,23,24,22,
1,23,24,22,21,25,
1,23,24,22,25,21,
1,23,24,25,22,
1,23,25,5,
1,23,25,21,
1,23,25,21,22,
1,23,25,21,22,24,
4,23,25,24,
1,24,16,6,
1,24,17,9,2,
1,24,21,22,23,25,
1,24,21,22,25,
1,24,22,21,25,23,10,7,6,9,8,14,13,12,11,15,4,1,2,3,5,20,19,18,17,16,
1,24,22,23,
2,24,22,23,21,25,
1,24,23,21,
2,24,23,22,
1,24,25,22,21,23,
1,25,3,4,5,
1,25,5,20,10,
1,25,15,1,
1,25,16,1,
1,25,21,7,
2,25,21,22,
2,25,21,22,23,24,
1,25,21,23,
1,25,21,23,22,
1,25,21,23,22,24,
1,25,21,23,24,22,
1,25,21,24,
1,25,22,21,24,23,
1,25,23,22,21,
1,25,23,24,
1,25,24,23,
1,25,24,23,22,21,
1,25,24,23,22,21,5,4,3,2,1,15,10,9,14,13,8,7,12,11,6,20,19,18,17,16,
Candidate 1,THAIN John,LABOR,
Candidate 2,COOK Robin,LABOR,
Candidate 3,QUINLIVAN Kyra,LABOR,
Candidate 4,HULLS Bradley,LABOR,
Candidate 5,FOX Laine,LABOR,
Candidate 6,CARDWELL Amanda,B,
Candidate 7,RAJAGOPALAN Geetha,B,
Candidate 8,MONTELEONE Josie,B,
Candidate 9,CURTIS Elizabeth,B,
Candidate 10,CARDWELL Ross,B,
Candidate 11,GARDINER Glenn,C,
Candidate 12,CRAMERI Kevin,C,
Candidate 13,GRIGGS Damian,C,
Candidate 14,THAKKAR Varun,C,
Candidate 15,MURPHY Barbara,C,
Candidate 16,FOWLER Ross,LIBERAL,
Candidate 17,NUTTALL Reece,LIBERAL,
Candidate 18,GOLDING Dennis,LIBERAL,
Candidate 19,GOLDING Enid,LIBERAL,
Candidate 20,FLETCHER Julie,LIBERAL,
Candidate 21,JAFFERY Shafaq,THE GREENS,
Candidate 22,BEST Nick,THE GREENS,
Candidate 23,WILSON Jacquie,THE GREENS,
Candidate 24,MAURICE David,THE GREENS,
Candidate 25,ABDUL Zeeshan,THE GREENS,
NSW Local Government 2024 City of Penrith - North Ward,
