32,9,
2,1,
1,1,2,3,
1354,1,2,3,4,5,
16,1,2,3,4,5,6,7,8,9,10,
3,1,2,3,4,5,6,7,8,9,10,11,12,13,14,15,16,17,18,19,20,21,22,23,24,25,26,
42,1,2,3,4,5,6,7,8,9,10,11,12,13,14,15,16,17,18,19,20,21,22,23,24,25,26,27,28,29,30,31,32,
1,1,2,3,4,5,6,7,8,9,10,11,12,13,14,15,21,22,23,24,25,26,27,28,29,30,31,32,16,17,18,19,20,
1,1,2,3,4,5,6,7,8,9,10,11,12,13,14,15,27,28,29,30,31,32,16,17,18,19,20,21,22,23,24,25,26,
1,1,2,3,4,5,6,7,8,9,10,16,17,18,19,20,
2,1,2,3,4,5,6,7,8,9,10,16,17,18,19,20,11,12,13,14,15,21,22,23,24,25,26,27,28,29,30,31,32,
1,1,2,3,4,5,6,7,8,9,10,16,17,18,19,20,11,12,13,14,15,27,28,29,30,31,32,21,22,23,24,25,26,
1,1,2,3,4,5,6,7,8,9,10,16,17,18,19,20,21,22,23,24,25,26,11,12,13,14,15,
1,1,2,3,4,5,6,7,8,9,10,16,17,18,19,20,21,22,23,24,25,26,27,28,29,30,31,32,11,12,13,14,15,
1,1,2,3,4,5,6,7,8,9,10,21,22,23,24,25,26,
1,1,2,3,4,5,6,7,8,9,10,21,22,23,24,25,26,11,12,13,14,15,16,17,18,19,20,27,28,29,30,31,32,
1,1,2,3,4,5,6,7,8,9,10,21,22,23,24,25,26,27,28,29,30,31,32,11,12,13,14,15,16,17,18,19,20,
2,1,2,3,4,5,6,7,8,9,10,21,22,23,24,25,26,27,28,29,30,31,32,16,17,18,19,20,11,12,13,14,15,
1,1,2,3,4,5,6,7,8,9,10,27,28,29,30,31,32,11,12,13,14,15,16,17,18,19,20,21,22,23,24,25,26,
1,1,2,3,4,5,6,7,8,9,10,27,28,29,30,31,32,16,17,18,19,20,21,22,23,24,25,26,11,12,13,14,15,
2,1,2,3,4,5,6,7,8,9,10,27,28,29,30,31,32,21,22,23,24,25,26,16,17,18,19,20,11,12,13,14,15,
5,1,2,3,4,5,11,12,13,14,15,
1,1,2,3,4,5,11,12,13,14,15,6,7,8,9,10,
11,1,2,3,4,5,11,12,13,14,15,6,7,8,9,10,16,17,18,19,20,21,22,23,24,25,26,27,28,29,30,31,32,
2,1,2,3,4,5,11,12,13,14,15,6,7,8,9,10,16,17,18,19,20,27,28,29,30,31,32,21,22,23,24,25,26,
1,1,2,3,4,5,11,12,13,14,15,6,7,8,9,10,21,22,23,24,25,26,16,17,18,19,20,27,28,29,30,31,32,
1,1,2,3,4,5,11,12,13,14,15,6,7,8,9,10,21,22,23,24,25,26,27,28,29,30,31,32,16,17,18,19,20,
2,1,2,3,4,5,11,12,13,14,15,6,7,8,9,10,27,28,29,30,31,32,21,22,23,24,25,26,16,17,18,19,20,
3,1,2,3,4,5,11,12,13,14,15,16,17,18,19,20,6,7,8,9,10,21,22,23,24,25,26,27,28,29,30,31,32,
2,1,2,3,4,5,11,12,13,14,15,16,17,18,19,20,21,22,23,24,25,26,6,7,8,9,10,27,28,29,30,31,32,
1,1,2,3,4,5,11,12,13,14,15,16,17,18,19,20,27,28,29,30,31,32,
1,1,2,3,4,5,11,12,13,14,15,16,17,18,19,20,27,28,29,30,31,32,21,22,23,24,25,26,
1,1,2,3,4,5,11,12,13,14,15,16,17,18,19,20,27,28,29,30,31,32,21,22,23,24,25,26,6,7,8,9,10,
9,1,2,3,4,5,11,12,13,14,15,21,22,23,24,25,26,6,7,8,9,10,16,17,18,19,20,27,28,29,30,31,32,
1,1,2,3,4,5,11,12,13,14,15,21,22,23,24,25,26,6,7,8,9,10,27,28,29,30,31,32,16,17,18,19,20,
3,1,2,3,4,5,11,12,13,14,15,21,22,23,24,25,26,16,17,18,19,20,6,7,8,9,10,27,28,29,30,31,32,
1,1,2,3,4,5,11,12,13,14,15,21,22,23,24,25,26,16,17,18,19,20,27,28,29,30,31,32,
1,1,2,3,4,5,11,12,13,14,15,21,22,23,24,25,26,27,28,29,30,31,32,16,17,18,19,20,6,7,8,9,10,
1,1,2,3,4,5,11,12,13,14,15,27,28,29,30,31,32,6,7,8,9,10,16,17,18,19,20,21,22,23,24,25,26,
2,1,2,3,4,5,11,12,13,14,15,27,28,29,30,31,32,6,7,8,9,10,21,22,23,24,25,26,16,17,18,19,20,
1,1,2,3,4,5,11,12,13,14,15,27,28,29,30,31,32,21,22,23,24,25,26,6,7,8,9,10,16,17,18,19,20,
2,1,2,3,4,5,11,12,13,14,15,27,28,29,30,31,32,21,22,23,24,25,26,16,17,18,19,20,6,7,8,9,10,
11,1,2,3,4,5,16,17,18,19,20,
5,1,2,3,4,5,16,17,18,19,20,6,7,8,9,10,11,12,13,14,15,21,22,23,24,25,26,27,28,29,30,31,32,
3,1,2,3,4,5,16,17,18,19,20,6,7,8,9,10,11,12,13,14,15,27,28,29,30,31,32,21,22,23,24,25,26,
1,1,2,3,4,5,16,17,18,19,20,6,7,8,9,10,21,22,23,24,25,26,27,28,29,30,31,32,11,12,13,14,15,
1,1,2,3,4,5,16,17,18,19,20,6,7,8,9,10,27,28,29,30,31,32,21,22,23,24,25,26,11,12,13,14,15,
2,1,2,3,4,5,16,17,18,19,20,11,12,13,14,15,6,7,8,9,10,21,22,23,24,25,26,27,28,29,30,31,32,
1,1,2,3,4,5,16,17,18,19,20,11,12,13,14,15,21,22,23,24,25,26,6,7,8,9,10,27,28,29,30,31,32,
1,1,2,3,4,5,16,17,18,19,20,21,22,23,24,25,26,6,7,8,9,10,27,28,29,30,31,32,11,12,13,14,15,
1,1,2,3,4,5,16,17,18,19,20,21,22,23,24,25,26,11,12,13,14,15,6,7,8,9,10,
1,1,2,3,4,5,16,17,18,19,20,21,22,23,24,25,26,11,12,13,14,15,6,7,8,9,10,27,28,29,30,31,32,
1,1,2,3,4,5,16,17,18,19,20,21,22,23,24,25,26,11,12,13,14,15,27,28,29,30,31,32,6,7,8,9,10,
1,1,2,3,4,5,16,17,18,19,20,21,22,23,24,25,26,27,28,29,30,31,32,6,7,8,9,10,11,12,13,14,15,
2,1,2,3,4,5,16,17,18,19,20,21,22,23,24,25,26,27,28,29,30,31,32,11,12,13,14,15,6,7,8,9,10,
3,1,2,3,4,5,16,17,18,19,20,27,28,29,30,31,32,
2,1,2,3,4,5,16,17,18,19,20,27,28,29,30,31,32,6,7,8,9,10,11,12,13,14,15,21,22,23,24,25,26,
2,1,2,3,4,5,16,17,18,19,20,27,28,29,30,31,32,11,12,13,14,15,6,7,8,9,10,21,22,23,24,25,26,
1,1,2,3,4,5,16,17,18,19,20,27,28,29,30,31,32,21,22,23,24,25,26,6,7,8,9,10,11,12,13,14,15,
1,1,2,3,4,5,16,17,18,19,20,27,28,29,30,31,32,21,22,23,24,25,26,11,12,13,14,15,6,7,8,9,10,
15,1,2,3,4,5,21,22,23,24,25,26,
3,1,2,3,4,5,21,22,23,24,25,26,6,7,8,9,10,11,12,13,14,15,16,17,18,19,20,27,28,29,30,31,32,
3,1,2,3,4,5,21,22,23,24,25,26,6,7,8,9,10,16,17,18,19,20,11,12,13,14,15,27,28,29,30,31,32,
1,1,2,3,4,5,21,22,23,24,25,26,6,7,8,9,10,16,17,18,19,20,27,28,29,30,31,32,11,12,13,14,15,
1,1,2,3,4,5,21,22,23,24,25,26,6,7,8,9,10,27,28,29,30,31,32,15,14,13,12,11,16,17,18,19,20,
2,1,2,3,4,5,21,22,23,24,25,26,6,7,8,9,10,27,28,29,30,31,32,16,17,18,19,20,11,12,13,14,15,
1,1,2,3,4,5,21,22,23,24,25,26,11,12,13,14,15,16,17,18,19,20,6,7,8,9,10,27,28,29,30,31,32,
2,1,2,3,4,5,21,22,23,24,25,26,11,12,13,14,15,27,28,29,30,31,32,6,7,8,9,10,16,17,18,19,20,
1,1,2,3,4,5,21,22,23,24,25,26,16,17,18,19,20,
1,1,2,3,4,5,21,22,23,24,25,26,16,17,18,19,20,6,7,8,9,10,11,12,13,14,15,
1,1,2,3,4,5,21,22,23,24,25,26,16,17,18,19,20,6,7,8,9,10,11,12,13,14,15,27,28,29,30,31,32,
1,1,2,3,4,5,21,22,23,24,25,26,16,17,18,19,20,27,28,29,30,31,32,6,7,8,9,10,11,12,13,14,15,
1,1,2,3,4,5,21,22,23,24,25,26,27,28,29,30,31,32,
4,1,2,3,4,5,21,22,23,24,25,26,27,28,29,30,31,32,6,7,8,9,10,11,12,13,14,15,16,17,18,19,20,
2,1,2,3,4,5,21,22,23,24,25,26,27,28,29,30,31,32,16,17,18,19,20,11,12,13,14,15,6,7,8,9,10,
2,1,2,3,4,5,21,22,23,26,
1,1,2,3,4,5,21,23,26,27,
1,1,2,3,4,5,27,21,
30,1,2,3,4,5,27,28,29,30,31,32,
1,1,2,3,4,5,27,28,29,30,31,32,6,7,8,9,10,11,12,13,14,15,
7,1,2,3,4,5,27,28,29,30,31,32,6,7,8,9,10,11,12,13,14,15,16,17,18,19,20,21,22,23,24,25,26,
1,1,2,3,4,5,27,28,29,30,31,32,6,7,8,9,10,16,17,18,19,20,11,12,13,14,15,21,22,23,24,25,26,
3,1,2,3,4,5,27,28,29,30,31,32,6,7,8,9,10,21,22,23,24,25,26,11,12,13,14,15,16,17,18,19,20,
2,1,2,3,4,5,27,28,29,30,31,32,11,12,13,14,15,6,7,8,9,10,16,17,18,19,20,21,22,23,24,25,26,
1,1,2,3,4,5,27,28,29,30,31,32,11,12,13,14,15,16,17,18,19,20,6,7,8,9,10,21,22,23,24,25,26,
1,1,2,3,4,5,27,28,29,30,31,32,11,12,13,14,15,21,22,23,24,25,26,6,7,8,9,10,16,17,18,19,20,
1,1,2,3,4,5,27,28,29,30,31,32,11,12,13,14,15,21,22,23,24,25,26,16,17,18,19,20,6,7,8,9,10,
2,1,2,3,4,5,27,28,29,30,31,32,16,17,18,19,20,
6,1,2,3,4,5,27,28,29,30,31,32,16,17,18,19,20,6,7,8,9,10,11,12,13,14,15,21,22,23,24,25,26,
1,1,2,3,4,5,27,28,29,30,31,32,16,17,18,19,20,11,12,13,14,15,6,7,8,9,10,21,22,23,24,25,26,
1,1,2,3,4,5,27,28,29,30,31,32,16,17,18,19,20,21,22,23,24,25,26,6,7,8,9,10,11,12,13,14,15,
2,1,2,3,4,5,27,28,29,30,31,32,16,17,18,19,20,21,22,23,24,25,26,11,12,13,14,15,6,7,8,9,10,
2,1,2,3,4,5,27,28,29,30,31,32,21,22,23,24,25,26,
3,1,2,3,4,5,27,28,29,30,31,32,21,22,23,24,25,26,6,7,8,9,10,11,12,13,14,15,16,17,18,19,20,
1,1,2,3,4,5,27,28,29,30,31,32,21,22,23,24,25,26,6,7,8,9,10,16,17,18,19,20,11,12,13,14,15,
2,1,2,3,4,5,27,28,29,30,31,32,21,22,23,24,25,26,11,12,13,14,15,16,17,18,19,20,6,7,8,9,10,
7,1,2,3,4,5,27,28,29,30,31,32,21,22,23,24,25,26,16,17,18,19,20,11,12,13,14,15,6,7,8,9,10,
1,1,2,3,6,17,23,22,29,
1,1,2,3,22,21,4,5,23,24,25,
1,1,2,3,27,12,
1,1,2,4,3,5,
2,1,2,4,5,3,
1,1,2,4,5,3,21,
1,1,2,4,5,3,21,22,23,24,25,26,27,28,29,30,31,32,11,12,13,14,15,
1,1,2,4,5,25,
1,1,2,5,3,4,
1,1,2,12,22,21,
1,1,2,13,22,16,
1,1,2,13,27,26,
1,1,2,16,17,11,
1,1,2,16,17,22,32,4,18,5,
1,1,2,16,20,19,
1,1,2,17,27,23,
1,1,2,18,27,22,3,4,5,
1,1,2,18,27,32,
1,1,2,21,8,26,
1,1,2,21,22,16,
3,1,2,21,22,16,17,
1,1,2,21,22,23,3,4,24,25,
1,1,2,21,22,23,3,16,24,25,26,4,5,
1,1,2,21,22,25,23,
1,1,2,21,22,27,
1,1,2,21,27,22,
1,1,2,22,4,5,
1,1,2,22,6,9,17,32,21,5,
1,1,2,22,20,3,
1,1,2,22,21,25,
1,1,2,22,26,21,5,
1,1,2,25,3,5,
1,1,2,27,3,4,
1,1,2,27,3,16,
1,1,2,27,28,6,
8,1,3,2,4,5,
5,1,3,2,5,4,
1,1,3,4,2,5,
3,1,3,4,5,2,
1,1,3,4,9,10,
3,1,3,5,4,2,
1,1,3,7,12,27,16,22,
1,1,3,16,27,6,
1,1,3,21,
2,1,4,2,3,5,
2,1,4,2,5,3,
2,1,4,3,2,5,
2,1,4,5,3,2,
1,1,4,9,12,16,
1,1,4,11,16,21,
1,1,5,2,3,4,
5,1,5,2,4,3,
4,1,5,3,4,2,
1,1,5,4,2,3,
1,1,5,4,3,2,
1,1,5,16,17,2,13,7,19,
1,1,5,27,6,32,
1,1,5,27,31,25,16,
1,1,6,2,7,3,
1,1,6,7,8,9,10,
1,1,6,11,
1,1,6,11,16,17,
4,1,6,11,16,21,
1,1,6,11,16,21,27,
1,1,6,11,16,21,27,2,
1,1,6,11,16,22,27,
1,1,6,11,17,21,27,28,22,12,7,2,3,8,13,18,23,29,30,24,19,14,9,4,5,
1,1,6,11,21,16,17,18,12,2,
1,1,6,13,16,27,31,
1,1,6,13,20,23,
1,1,6,16,17,21,
1,1,6,16,17,21,22,27,2,31,
1,1,6,16,21,27,
1,1,6,17,2,20,4,16,5,3,
1,1,6,20,27,2,
1,1,6,21,2,17,22,3,13,16,23,24,25,26,4,5,7,8,9,10,18,19,20,15,14,12,32,31,30,29,28,27,11,
1,1,6,21,2,17,32,
1,1,6,21,16,11,27,
1,1,6,26,3,21,
1,1,6,27,11,16,
1,1,6,27,28,29,
1,1,7,11,16,23,28,
1,1,7,12,18,24,27,
1,1,7,13,16,22,29,
1,1,7,13,17,24,
1,1,7,13,19,24,32,
1,1,7,13,19,25,
1,1,7,13,19,25,32,
1,1,7,15,16,23,27,
1,1,7,18,24,31,5,
1,1,8,11,19,23,
1,1,8,13,18,22,29,
1,1,9,12,17,22,
1,1,9,14,23,27,
1,1,9,27,29,3,7,10,6,19,17,
1,1,10,15,18,31,
1,1,10,22,9,7,
1,1,10,27,8,23,
1,1,11,6,16,21,
1,1,11,6,16,21,27,
1,1,11,13,27,26,
1,1,11,16,21,7,
1,1,11,16,28,17,
1,1,11,19,30,27,
1,1,11,20,6,27,
1,1,11,20,27,16,
1,1,11,27,2,13,
1,1,11,27,5,13,
1,1,11,27,16,6,21,
1,1,11,27,21,32,
1,1,11,31,27,16,
1,1,11,32,2,6,
1,1,12,27,16,3,
1,1,12,27,20,16,
1,1,12,27,22,18,
1,1,13,6,17,25,
1,1,13,16,17,21,
1,1,13,16,27,32,31,
1,1,16,2,17,21,
1,1,16,5,17,21,
1,1,16,6,11,27,17,2,
1,1,16,17,19,20,
1,1,16,17,20,30,
1,1,16,17,21,3,
1,1,16,17,27,6,
1,1,16,17,30,13,
1,1,16,19,14,12,
1,1,16,20,27,4,
1,1,16,21,10,17,
1,1,16,21,27,22,25,13,23,
1,1,16,22,2,21,
1,1,16,22,24,3,
1,1,16,27,17,32,
1,1,16,27,21,11,6,
1,1,16,27,22,17,13,3,4,19,
1,1,17,2,27,11,
1,1,17,9,23,27,
1,1,17,16,22,11,
1,1,17,16,27,2,
1,1,17,27,16,3,
1,1,17,27,20,11,
1,1,18,4,17,27,
1,1,18,12,8,21,32,
1,1,18,20,4,16,28,31,23,6,
1,1,19,27,6,21,
1,1,20,25,2,3,9,22,10,8,
1,1,20,31,21,16,
1,1,21,2,22,3,
1,1,21,2,22,3,23,4,24,5,25,26,
1,1,21,2,22,23,3,24,4,5,25,26,10,9,8,7,6,20,19,17,16,15,14,13,12,11,32,31,30,29,27,28,
1,1,21,5,25,2,
1,1,21,11,27,6,
1,1,21,16,2,3,
1,1,21,16,2,22,4,
1,1,21,22,2,20,
1,1,21,22,2,23,3,4,5,24,25,26,
1,1,21,22,16,27,
1,1,21,22,23,2,
1,1,21,22,23,2,16,
1,1,21,26,5,6,
1,1,21,27,2,28,
1,1,21,27,16,25,30,
1,1,21,27,28,17,
1,1,21,30,5,4,3,
1,1,21,31,13,19,
1,1,22,2,21,27,
1,1,22,6,2,3,
1,1,22,17,2,16,
1,1,22,21,11,26,
1,1,22,21,16,27,
1,1,22,27,21,17,
1,1,23,2,21,22,24,25,26,3,4,5,
1,1,23,17,14,26,24,
1,1,24,2,4,21,
1,1,27,
1,1,27,2,3,4,
1,1,27,2,6,11,
1,1,27,2,22,32,20,6,
1,1,27,2,28,29,
1,1,27,3,17,16,
1,1,27,16,2,17,
1,1,27,16,6,22,11,17,
1,1,27,16,11,6,
1,1,27,16,13,22,9,10,
1,1,27,16,17,32,11,
1,1,27,16,28,17,11,
1,1,27,16,28,29,
1,1,27,17,3,12,19,
1,1,27,17,16,22,21,12,
1,1,27,18,22,17,
1,1,27,21,2,3,
1,1,27,21,7,14,
1,1,27,21,11,6,16,
1,1,27,21,16,13,
1,1,27,21,16,17,
1,1,27,22,3,30,
1,1,27,22,6,17,
1,1,27,22,6,31,
5,1,27,22,21,6,28,2,31,3,
1,1,27,28,16,21,
1,1,27,30,22,21,
1,1,27,31,16,20,11,
1,1,28,5,4,25,
1,1,29,6,27,22,
1,1,31,6,5,9,10,
1,1,32,31,13,17,
1,2,
16,2,1,3,4,5,
1,2,1,3,4,5,22,11,17,16,
1,2,1,3,4,5,22,21,23,24,25,26,17,19,27,32,13,7,8,9,10,14,16,18,20,28,29,30,31,11,12,15,6,
2,2,1,3,5,4,
1,2,1,3,22,24,4,5,23,21,25,26,27,28,29,30,31,32,16,17,18,19,20,11,12,13,14,15,10,9,8,7,6,
3,2,1,4,3,5,
5,2,1,4,5,3,
1,2,1,5,3,4,
4,2,1,5,4,3,
1,2,1,5,4,3,22,26,25,24,23,21,11,12,13,14,15,32,31,30,29,28,27,10,9,8,7,6,20,19,18,17,16,
1,2,1,6,16,8,
1,2,1,6,16,17,
1,2,1,7,17,27,
1,2,1,16,17,6,
1,2,1,16,17,18,19,3,4,6,
1,2,1,17,21,18,
1,2,1,22,5,4,
1,2,1,22,11,21,23,
1,2,1,22,13,11,
1,2,1,22,21,3,
1,2,1,27,6,22,
1,2,1,27,16,17,
1,2,1,30,23,4,
4,2,3,1,4,5,
1,2,3,1,17,21,22,16,
1,2,3,4,1,5,
2,2,3,4,5,1,
1,2,3,16,18,27,21,22,
1,2,3,16,27,25,
1,2,3,21,1,22,4,23,
1,2,3,21,22,27,13,
1,2,3,21,27,28,
1,2,3,23,1,22,
1,2,3,23,22,1,
1,2,3,27,1,22,21,16,18,
1,2,3,27,21,22,13,
2,2,4,1,3,5,
1,2,4,3,1,5,
1,2,4,3,5,1,
2,2,4,5,3,1,
1,2,4,22,25,17,
1,2,5,1,21,22,
2,2,5,3,1,4,
1,2,5,4,1,3,
1,2,5,4,3,1,
1,2,5,4,3,1,21,
1,2,5,21,22,23,
1,2,6,1,27,8,
1,2,6,11,17,22,27,31,13,18,23,
1,2,6,12,16,17,18,31,11,5,3,13,20,19,21,22,24,25,26,23,29,14,15,7,8,9,10,1,4,28,30,32,27,
1,2,6,14,21,27,
1,2,6,27,17,16,
1,2,6,27,21,16,
1,2,6,28,1,20,22,
1,2,6,31,27,1,
1,2,7,12,17,22,28,
1,2,8,6,17,16,
1,2,8,13,16,21,27,
1,2,9,11,20,23,
1,2,9,12,20,23,27,
1,2,10,13,18,23,32,
1,2,10,17,23,13,
1,2,11,1,16,24,
1,2,11,16,17,20,
1,2,11,16,17,31,27,1,6,10,13,22,7,
1,2,11,27,31,12,13,14,15,
1,2,11,28,16,31,
1,2,13,16,17,11,
1,2,13,16,17,27,21,
1,2,13,18,23,28,
1,2,13,30,16,17,
1,2,15,20,7,4,
1,2,16,17,3,18,4,19,1,27,
1,2,16,17,21,1,6,
1,2,16,20,17,1,19,18,32,31,
1,2,16,21,1,17,
1,2,16,27,6,17,
1,2,16,27,11,21,
1,2,17,13,20,32,
1,2,17,16,12,3,
1,2,17,16,27,1,
1,2,17,18,19,20,
1,2,17,27,1,7,21,
1,2,17,30,3,22,
1,2,18,6,1,3,
1,2,18,16,22,20,17,6,28,31,
1,2,18,20,1,16,
1,2,19,6,12,25,28,
1,2,19,17,16,3,
1,2,20,22,27,18,
1,2,20,25,1,11,
1,2,20,27,17,16,
1,2,21,1,5,23,
1,2,21,1,26,23,
1,2,21,16,17,1,22,18,19,20,
1,2,21,22,1,3,
1,2,21,22,1,20,17,5,
1,2,21,22,1,23,
1,2,21,22,1,23,24,25,26,27,
1,2,21,22,3,1,4,23,24,25,5,26,
1,2,21,22,3,23,24,1,4,5,25,26,
1,2,21,22,13,1,
3,2,21,22,23,24,25,26,
1,2,21,22,23,26,1,3,4,5,24,25,
2,2,22,1,3,4,
1,2,22,1,3,4,6,
1,2,22,1,3,6,
1,2,22,1,3,21,23,
1,2,22,1,5,4,3,26,25,24,23,21,20,19,18,17,16,10,9,8,7,6,15,14,13,12,11,32,31,30,29,28,27,
1,2,22,1,10,19,
1,2,22,1,21,3,
1,2,22,1,21,3,23,
1,2,22,1,21,23,
1,2,22,3,1,21,
1,2,22,3,21,1,
2,2,22,4,5,6,
1,2,22,6,27,3,
1,2,22,6,27,30,
1,2,22,12,18,1,11,21,6,27,
1,2,22,13,5,20,
2,2,22,13,27,6,
1,2,22,13,27,6,17,
1,2,22,14,19,30,
1,2,22,16,6,3,
3,2,22,17,21,16,
1,2,22,17,31,4,
1,2,22,18,16,17,3,
1,2,22,18,27,28,
1,2,22,21,1,3,
1,2,22,21,1,3,4,5,23,17,16,
4,2,22,21,1,23,
1,2,22,21,1,23,3,
1,2,22,21,3,4,1,
1,2,22,21,23,26,24,25,19,1,16,3,4,5,
1,2,22,21,27,23,
1,2,22,23,3,21,
1,2,22,23,21,17,
1,2,22,23,21,24,5,4,3,1,25,26,6,7,8,9,10,15,11,12,13,14,27,20,18,29,31,30,19,16,17,28,32,
1,2,22,26,21,13,
1,2,22,27,1,28,
1,2,22,27,16,6,
1,2,22,27,30,19,
1,2,22,30,1,16,
1,2,23,1,21,3,
1,2,23,21,1,22,
1,2,23,28,16,20,
1,2,24,1,3,4,5,21,22,23,25,26,
1,2,27,11,13,20,
1,2,27,16,17,19,
1,2,27,20,1,28,
1,2,27,21,10,28,
1,2,27,21,17,11,7,
1,2,27,22,16,17,20,
1,2,27,28,21,29,20,
1,2,27,29,32,31,28,
1,2,28,22,27,1,
1,2,28,27,31,21,
1,3,
2,3,1,2,4,5,
1,3,1,2,4,5,21,22,23,27,
1,3,1,4,17,19,20,2,5,18,
1,3,2,1,4,5,
1,3,2,1,5,4,8,7,6,9,10,11,13,12,14,15,16,19,18,17,20,22,21,25,24,23,27,31,30,29,28,
1,3,2,1,22,7,8,13,12,9,17,10,19,32,30,23,27,24,26,5,4,15,20,31,29,28,14,18,16,11,6,25,
1,3,2,5,1,4,8,
1,3,2,16,17,6,
3,3,2,20,12,28,
1,3,2,21,1,4,
1,3,4,1,2,5,
1,3,6,12,16,21,
1,3,6,12,17,14,
1,3,6,13,16,27,21,
1,3,6,14,18,28,
1,3,6,27,17,13,
1,3,8,12,19,21,
1,3,8,13,18,29,
1,3,8,14,19,25,31,
1,3,9,11,18,23,29,
1,3,9,13,17,30,
1,3,10,11,20,24,27,
1,3,11,16,29,23,
1,3,11,24,27,9,
1,3,13,1,20,19,
1,3,16,27,25,20,
1,3,19,11,30,16,
2,3,20,16,27,17,1,
1,3,21,22,18,14,
1,3,27,1,21,13,
1,3,32,20,15,10,
1,4,1,10,27,21,
1,4,2,1,3,5,
1,4,3,5,2,1,
1,4,6,8,16,18,
1,4,6,13,18,23,29,
1,4,6,20,26,32,13,
1,4,9,17,29,23,13,
1,4,14,28,30,3,
1,4,16,17,20,27,
1,4,20,3,31,28,
1,5,1,4,3,2,
1,5,1,21,2,32,
1,5,1,27,32,16,17,6,3,9,
1,5,3,4,2,1,
1,5,4,2,1,3,
1,5,4,2,1,3,8,13,18,23,29,6,11,16,21,27,32,26,20,15,10,7,12,9,14,17,28,22,24,25,30,31,19,
1,5,4,2,10,9,8,7,6,3,20,
1,5,4,3,2,1,
1,5,6,15,18,23,
1,5,8,11,20,21,27,
1,5,8,14,28,18,
1,5,10,13,18,25,
1,5,10,15,20,11,27,
1,5,10,15,20,26,
1,5,32,10,20,15,26,4,
4,6,1,2,11,30,
1,6,1,16,22,27,
1,6,1,16,27,11,17,
1,6,1,17,16,3,20,27,4,23,8,
1,6,1,21,16,5,
1,6,1,27,2,11,
1,6,1,27,17,3,16,8,
1,6,1,27,23,24,
1,6,1,32,9,16,
1,6,1,32,29,20,
1,6,2,7,8,10,
1,6,2,16,17,3,1,8,
1,6,2,16,17,22,23,12,3,1,
1,6,2,22,7,8,9,10,5,4,3,1,20,19,18,17,16,15,14,13,12,11,26,25,24,23,21,32,31,30,29,28,27,
1,6,2,22,9,8,
1,6,2,22,17,16,1,11,27,31,13,10,
1,6,2,27,31,21,
1,6,2,28,30,27,31,11,13,16,17,1,
1,6,3,4,7,16,17,
1,6,3,23,30,1,
1,6,5,27,16,20,
1,6,7,2,22,27,
373,6,7,8,9,10,
10,6,7,8,9,10,1,2,3,4,5,
1,6,7,8,9,10,1,2,3,4,5,11,12,13,14,15,16,17,18,19,20,21,22,23,24,25,26,
13,6,7,8,9,10,1,2,3,4,5,11,12,13,14,15,16,17,18,19,20,21,22,23,24,25,26,27,28,29,30,31,32,
2,6,7,8,9,10,1,2,3,4,5,11,12,13,14,15,21,22,23,24,25,26,16,17,18,19,20,27,28,29,30,31,32,
3,6,7,8,9,10,1,2,3,4,5,11,12,13,14,15,21,22,23,24,25,26,27,28,29,30,31,32,16,17,18,19,20,
1,6,7,8,9,10,1,2,3,4,5,16,17,18,19,20,11,12,13,14,15,27,28,29,30,31,32,
1,6,7,8,9,10,1,2,3,4,5,16,17,18,19,20,11,12,13,14,15,27,28,29,30,31,32,21,22,23,24,25,26,
1,6,7,8,9,10,1,2,3,4,5,21,22,23,24,25,26,11,12,13,14,15,16,17,18,19,20,
2,6,7,8,9,10,1,2,3,4,5,21,22,23,24,25,26,16,17,18,19,20,11,12,13,14,15,27,28,29,30,31,32,
4,6,7,8,9,10,11,12,13,14,15,
1,6,7,8,9,10,11,12,13,14,15,1,2,3,4,5,16,17,18,19,20,21,22,23,24,25,26,
4,6,7,8,9,10,11,12,13,14,15,1,2,3,4,5,16,17,18,19,20,21,22,23,24,25,26,27,28,29,30,31,32,
1,6,7,8,9,10,11,12,13,14,15,1,2,3,4,5,21,22,23,24,25,26,16,17,18,19,20,27,28,29,30,31,32,
2,6,7,8,9,10,11,12,13,14,15,16,17,18,19,20,
1,6,7,8,9,10,11,12,13,14,15,16,17,18,19,20,21,22,23,24,25,26,1,2,3,4,5,27,28,29,30,31,32,
1,6,7,8,9,10,11,12,13,14,15,16,17,18,19,20,21,22,23,24,25,26,27,28,29,30,31,32,
4,6,7,8,9,10,11,12,13,14,15,16,17,18,19,20,27,28,29,30,31,32,21,22,23,24,25,26,1,2,3,4,5,
1,6,7,8,9,10,11,12,13,14,15,21,22,23,24,25,26,16,17,18,19,20,1,2,3,4,5,27,28,29,30,31,32,
1,6,7,8,9,10,11,12,13,14,15,21,22,23,24,25,26,27,28,29,30,31,32,16,17,18,19,20,1,2,3,4,5,
2,6,7,8,9,10,11,12,13,14,15,27,28,29,30,31,32,1,2,3,4,5,16,17,18,19,20,21,22,23,24,25,26,
1,6,7,8,9,10,15,
8,6,7,8,9,10,16,17,18,19,20,
1,6,7,8,9,10,16,17,18,19,20,1,2,3,4,5,11,12,13,14,15,21,22,23,24,25,26,27,28,29,30,31,32,
2,6,7,8,9,10,16,17,18,19,20,11,12,13,14,15,
1,6,7,8,9,10,16,17,18,19,20,11,12,13,14,15,1,2,3,4,5,21,22,23,24,25,26,27,28,29,30,31,32,
1,6,7,8,9,10,16,17,18,19,20,11,12,13,14,15,21,22,23,24,25,26,1,2,3,4,5,27,28,29,30,31,32,
1,6,7,8,9,10,16,17,18,19,20,11,12,13,14,15,21,22,23,24,25,26,27,28,29,30,31,32,1,2,3,4,5,
1,6,7,8,9,10,16,17,18,19,20,11,12,13,14,15,27,28,29,30,31,32,1,2,3,4,5,21,22,23,24,25,26,
1,6,7,8,9,10,16,17,18,19,20,21,22,23,24,25,26,11,12,13,14,15,1,2,3,4,5,
2,6,7,8,9,10,16,17,18,19,20,21,22,23,24,25,26,11,12,13,14,15,1,2,3,4,5,27,28,29,30,31,32,
1,6,7,8,9,10,16,17,18,19,20,21,22,23,24,25,26,27,28,29,30,31,32,11,12,13,14,15,1,2,3,4,5,
1,6,7,8,9,10,16,17,18,19,20,27,28,29,30,31,32,
1,6,7,8,9,10,16,17,18,19,20,27,28,29,30,31,32,1,2,3,4,5,21,22,23,24,25,26,11,12,13,14,15,
4,6,7,8,9,10,16,17,18,19,20,27,28,29,30,31,32,11,12,13,14,15,1,2,3,4,5,21,22,23,24,25,26,
1,6,7,8,9,10,16,17,18,19,20,27,28,29,30,31,32,11,12,13,14,15,21,22,23,24,25,26,
2,6,7,8,9,10,16,17,18,19,20,27,28,29,30,31,32,11,12,13,14,15,21,22,23,24,25,26,1,2,3,4,5,
4,6,7,8,9,10,21,22,23,24,25,26,
1,6,7,8,9,10,21,22,23,24,25,26,11,12,13,14,15,1,2,3,4,5,16,17,18,19,20,27,28,29,30,31,32,
1,6,7,8,9,10,21,22,23,24,25,26,11,12,13,14,15,16,17,18,19,20,1,2,3,4,5,27,28,29,30,31,32,
1,6,7,8,9,10,21,22,23,24,25,26,11,12,13,14,15,16,17,18,19,20,27,28,29,30,31,32,1,2,3,4,5,
1,6,7,8,9,10,21,22,23,24,25,26,16,17,18,19,20,1,2,3,4,5,27,28,29,30,31,32,11,12,13,14,15,
1,6,7,8,9,10,21,22,23,24,25,26,16,17,18,19,20,11,12,13,14,15,1,2,3,4,5,27,28,29,30,31,32,
2,6,7,8,9,10,21,22,23,24,25,26,27,28,29,30,31,32,16,17,18,19,20,11,12,13,14,15,1,2,3,4,5,
5,6,7,8,9,10,27,28,29,30,31,32,
1,6,7,8,9,10,27,28,29,30,31,32,1,2,3,4,5,11,12,13,14,15,16,17,18,19,20,21,22,23,24,25,26,
1,6,7,8,9,10,27,28,29,30,31,32,1,2,3,4,5,11,12,13,14,15,21,22,23,24,25,26,16,17,18,19,20,
1,6,7,8,9,10,27,28,29,30,31,32,1,2,3,4,5,16,17,18,19,20,11,12,13,14,15,21,22,23,24,25,26,
1,6,7,8,9,10,27,28,29,30,31,32,1,2,3,4,5,21,22,23,24,25,26,11,12,13,14,15,16,17,18,19,20,
1,6,7,8,9,10,27,28,29,30,31,32,11,12,13,14,15,16,17,18,19,20,
1,6,7,8,9,10,27,28,29,30,31,32,11,12,13,14,15,16,17,18,19,20,1,2,3,4,5,21,22,23,24,25,26,
1,6,7,8,9,10,27,28,29,30,31,32,16,17,18,19,20,
1,6,7,8,9,10,27,28,29,30,31,32,16,17,18,19,20,11,12,13,14,15,21,22,23,24,25,26,1,2,3,4,5,
2,6,7,8,9,10,27,28,29,30,31,32,16,17,18,19,20,21,22,23,24,25,26,11,12,13,14,15,1,2,3,4,5,
1,6,7,8,9,10,27,28,29,30,31,32,21,22,23,24,25,26,1,2,3,4,5,11,12,13,14,15,16,17,18,19,20,
1,6,7,8,9,10,27,28,29,30,31,32,21,22,23,24,25,26,16,17,18,19,20,11,12,13,14,15,
2,6,7,8,9,10,27,28,29,30,31,32,21,22,23,24,25,26,16,17,18,19,20,11,12,13,14,15,1,2,3,4,5,
1,6,7,8,10,9,
1,6,7,9,1,22,
1,6,7,16,17,1,2,27,25,31,22,
2,6,7,22,2,13,
1,6,7,22,27,2,
1,6,7,28,31,16,
1,6,8,4,16,17,
1,6,8,7,12,14,
1,6,8,9,7,10,
1,6,8,9,10,7,
1,6,8,10,9,7,
1,6,9,7,10,8,
2,6,9,8,7,10,
1,6,9,10,7,8,1,
1,6,10,9,1,21,8,7,17,16,
1,6,10,9,8,7,
1,6,10,13,31,22,
1,6,11,7,12,13,16,8,
1,6,11,12,7,13,16,8,
1,6,11,13,16,22,7,12,
1,6,11,16,1,17,19,13,2,7,
1,6,11,16,7,12,17,8,13,18,
1,6,11,16,8,13,
1,6,11,16,13,12,
1,6,11,16,17,1,
1,6,11,16,27,28,30,17,18,29,
1,6,11,27,16,13,17,28,12,18,
1,6,11,31,27,28,
1,6,12,1,8,18,
1,6,12,1,13,27,4,
1,6,12,18,24,31,
1,6,13,28,31,24,
1,6,14,21,29,32,
1,6,15,17,20,27,
1,6,16,1,10,25,3,
1,6,16,1,27,28,
1,6,16,3,22,27,
1,6,16,9,19,8,
1,6,16,11,1,32,
1,6,16,11,28,17,
1,6,16,17,1,11,
1,6,16,17,2,1,
1,6,16,17,2,22,1,
1,6,16,17,2,22,1,20,
1,6,16,17,7,1,11,
1,6,16,17,7,8,27,18,9,10,19,20,
1,6,16,17,7,27,1,2,
1,6,16,17,11,7,
2,6,16,17,22,1,
1,6,16,18,28,11,
1,6,16,21,22,1,
1,6,16,27,17,7,
1,6,16,27,17,11,20,28,
1,6,16,27,21,17,22,
1,6,16,27,28,10,
1,6,16,28,11,17,
1,6,17,16,1,2,
1,6,17,16,2,1,
1,6,17,16,8,18,
1,6,17,27,22,19,16,
1,6,17,27,28,21,
1,6,17,29,14,9,
1,6,17,31,22,2,
1,6,18,27,31,28,
1,6,19,13,12,1,
1,6,20,17,27,3,
1,6,20,21,22,10,27,24,
1,6,20,32,11,2,
1,6,21,22,7,8,
1,6,21,22,7,8,23,
1,6,21,22,9,27,
1,6,22,2,3,23,1,
1,6,22,16,27,18,3,11,10,
2,6,22,27,7,10,
1,6,27,7,28,1,
1,6,27,11,16,17,
1,6,27,11,16,28,
1,6,27,12,10,8,
1,6,27,16,17,19,
1,6,27,16,22,7,
1,6,27,16,30,17,
1,6,27,16,32,2,18,28,
1,6,27,17,2,31,
1,6,27,17,30,11,16,28,1,29,
1,6,27,20,8,31,30,26,23,18,13,12,11,7,
3,6,27,22,17,11,
1,6,27,28,16,13,17,7,11,8,
1,6,27,29,31,7,
1,6,27,31,1,11,
1,6,27,32,9,7,
1,6,30,27,19,11,
1,7,1,17,16,22,
1,7,6,8,9,10,
1,7,6,8,9,10,27,28,29,30,31,32,26,25,24,23,22,21,20,19,18,17,16,5,4,3,2,1,11,12,13,14,15,
1,7,6,8,10,9,
1,7,16,17,18,19,8,
1,7,17,24,27,30,
1,8,1,27,31,16,
2,8,6,7,9,10,
1,8,9,7,6,10,
1,8,9,10,24,1,
1,8,16,23,28,4,12,
1,8,27,16,14,12,
1,9,6,2,7,8,10,
1,9,6,7,10,8,27,1,11,17,19,13,32,
1,9,6,8,7,10,
1,9,6,8,10,7,
1,9,7,6,8,10,
1,9,7,8,10,6,
1,9,19,32,30,27,14,
1,10,1,13,17,24,31,28,6,4,
1,10,6,7,8,9,
1,10,9,8,7,6,
1,11,1,18,30,10,
1,11,1,27,2,5,
1,11,1,27,25,16,
1,11,6,13,16,17,22,27,
1,11,6,16,27,28,31,
1,11,6,16,28,17,13,
1,11,6,27,16,21,
1,11,8,19,23,28,30,
1,11,12,1,13,15,
399,11,12,13,14,15,
1,11,12,13,14,15,1,2,3,4,
4,11,12,13,14,15,1,2,3,4,5,
1,11,12,13,14,15,1,2,3,4,5,6,7,8,9,10,
1,11,12,13,14,15,1,2,3,4,5,6,7,8,9,10,16,17,18,19,20,21,22,23,24,25,26,
6,11,12,13,14,15,1,2,3,4,5,6,7,8,9,10,16,17,18,19,20,21,22,23,24,25,26,27,28,29,30,31,32,
1,11,12,13,14,15,1,2,3,4,5,16,17,18,19,20,21,22,23,24,25,26,6,7,8,9,10,27,28,29,30,31,32,
1,11,12,13,14,15,1,2,3,4,5,16,17,18,19,20,27,28,29,30,31,32,6,7,8,9,10,21,22,23,24,25,26,
1,11,12,13,14,15,1,2,3,4,5,21,22,23,24,25,26,
1,11,12,13,14,15,1,2,3,4,5,21,22,23,24,25,26,16,17,18,19,20,27,28,29,30,31,32,6,7,8,9,10,
1,11,12,13,14,15,1,2,3,4,5,21,22,23,24,25,26,27,28,29,30,31,32,6,7,8,9,10,16,17,18,19,20,
1,11,12,13,14,15,1,2,3,4,5,21,22,23,24,25,26,27,28,29,30,31,32,16,17,18,19,20,6,7,8,9,10,
1,11,12,13,14,15,1,2,3,4,5,27,28,29,30,31,32,
1,11,12,13,14,15,1,2,3,4,5,27,28,29,30,31,32,6,7,8,9,10,16,17,18,19,20,21,22,23,24,25,26,
1,11,12,13,14,15,1,2,3,4,5,27,28,29,30,31,32,16,17,18,19,20,6,7,8,9,10,21,22,23,24,25,26,
1,11,12,13,14,15,1,2,3,4,5,27,28,29,30,31,32,16,17,18,19,20,21,22,23,24,25,26,6,7,8,9,10,
3,11,12,13,14,15,6,7,8,9,10,
4,11,12,13,14,15,6,7,8,9,10,1,2,3,4,5,16,17,18,19,20,21,22,23,24,25,26,27,28,29,30,31,32,
1,11,12,13,14,15,6,7,8,9,10,16,17,18,19,20,1,2,3,4,5,21,22,23,24,25,26,
1,11,12,13,14,15,6,7,8,9,10,16,17,18,19,20,21,22,23,24,25,26,27,28,29,30,31,32,1,2,3,4,5,
1,11,12,13,14,15,6,7,8,9,10,16,17,18,19,20,27,28,29,30,31,32,1,2,3,4,5,21,22,23,24,25,26,
1,11,12,13,14,15,6,7,8,9,10,16,17,18,19,20,27,28,29,30,31,32,21,22,23,24,25,26,1,2,3,4,5,
1,11,12,13,14,15,6,7,8,9,10,21,22,23,24,25,26,16,17,18,19,20,27,28,29,30,31,32,1,2,3,4,5,
1,11,12,13,14,15,6,7,8,9,10,21,22,23,24,25,26,27,28,29,30,31,32,16,17,18,19,20,1,2,3,4,5,
1,11,12,13,14,15,6,7,8,9,10,27,28,29,30,31,32,1,2,3,4,5,16,17,18,19,20,21,22,23,24,25,26,
1,11,12,13,14,15,6,7,8,9,10,27,28,29,30,31,32,16,17,18,19,20,21,22,23,24,25,26,1,2,3,4,5,
1,11,12,13,14,15,6,7,8,9,10,27,28,29,30,31,32,21,22,23,24,25,26,16,17,18,19,20,1,2,3,4,5,
6,11,12,13,14,15,16,17,18,19,20,
2,11,12,13,14,15,16,17,18,19,20,1,2,3,4,5,6,7,8,9,10,21,22,23,24,25,26,27,28,29,30,31,32,
1,11,12,13,14,15,16,17,18,19,20,1,2,3,4,5,21,22,23,24,25,26,6,7,8,9,10,27,28,29,30,31,32,
1,11,12,13,14,15,16,17,18,19,20,6,7,8,9,10,
2,11,12,13,14,15,16,17,18,19,20,6,7,8,9,10,1,2,3,4,5,21,22,23,24,25,26,27,28,29,30,31,32,
1,11,12,13,14,15,16,17,18,19,20,6,7,8,9,10,1,2,3,4,5,27,28,29,30,31,32,21,22,23,24,25,26,
1,11,12,13,14,15,16,17,18,19,20,6,7,8,9,10,21,22,23,24,25,26,1,2,3,4,5,27,28,29,30,31,32,
1,11,12,13,14,15,16,17,18,19,20,6,7,8,9,10,21,22,23,24,25,26,27,28,29,30,31,32,1,2,3,4,5,
2,11,12,13,14,15,16,17,18,19,20,6,7,8,9,10,27,28,29,30,31,32,1,2,3,4,5,21,22,23,24,25,26,
1,11,12,13,14,15,16,17,18,19,20,6,7,8,9,10,27,28,29,30,31,32,21,22,23,24,25,26,1,2,3,4,5,
1,11,12,13,14,15,16,17,18,19,20,21,22,23,24,25,26,1,2,3,4,5,6,7,8,9,10,27,28,29,30,31,32,
1,11,12,13,14,15,16,17,18,19,20,21,22,23,24,25,26,6,7,8,9,10,27,28,29,30,31,32,1,2,3,4,5,
1,11,12,13,14,15,16,17,18,19,20,21,22,23,24,25,26,27,28,29,30,31,32,6,7,8,9,10,1,2,3,4,5,
2,11,12,13,14,15,16,17,18,19,20,27,28,29,30,31,32,6,7,8,9,10,1,2,3,4,5,21,22,23,24,25,26,
1,11,12,13,14,15,16,17,18,19,20,27,28,29,30,31,32,21,22,23,24,25,26,1,2,3,4,5,6,7,8,9,10,
2,11,12,13,14,15,16,17,18,19,20,27,28,29,30,31,32,21,22,23,24,25,26,6,7,8,9,10,1,2,3,4,5,
1,11,12,13,14,15,21,22,23,24,25,26,
1,11,12,13,14,15,21,22,23,24,25,26,1,2,3,4,5,6,7,8,9,10,16,17,18,19,20,27,28,29,30,31,32,
1,11,12,13,14,15,21,22,23,24,25,26,1,2,3,4,5,16,17,18,19,20,27,28,29,30,31,32,6,7,8,9,10,
1,11,12,13,14,15,21,22,23,24,25,26,1,2,3,4,5,27,28,29,30,31,32,6,7,8,9,10,
1,11,12,13,14,15,21,22,23,24,25,26,6,7,8,9,10,1,2,3,4,5,27,28,29,30,31,32,16,17,18,19,20,
2,11,12,13,14,15,27,28,
5,11,12,13,14,15,27,28,29,30,31,32,
2,11,12,13,14,15,27,28,29,30,31,32,1,2,3,4,5,6,7,8,9,10,21,22,23,24,25,26,16,17,18,19,20,
1,11,12,13,14,15,27,28,29,30,31,32,16,17,18,19,20,
3,11,12,13,14,15,27,28,29,30,31,32,16,17,18,19,20,6,7,8,9,10,1,2,3,4,5,21,22,23,24,25,26,
1,11,12,13,14,15,27,28,29,30,31,32,16,17,18,19,20,21,22,23,24,25,26,
1,11,12,13,14,15,27,28,29,30,31,32,16,17,18,19,20,21,22,23,24,25,26,1,2,3,4,5,6,7,8,9,10,
1,11,12,13,14,15,27,28,29,30,31,32,21,22,23,24,25,26,1,2,3,4,5,6,7,8,9,10,16,17,18,19,20,
3,11,12,13,14,15,27,28,29,30,31,32,21,22,23,24,25,26,6,7,8,9,10,16,17,18,19,20,1,2,3,4,5,
1,11,12,13,14,15,27,28,29,30,31,32,21,22,23,24,25,26,16,17,18,19,20,1,2,3,4,5,6,7,8,9,10,
4,11,12,13,14,15,27,28,29,30,31,32,21,22,23,24,25,26,16,17,18,19,20,6,7,8,9,10,1,2,3,4,5,
1,11,12,13,14,15,27,29,22,19,
1,11,12,15,13,14,
1,11,12,15,27,2,
1,11,12,15,28,27,21,
1,11,12,27,28,13,
1,11,13,1,21,6,
2,11,13,12,14,15,
1,11,13,15,27,28,31,
2,11,14,12,13,15,
1,11,14,12,15,13,
1,11,14,13,15,12,
1,11,15,12,13,14,
1,11,15,12,13,14,27,28,29,30,31,32,
3,11,15,13,14,12,
1,11,15,14,12,13,
1,11,16,13,19,14,
1,11,16,17,1,6,
1,11,16,17,12,27,
1,11,16,17,19,1,
1,11,16,17,19,3,18,20,
1,11,16,17,20,1,
1,11,16,17,21,27,
1,11,16,17,27,6,21,
1,11,16,17,28,6,
1,11,16,17,28,27,20,12,18,13,
1,11,16,28,27,17,
1,11,17,16,27,20,
1,11,17,19,13,16,
1,11,17,27,16,8,
1,11,18,13,14,15,
1,11,20,2,30,27,
1,11,20,28,22,14,
1,11,21,16,6,27,1,
1,11,22,6,17,1,
1,11,22,20,16,18,
2,11,23,22,32,17,15,
1,11,27,
1,11,27,1,6,21,
1,11,27,2,17,23,
1,11,27,6,12,28,7,29,13,8,
1,11,27,12,13,14,
2,11,27,16,1,6,
1,11,27,16,17,28,
1,11,27,16,28,31,
1,11,27,17,13,16,
1,11,27,17,16,31,
1,11,27,19,20,31,
1,11,27,23,24,20,
1,11,27,25,13,16,
1,11,27,28,16,25,
1,11,27,28,16,31,
1,11,27,28,29,30,
1,11,27,30,12,13,14,15,
1,11,27,30,20,13,16,
1,11,27,31,6,1,
1,11,27,31,28,16,
1,11,28,12,13,14,
1,11,28,23,6,1,
1,11,28,27,16,25,
1,11,28,27,29,30,
1,11,31,27,28,20,
1,12,6,21,18,27,
3,12,11,13,14,15,
1,12,11,13,15,14,
1,12,11,14,15,13,
2,12,11,15,14,13,
1,12,13,11,14,15,
1,12,13,15,11,14,
2,12,14,11,13,15,
1,12,14,13,11,15,
1,12,15,11,13,14,
1,12,16,27,14,1,
1,12,18,22,26,31,
1,12,22,15,25,21,
1,12,27,25,20,9,
1,12,29,17,1,6,2,13,21,27,16,28,3,7,11,18,19,20,14,15,8,9,10,4,5,22,30,31,32,23,24,25,26,
1,12,31,11,13,14,
1,12,31,28,11,22,
1,13,1,11,2,15,
1,13,1,16,23,3,
1,13,2,7,21,22,
1,13,4,20,26,15,
1,13,6,16,17,12,7,
1,13,11,3,8,10,
1,13,11,12,14,15,
1,13,11,15,12,14,
1,13,12,11,14,15,
1,13,16,2,18,6,
1,13,16,27,32,21,
1,13,18,24,27,1,
1,13,23,8,5,3,
1,13,24,20,10,4,27,
1,13,27,21,17,32,
1,13,27,32,6,21,
1,13,31,32,17,1,
1,13,32,17,23,1,
1,14,11,12,13,15,
1,14,12,13,15,11,
1,14,16,21,27,6,1,
1,14,17,28,3,25,
1,14,19,23,7,1,
1,14,19,30,9,1,
1,15,14,12,13,11,
1,15,14,13,12,11,22,
1,15,21,27,8,30,
1,15,22,31,16,17,2,6,21,11,
1,16,
1,16,1,2,18,21,
1,16,1,2,21,22,
1,16,1,6,11,21,27,17,18,19,
1,16,1,6,19,13,
1,16,1,17,11,22,
1,16,1,17,27,3,
1,16,1,21,22,17,
1,16,1,27,11,17,3,
1,16,1,27,20,17,
1,16,1,27,21,13,32,17,28,25,
1,16,2,1,5,31,
1,16,2,18,20,19,
1,16,2,27,19,22,
1,16,2,27,20,17,
1,16,2,27,31,4,
1,16,2,29,22,6,12,
1,16,3,19,20,17,
1,16,3,31,20,18,
1,16,6,2,15,31,
1,16,6,11,17,21,22,13,20,18,
1,16,6,17,5,18,
1,16,6,21,22,1,7,32,31,30,
1,16,6,27,19,22,
1,16,6,27,28,3,31,
1,16,11,1,27,17,
1,16,11,6,1,21,27,
1,16,11,6,2,17,22,20,19,21,
1,16,11,6,27,1,17,
1,16,11,17,27,18,19,20,
2,16,11,21,6,27,
1,16,11,22,1,31,
2,16,11,25,31,32,
1,16,11,27,6,12,
1,16,11,27,20,17,
1,16,11,27,21,6,
1,16,11,27,21,17,6,1,20,31,
1,16,11,28,17,27,12,18,13,19,14,20,15,
1,16,11,28,27,21,
1,16,11,28,31,20,
1,16,13,21,27,17,
1,16,17,1,3,6,11,13,20,27,
1,16,17,1,3,18,
1,16,17,1,3,27,25,
1,16,17,1,4,13,
1,16,17,1,6,28,13,
1,16,17,1,11,19,
1,16,17,1,20,2,
1,16,17,1,21,2,
1,16,17,1,21,18,
1,16,17,1,27,3,
1,16,17,1,27,6,
1,16,17,1,27,20,
1,16,17,2,18,19,20,27,11,1,
1,16,17,2,18,22,28,
1,16,17,2,22,1,18,5,11,20,
1,16,17,2,22,18,20,11,
1,16,17,6,11,22,18,19,20,
2,16,17,6,11,22,20,19,13,18,
1,16,17,6,20,11,
1,16,17,11,2,27,
1,16,17,11,6,27,
1,16,17,11,6,28,12,19,20,
1,16,17,11,13,20,
1,16,17,11,27,1,
1,16,17,11,27,18,
1,16,17,11,27,21,
1,16,17,14,11,5,2,
2,16,17,18,2,22,
1,16,17,18,2,22,6,20,19,13,
1,16,17,18,3,27,
1,16,17,18,6,11,2,19,20,22,
1,16,17,18,11,20,
1,16,17,18,19,1,6,
1,16,17,18,19,11,
1646,16,17,18,19,20,
1,16,17,18,19,20,1,
19,16,17,18,19,20,1,2,3,4,5,
3,16,17,18,19,20,1,2,3,4,5,6,7,8,9,10,11,12,13,14,15,21,22,23,24,25,26,27,28,29,30,31,32,
1,16,17,18,19,20,1,2,3,4,5,6,7,8,9,10,11,12,13,14,15,27,28,29,30,31,32,21,22,23,24,25,26,
1,16,17,18,19,20,1,2,3,4,5,6,7,8,9,10,21,22,23,24,25,26,27,28,29,30,31,32,11,12,13,14,15,
3,16,17,18,19,20,1,2,3,4,5,6,7,8,9,10,27,28,29,30,31,32,21,22,23,24,25,26,11,12,13,14,15,
1,16,17,18,19,20,1,2,3,4,5,11,12,13,14,15,6,7,8,9,10,27,28,29,30,31,32,21,22,23,24,25,26,
1,16,17,18,19,20,1,2,3,4,5,11,12,13,14,15,21,22,23,24,25,26,6,7,8,9,10,27,28,29,30,31,32,
1,16,17,18,19,20,1,2,3,4,5,11,12,13,14,15,27,28,29,30,31,32,6,7,8,9,10,21,22,23,24,25,26,
2,16,17,18,19,20,1,2,3,4,5,11,12,13,14,15,27,28,29,30,31,32,21,22,23,24,25,26,6,7,8,9,10,
1,16,17,18,19,20,1,2,3,4,5,21,22,23,24,25,26,6,7,8,9,10,11,12,13,14,15,27,28,29,30,31,32,
1,16,17,18,19,20,1,2,3,4,5,21,22,23,24,25,26,11,12,13,14,15,6,7,8,9,10,27,28,29,30,31,32,
1,16,17,18,19,20,1,2,3,4,5,27,28,29,30,31,32,
1,16,17,18,19,20,1,2,3,4,5,27,28,29,30,31,32,6,7,8,9,10,11,12,13,14,15,
1,16,17,18,19,20,1,2,3,4,5,27,28,29,30,31,32,6,7,8,9,10,11,12,13,14,15,21,22,23,24,25,26,
1,16,17,18,19,20,1,2,3,4,5,27,28,29,30,31,32,6,7,8,9,10,21,22,23,24,25,26,11,12,13,14,15,
1,16,17,18,19,20,1,2,3,4,5,27,28,29,30,31,32,11,12,13,14,15,6,7,8,9,10,21,22,23,24,25,26,
1,16,17,18,19,20,1,2,3,4,5,27,28,29,30,31,32,11,12,13,14,15,21,22,23,24,25,26,6,7,8,9,10,
2,16,17,18,19,20,1,2,3,4,5,27,28,29,30,31,32,21,22,23,24,25,26,11,12,13,14,15,6,7,8,9,10,
1,16,17,18,19,20,1,5,3,4,2,25,26,6,23,9,10,31,32,8,13,11,14,7,15,12,22,24,30,29,28,27,21,
1,16,17,18,19,20,2,11,6,3,
2,16,17,18,19,20,6,
5,16,17,18,19,20,6,7,8,9,10,
4,16,17,18,19,20,6,7,8,9,10,1,2,3,4,5,11,12,13,14,15,21,22,23,24,25,26,27,28,29,30,31,32,
1,16,17,18,19,20,6,7,8,9,10,1,2,3,4,5,21,22,23,24,25,26,27,28,29,30,31,32,11,12,13,14,15,
1,16,17,18,19,20,6,7,8,9,10,1,2,3,4,5,27,28,29,30,31,32,21,22,23,24,25,26,11,12,13,14,15,
2,16,17,18,19,20,6,7,8,9,10,11,12,13,14,15,1,2,3,4,5,21,22,23,24,25,26,27,28,29,30,31,32,
1,16,17,18,19,20,6,7,8,9,10,11,12,13,14,15,1,2,3,4,5,27,28,29,30,31,32,21,22,23,24,25,26,
2,16,17,18,19,20,6,7,8,9,10,11,12,13,14,15,21,22,23,24,25,26,27,28,29,30,31,32,1,2,3,4,5,
1,16,17,18,19,20,6,7,8,9,10,11,12,13,14,15,27,28,29,30,31,32,21,22,23,24,25,26,1,2,3,4,5,
1,16,17,18,19,20,6,7,8,9,10,21,22,23,24,25,26,1,2,3,4,5,27,28,29,30,31,32,11,12,13,14,15,
1,16,17,18,19,20,6,7,8,9,10,21,22,23,24,25,26,11,12,13,14,15,1,2,3,4,5,27,28,29,30,31,32,
1,16,17,18,19,20,6,7,8,9,10,21,22,23,24,25,26,27,28,29,30,31,32,1,2,3,4,5,11,12,13,14,15,
1,16,17,18,19,20,6,7,8,9,10,21,22,23,24,25,26,27,28,29,30,31,32,11,12,13,14,15,1,2,3,4,5,
1,16,17,18,19,20,6,7,8,9,10,27,28,29,30,31,32,
1,16,17,18,19,20,6,7,8,9,10,27,28,29,30,31,32,1,2,3,4,5,11,12,13,14,15,21,22,23,24,25,26,
1,16,17,18,19,20,6,7,8,9,10,27,28,29,30,31,32,1,2,3,4,5,21,22,23,24,25,26,11,12,13,14,15,
1,16,17,18,19,20,6,7,8,9,10,27,28,29,30,31,32,21,22,23,24,25,26,1,2,3,4,5,
1,16,17,18,19,20,6,7,8,9,10,27,28,29,30,31,32,21,22,23,24,25,26,1,2,3,4,5,11,12,13,14,15,
2,16,17,18,19,20,6,7,8,9,10,27,28,29,30,31,32,21,22,23,24,25,26,11,12,13,14,15,1,2,3,4,5,
10,16,17,18,19,20,11,12,13,14,15,
1,16,17,18,19,20,11,12,13,14,15,1,2,3,4,5,6,7,8,9,10,27,28,29,30,31,32,21,22,23,24,25,26,
3,16,17,18,19,20,11,12,13,14,15,1,2,3,4,5,21,22,23,24,25,26,6,7,8,9,10,27,28,29,30,31,32,
3,16,17,18,19,20,11,12,13,14,15,6,7,8,9,10,1,2,3,4,5,21,22,23,24,25,26,27,28,29,30,31,32,
2,16,17,18,19,20,11,12,13,14,15,6,7,8,9,10,1,2,3,4,5,27,28,29,30,31,32,21,22,23,24,25,26,
2,16,17,18,19,20,11,12,13,14,15,6,7,8,9,10,21,22,23,24,25,26,1,2,3,4,5,27,28,29,30,31,32,
1,16,17,18,19,20,11,12,13,14,15,6,7,8,9,10,21,22,23,24,25,26,27,28,29,30,31,32,1,2,3,4,5,
1,16,17,18,19,20,11,12,13,14,15,21,22,23,24,25,26,1,2,3,4,5,6,7,8,9,10,27,28,29,30,31,32,
1,16,17,18,19,20,11,12,13,14,15,21,22,23,24,25,26,6,7,8,9,10,27,28,29,30,31,32,1,2,3,4,5,
1,16,17,18,19,20,11,12,13,14,15,27,28,29,30,31,32,
1,16,17,18,19,20,11,12,13,14,15,27,28,29,30,31,32,1,2,3,4,5,6,7,8,9,10,21,22,23,24,25,26,
1,16,17,18,19,20,11,12,13,14,15,27,28,29,30,31,32,6,7,8,9,10,1,2,3,4,5,21,22,23,24,25,26,
2,16,17,18,19,20,11,12,13,14,15,27,28,29,30,31,32,6,7,8,9,10,21,22,23,24,25,26,1,2,3,4,5,
1,16,17,18,19,20,13,
1,16,17,18,19,20,13,11,32,31,
1,16,17,18,19,20,13,14,15,32,
8,16,17,18,19,20,21,22,23,24,25,26,
1,16,17,18,19,20,21,22,23,24,25,26,1,2,3,4,5,27,28,29,30,31,32,6,7,8,9,10,11,12,13,14,15,
1,16,17,18,19,20,21,22,23,24,25,26,6,7,8,9,10,1,2,3,4,5,11,12,13,14,15,27,28,29,30,31,32,
1,16,17,18,19,20,21,22,23,24,25,26,11,12,13,14,15,1,2,3,4,5,27,28,29,30,31,32,6,7,8,9,10,
1,16,17,18,19,20,21,22,23,24,25,26,11,12,13,14,15,6,7,8,9,10,1,2,3,4,5,27,28,29,30,31,32,
1,16,17,18,19,20,21,22,23,24,25,26,11,12,13,14,15,6,7,8,9,10,27,28,29,30,31,32,1,2,3,4,5,
1,16,17,18,19,20,21,22,23,24,25,26,11,12,13,14,15,27,28,29,30,31,32,1,2,3,4,5,6,7,8,9,10,
2,16,17,18,19,20,21,22,23,24,25,26,27,28,29,30,31,32,
4,16,17,18,19,20,21,22,23,24,25,26,27,28,29,30,31,32,1,2,3,4,5,6,7,8,9,10,11,12,13,14,15,
1,16,17,18,19,20,21,22,23,24,25,26,27,28,29,30,31,32,1,2,3,4,5,11,12,13,14,15,6,7,8,9,10,
2,16,17,18,19,20,21,22,23,24,25,26,27,28,29,30,31,32,11,12,13,14,15,1,2,3,4,5,6,7,8,9,10,
6,16,17,18,19,20,21,22,23,24,25,26,27,28,29,30,31,32,11,12,13,14,15,6,7,8,9,10,1,2,3,4,5,
1,16,17,18,19,20,22,21,23,24,25,
63,16,17,18,19,20,27,28,29,30,31,32,
4,16,17,18,19,20,27,28,29,30,31,32,1,2,3,4,5,
10,16,17,18,19,20,27,28,29,30,31,32,1,2,3,4,5,6,7,8,9,10,11,12,13,14,15,21,22,23,24,25,26,
1,16,17,18,19,20,27,28,29,30,31,32,1,2,3,4,5,6,7,8,9,10,21,22,23,24,25,26,
1,16,17,18,19,20,27,28,29,30,31,32,1,2,3,4,5,6,7,8,9,10,21,22,23,24,25,26,11,12,13,14,15,
10,16,17,18,19,20,27,28,29,30,31,32,1,2,3,4,5,11,12,13,14,15,6,7,8,9,10,21,22,23,24,25,26,
2,16,17,18,19,20,27,28,29,30,31,32,1,2,3,4,5,11,12,13,14,15,21,22,23,24,25,26,6,7,8,9,10,
2,16,17,18,19,20,27,28,29,30,31,32,1,2,3,4,5,21,22,23,24,25,26,6,7,8,9,10,11,12,13,14,15,
2,16,17,18,19,20,27,28,29,30,31,32,1,2,3,4,5,21,22,23,24,25,26,11,12,13,14,15,6,7,8,9,10,
6,16,17,18,19,20,27,28,29,30,31,32,6,7,8,9,10,1,2,3,4,5,11,12,13,14,15,21,22,23,24,25,26,
3,16,17,18,19,20,27,28,29,30,31,32,6,7,8,9,10,11,12,13,14,15,1,2,3,4,5,21,22,23,24,25,26,
4,16,17,18,19,20,27,28,29,30,31,32,6,7,8,9,10,11,12,13,14,15,21,22,23,24,25,26,1,2,3,4,5,
1,16,17,18,19,20,27,28,29,30,31,32,6,7,8,9,10,21,22,23,24,25,26,1,2,3,4,5,
1,16,17,18,19,20,27,28,29,30,31,32,6,7,8,9,10,21,22,23,24,25,26,11,12,13,14,15,1,2,3,4,5,
2,16,17,18,19,20,27,28,29,30,31,32,11,12,13,14,15,
3,16,17,18,19,20,27,28,29,30,31,32,11,12,13,14,15,1,2,3,4,5,6,7,8,9,10,21,22,23,24,25,26,
3,16,17,18,19,20,27,28,29,30,31,32,11,12,13,14,15,1,2,3,4,5,21,22,23,24,25,26,6,7,8,9,10,
7,16,17,18,19,20,27,28,29,30,31,32,11,12,13,14,15,6,7,8,9,10,1,2,3,4,5,21,22,23,24,25,26,
1,16,17,18,19,20,27,28,29,30,31,32,11,12,13,14,15,6,7,8,9,10,21,22,23,24,25,26,
1,16,17,18,19,20,27,28,29,30,31,32,11,12,13,14,15,6,7,8,9,10,21,22,23,24,25,26,1,2,3,4,5,
6,16,17,18,19,20,27,28,29,30,31,32,11,12,13,14,15,21,22,23,24,25,26,6,7,8,9,10,1,2,3,4,5,
1,16,17,18,19,20,27,28,29,30,31,32,21,22,23,24,25,26,
1,16,17,18,19,20,27,28,29,30,31,32,21,22,23,24,25,26,6,7,8,9,10,1,2,3,4,5,11,12,13,14,15,
2,16,17,18,19,20,27,28,29,30,31,32,21,22,23,24,25,26,6,7,8,9,10,11,12,13,14,15,1,2,3,4,5,
1,16,17,18,19,20,27,28,29,30,31,32,21,22,23,24,25,26,11,12,13,14,15,1,2,3,4,5,6,7,8,9,10,
2,16,17,18,19,20,27,28,29,30,31,32,21,22,23,24,25,26,11,12,13,14,15,6,7,8,9,10,
11,16,17,18,19,20,27,28,29,30,31,32,21,22,23,24,25,26,11,12,13,14,15,6,7,8,9,10,1,2,3,4,5,
1,16,17,18,20,19,
1,16,17,18,20,19,27,
1,16,17,18,20,27,
1,16,17,18,22,11,
1,16,17,18,22,23,
1,16,17,18,27,6,11,22,19,20,
1,16,17,18,27,19,
1,16,17,18,27,28,
1,16,17,18,27,30,
1,16,17,18,27,32,
1,16,17,18,27,32,13,
1,16,17,19,6,21,1,2,18,20,
1,16,17,19,11,6,
2,16,17,19,18,20,
3,16,17,19,20,18,
1,16,17,19,20,18,27,1,3,
1,16,17,19,27,30,
1,16,17,20,6,3,
6,16,17,20,18,19,
4,16,17,20,19,18,
1,16,17,20,19,27,18,
1,16,17,20,22,18,
1,16,17,20,23,27,
1,16,17,20,27,25,
1,16,17,21,22,27,
2,16,17,22,11,13,
1,16,17,22,25,20,11,
1,16,17,23,20,11,
1,16,17,23,26,27,
1,16,17,23,27,21,
1,16,17,25,11,20,
1,16,17,26,13,10,
1,16,17,27,1,6,
1,16,17,27,1,11,
1,16,17,27,2,5,25,32,22,
1,16,17,27,3,20,19,
1,16,17,27,6,1,
4,16,17,27,11,1,
1,16,17,27,11,28,
1,16,17,27,11,32,
1,16,17,27,18,3,13,32,11,20,
1,16,17,27,18,19,20,28,29,
1,16,17,27,21,2,
1,16,17,27,21,6,
1,16,17,27,21,6,11,
1,16,17,27,28,1,
1,16,17,27,28,30,18,29,19,20,31,32,
1,16,17,27,28,31,
1,16,17,27,31,13,6,19,20,
1,16,17,27,31,20,
1,16,17,27,31,32,
1,16,17,27,32,18,
1,16,17,28,21,1,11,
1,16,17,28,27,6,
1,16,17,32,18,20,
1,16,18,6,19,27,
1,16,18,7,17,19,6,1,
1,16,18,17,3,11,
1,16,18,17,5,31,
5,16,18,17,19,20,
1,16,18,17,20,30,
3,16,18,19,17,20,
1,16,18,19,17,20,5,10,15,26,25,32,31,4,9,14,24,30,3,8,13,23,29,2,7,12,22,28,6,11,21,1,27,
1,16,18,19,17,20,10,15,25,26,5,4,9,24,23,13,8,3,2,7,12,22,21,11,6,1,32,31,30,14,29,28,27,
2,16,18,19,20,17,
1,16,18,19,20,27,
1,16,18,19,27,1,
1,16,18,20,17,19,
1,16,18,27,1,2,
1,16,18,27,31,20,
1,16,19,17,18,20,
1,16,19,17,18,20,1,3,27,
1,16,19,17,20,18,
2,16,19,18,17,20,
3,16,19,18,20,17,
2,16,19,20,17,18,
1,16,19,20,18,17,
1,16,19,20,18,27,
1,16,19,27,22,1,
1,16,19,27,30,26,
1,16,20,1,27,28,
1,16,20,2,5,18,
1,16,20,10,5,1,
1,16,20,11,23,32,2,
1,16,20,14,18,23,
8,16,20,17,18,19,
3,16,20,17,19,18,
1,16,20,17,25,15,
1,16,20,17,30,27,18,13,11,3,
1,16,20,17,31,19,18,
1,16,20,18,17,19,
1,16,20,18,19,17,27,
1,16,20,19,17,18,
5,16,20,19,18,17,
1,16,20,27,6,13,
1,16,20,27,13,28,
1,16,20,27,17,18,
1,16,20,27,30,11,2,
1,16,20,28,11,17,
2,16,21,1,2,3,
1,16,21,17,18,19,
1,16,21,17,18,19,20,1,
1,16,21,17,18,27,20,
1,16,21,17,31,22,
1,16,21,27,1,6,11,22,23,24,
1,16,21,27,1,17,
1,16,21,27,11,1,
1,16,21,27,17,18,
1,16,21,28,20,11,
1,16,22,1,13,27,
1,16,22,6,27,21,
1,16,22,13,6,32,
1,16,22,17,6,27,11,1,20,13,
1,16,22,21,30,27,
1,16,24,1,7,32,
1,16,25,27,11,2,
1,16,27,1,3,18,
1,16,27,1,8,15,
1,16,27,1,13,20,
1,16,27,1,17,2,
1,16,27,1,25,18,
1,16,27,1,31,14,
1,16,27,1,32,11,
1,16,27,2,11,6,
1,16,27,2,30,17,
1,16,27,3,17,20,
1,16,27,5,25,10,
1,16,27,6,11,21,
1,16,27,6,28,17,
1,16,27,8,23,32,
2,16,27,11,6,1,
2,16,27,11,6,21,
1,16,27,11,17,1,6,
1,16,27,11,17,18,21,6,1,
1,16,27,11,18,6,1,
1,16,27,11,20,28,
1,16,27,11,31,13,
1,16,27,13,17,20,7,21,18,12,11,29,19,
1,16,27,13,22,6,
1,16,27,17,1,20,
1,16,27,17,6,28,
1,16,27,17,13,31,
1,16,27,17,18,19,
1,16,27,17,18,19,20,
1,16,27,17,18,20,
1,16,27,17,18,28,
1,16,27,17,20,1,
1,16,27,17,20,19,
1,16,27,17,21,20,
1,16,27,17,28,18,
1,16,27,17,28,29,
1,16,27,17,32,6,
1,16,27,17,32,11,
1,16,27,18,17,1,9,
1,16,27,19,1,17,
1,16,27,19,8,3,
1,16,27,20,17,19,
1,16,27,20,18,19,
1,16,27,20,18,31,
1,16,27,20,19,10,
1,16,27,20,28,6,
1,16,27,20,29,17,
1,16,27,20,30,18,
1,16,27,20,31,17,
1,16,27,21,1,11,
1,16,27,21,1,18,
1,16,27,21,1,31,
1,16,27,21,11,1,12,28,
1,16,27,22,1,20,28,13,
1,16,27,22,2,17,
1,16,27,28,2,12,
1,16,27,28,6,29,
1,16,27,28,17,11,
1,16,27,28,21,1,
1,16,27,28,29,30,
1,16,27,28,31,11,
1,16,27,30,18,11,17,
1,16,27,31,20,17,
1,16,27,31,22,6,
1,16,27,32,20,4,
1,16,27,32,28,19,
1,16,28,1,6,22,13,17,32,27,
1,16,28,20,27,30,
1,16,28,20,31,17,
1,16,28,27,17,29,
1,16,30,1,11,17,
1,16,30,8,17,27,25,
1,16,30,17,28,27,
1,16,31,17,18,19,
1,16,31,27,28,17,
1,16,32,17,4,8,
1,17,1,16,13,32,
1,17,1,16,30,27,
1,17,1,22,32,13,
1,17,1,23,27,16,21,22,6,
1,17,1,27,21,11,
1,17,1,31,27,28,
1,17,2,23,21,1,
1,17,3,6,25,32,5,22,12,8,16,18,19,20,21,14,9,1,15,29,27,23,30,13,2,28,24,11,4,31,10,26,7,
1,17,3,22,27,11,
1,17,4,5,19,23,
1,17,6,16,18,20,
1,17,6,16,18,20,11,27,7,19,
1,17,6,16,20,19,
1,17,6,18,22,27,11,16,
1,17,6,20,31,28,
1,17,11,16,1,13,
1,17,11,16,20,2,
1,17,13,27,1,11,
1,17,13,28,1,10,
1,17,16,1,27,11,
1,17,16,6,18,20,
1,17,16,6,18,22,
1,17,16,12,3,22,
1,17,16,18,2,1,
1,17,16,18,6,11,20,19,3,13,
5,17,16,18,19,20,
1,17,16,18,19,20,6,27,11,
1,17,16,18,19,20,27,1,2,3,4,5,21,22,23,24,25,26,13,29,30,
4,17,16,18,20,19,
1,17,16,18,27,31,
2,17,16,19,18,20,
1,17,16,19,20,18,
1,17,16,20,6,11,27,
2,17,16,20,18,19,
1,17,16,20,19,18,
1,17,16,20,27,15,
1,17,16,20,27,28,
1,17,16,21,18,19,
1,17,16,22,6,1,
1,17,16,22,6,11,18,4,19,2,
1,17,16,22,20,13,25,18,19,24,
1,17,16,27,2,20,
1,17,16,27,6,20,
1,17,16,27,10,1,
1,17,16,27,18,32,
1,17,16,27,19,18,
1,17,16,27,20,23,
1,17,16,27,22,23,
1,17,16,27,30,19,
3,17,18,16,19,20,
1,17,18,16,26,14,
1,17,18,19,3,32,6,
3,17,18,19,20,16,
1,17,19,2,5,11,
1,17,19,16,18,20,
1,17,19,16,18,23,6,20,
1,17,19,16,20,18,
1,17,19,18,20,16,
1,17,19,20,16,18,
1,17,19,22,27,3,
1,17,19,27,30,32,
1,17,20,16,18,19,
1,17,20,27,13,9,
1,17,21,15,23,24,
1,17,21,22,23,16,
1,17,21,22,23,24,25,26,1,31,
1,17,21,22,31,25,
1,17,22,2,6,16,
1,17,22,16,20,18,
1,17,22,27,1,31,
1,17,25,6,14,27,
1,17,27,11,20,16,18,19,31,22,
1,17,27,11,20,22,16,18,31,32,
1,17,27,13,14,28,
1,17,27,16,1,5,20,
1,17,27,16,6,11,
1,17,27,16,12,18,
1,17,27,16,19,31,32,
1,17,27,16,20,1,
1,17,27,16,20,3,1,
1,17,27,16,20,31,
1,17,27,16,22,11,
1,17,27,16,29,32,
1,17,27,23,29,30,
1,17,27,25,2,3,20,11,1,
1,17,27,28,11,20,
1,17,27,29,8,25,
1,18,1,2,17,6,
1,18,1,13,6,21,32,
1,18,2,16,17,1,
1,18,2,20,3,16,
1,18,3,6,30,11,
1,18,4,16,8,31,
1,18,5,2,16,31,25,20,4,6,
1,18,5,17,6,30,
1,18,6,19,2,20,12,
1,18,6,21,15,29,
1,18,8,9,14,3,7,11,16,24,30,20,10,12,17,21,27,5,15,26,31,
1,18,11,27,1,14,
1,18,16,1,3,6,
1,18,16,1,6,3,21,5,29,31,20,22,4,7,19,8,17,2,30,10,25,23,28,24,26,12,9,13,15,14,11,27,32,
1,18,16,12,20,27,
1,18,16,17,19,20,
1,18,16,17,31,2,
2,18,16,19,20,6,
1,18,16,19,20,10,
2,18,16,20,17,19,
1,18,16,20,19,17,
1,18,16,27,1,2,
1,18,17,13,27,6,
2,18,17,16,19,20,
1,18,17,16,20,19,
1,18,17,19,20,16,
1,18,19,17,1,16,
1,18,19,17,16,20,
1,18,19,21,10,13,3,
1,18,20,11,6,30,
1,18,20,14,27,1,
1,18,20,16,1,27,
1,18,20,16,17,19,
1,18,20,16,17,19,32,
1,18,20,17,19,16,
2,18,20,19,17,16,
1,18,20,27,16,17,
1,18,20,32,31,30,29,
2,18,21,11,1,26,
1,18,23,15,10,4,16,25,31,20,
1,18,27,28,20,7,
1,18,28,31,11,27,
1,19,1,11,12,6,
1,19,1,13,17,16,7,
1,19,2,16,
1,19,2,18,23,32,
1,19,2,27,16,17,
1,19,3,17,32,27,
1,19,6,18,30,3,11,13,16,21,28,
1,19,16,
1,19,16,1,27,13,14,23,29,2,3,7,6,10,9,4,8,18,17,12,25,24,30,31,28,15,5,11,20,21,22,26,32,
3,19,16,17,18,20,
2,19,16,17,20,18,
1,19,16,17,22,27,3,1,2,10,11,18,23,28,4,9,12,20,24,29,25,13,8,5,7,14,26,32,15,31,30,6,21,
1,19,16,18,17,20,
1,19,16,20,18,17,
2,19,16,27,1,22,
1,19,16,27,17,11,
6,19,17,16,18,20,
1,19,17,16,20,18,
1,19,17,18,16,20,
1,19,18,16,17,20,
1,19,18,16,20,17,
1,19,18,17,1,16,
1,19,18,17,20,16,
3,19,18,20,17,16,
1,19,20,11,8,10,17,16,
1,19,20,16,17,18,
1,19,20,16,18,27,
1,19,20,18,12,16,31,
1,19,20,18,17,16,
1,19,27,1,16,17,
1,19,27,1,18,17,
1,19,27,13,8,17,
1,19,27,16,17,20,31,
1,19,27,17,16,18,30,
1,19,27,31,17,20,
1,19,28,20,10,5,
1,19,30,16,3,1,
1,19,30,32,20,
1,19,30,32,20,13,
1,20,1,11,16,31,
1,20,1,21,27,18,6,
1,20,2,1,27,16,
1,20,2,17,18,28,1,6,11,3,4,5,19,16,22,12,13,14,15,7,8,21,25,9,10,24,26,23,30,31,32,29,27,
1,20,2,27,13,31,
1,20,2,27,31,11,
1,20,11,1,27,16,
1,20,11,27,16,17,18,
1,20,13,14,31,32,30,27,16,12,
1,20,16,3,17,11,
1,20,16,11,27,17,
1,20,16,17,2,29,
6,20,16,17,18,19,
3,20,16,17,19,18,
1,20,16,17,19,18,27,31,28,29,30,32,
2,20,16,18,17,19,
1,20,16,18,19,17,
2,20,16,19,17,18,
1,20,16,27,1,11,
2,20,16,27,11,31,
1,20,17,11,24,27,
1,20,17,16,19,18,
1,20,17,18,19,16,
2,20,18,19,17,16,
1,20,19,16,17,18,
1,20,19,18,16,17,
1,20,19,18,17,16,
1,20,21,23,3,6,10,19,
1,20,21,28,27,31,
1,20,22,28,16,1,
1,20,25,1,13,17,22,
1,20,27,1,16,21,
1,20,27,1,17,16,
1,20,27,11,16,30,
1,20,27,16,6,17,11,
1,20,27,16,11,1,
1,20,27,28,16,31,
1,20,28,19,27,31,
1,20,30,11,16,2,
1,20,31,1,27,6,
1,20,31,1,27,8,
1,20,31,28,13,17,
2,21,
1,21,1,2,3,4,
1,21,1,2,3,4,5,6,11,17,
1,21,1,2,16,22,23,3,4,5,17,18,19,6,7,
1,21,1,2,18,25,
1,21,1,2,22,16,
1,21,1,2,23,16,
1,21,1,2,27,22,
1,21,1,2,27,22,28,5,30,25,
1,21,1,6,11,16,17,2,22,5,
1,21,1,7,16,17,22,
1,21,1,19,27,24,
1,21,1,22,2,23,
1,21,1,22,2,23,3,24,4,25,5,26,
1,21,1,27,16,18,
1,21,2,1,22,23,
1,21,2,11,18,20,
2,21,2,22,1,11,16,18,6,3,
1,21,2,22,1,17,
1,21,2,22,1,23,27,28,29,3,
1,21,2,22,1,27,
1,21,2,22,5,31,
1,21,2,26,22,3,
1,21,5,1,3,2,
1,21,5,1,3,4,
1,21,6,3,22,24,
1,21,6,22,20,23,
1,21,11,16,17,1,
1,21,11,27,1,16,
1,21,13,16,27,32,
1,21,16,2,6,14,27,
1,21,16,5,27,11,
1,21,16,17,18,22,23,
1,21,16,17,30,6,
1,21,16,19,20,1,
1,21,16,20,1,6,
1,21,16,20,22,3,7,
1,21,17,1,23,27,
1,21,17,16,3,1,
1,21,18,1,17,6,
1,21,18,17,23,22,
1,21,20,6,13,31,
1,21,20,12,9,3,
1,21,22,1,2,3,
1,21,22,1,2,5,
1,21,22,1,2,5,16,
1,21,22,1,2,6,27,
1,21,22,1,2,17,30,26,29,28,
1,21,22,1,2,19,
2,21,22,1,2,23,
1,21,22,1,2,23,3,4,24,25,5,
1,21,22,1,2,23,25,
1,21,22,1,3,18,8,
1,21,22,1,17,30,27,11,
1,21,22,1,17,32,13,
1,21,22,1,17,32,13,11,16,20,
1,21,22,1,23,29,27,32,18,19,14,10,
1,21,22,1,26,23,
1,21,22,2,1,3,
1,21,22,2,1,3,4,5,6,27,
5,21,22,2,1,23,24,25,26,5,
1,21,22,2,23,1,
1,21,22,2,23,18,3,7,
1,21,22,2,23,27,
1,21,22,2,26,23,
1,21,22,3,17,23,1,24,
1,21,22,3,27,26,1,
1,21,22,6,7,16,17,
1,21,22,6,16,17,11,1,13,23,
1,21,22,11,6,3,
1,21,22,13,17,19,1,8,
1,21,22,16,17,1,
1,21,22,16,17,2,
1,21,22,16,27,1,
1,21,22,17,25,1,
1,21,22,20,18,1,
1,21,22,20,27,24,
1,21,22,23,1,2,3,
1,21,22,23,1,2,4,5,26,6,
1,21,22,23,1,2,4,5,26,25,
1,21,22,23,1,24,
1,21,22,23,1,24,25,26,
1,21,22,23,1,27,
1,21,22,23,2,1,27,26,3,24,
1,21,22,23,2,16,1,24,25,26,
1,21,22,23,13,19,
1,21,22,23,24,10,6,25,26,8,7,9,
7,21,22,23,24,25,
908,21,22,23,24,25,26,
2,21,22,23,24,25,26,1,
22,21,22,23,24,25,26,1,2,3,4,5,
1,21,22,23,24,25,26,1,2,3,4,5,6,7,8,9,10,
7,21,22,23,24,25,26,1,2,3,4,5,6,7,8,9,10,11,12,13,14,15,16,17,18,19,20,27,28,29,30,31,32,
1,21,22,23,24,25,26,1,2,3,4,5,11,12,13,14,15,6,7,8,9,10,16,17,18,19,20,27,28,29,30,31,32,
2,21,22,23,24,25,26,1,2,3,4,5,11,12,13,14,15,6,7,8,9,10,27,28,29,30,31,32,16,17,18,19,20,
1,21,22,23,24,25,26,1,2,3,4,5,11,12,13,14,15,27,28,29,30,31,32,6,7,8,9,10,16,17,18,19,20,
1,21,22,23,24,25,26,1,2,3,4,5,16,17,18,19,20,6,7,8,9,10,11,12,13,14,15,
4,21,22,23,24,25,26,1,2,3,4,5,16,17,18,19,20,6,7,8,9,10,27,28,29,30,31,32,11,12,13,14,15,
1,21,22,23,24,25,26,1,2,3,4,5,16,17,18,19,20,11,12,13,14,15,6,7,8,9,10,27,28,29,30,31,32,
2,21,22,23,24,25,26,1,2,3,4,5,16,17,18,19,20,11,12,13,14,15,27,28,29,30,31,32,6,7,8,9,10,
1,21,22,23,24,25,26,1,2,3,4,5,16,17,18,19,20,27,28,29,30,31,32,6,7,8,9,10,11,12,13,14,15,
1,21,22,23,24,25,26,1,2,3,4,5,27,28,29,30,31,32,
1,21,22,23,24,25,26,1,2,3,4,5,27,28,29,30,31,32,6,7,8,9,10,11,12,13,14,15,16,17,18,19,20,
3,21,22,23,24,25,26,1,2,3,4,5,27,28,29,30,31,32,6,7,8,9,10,16,17,18,19,20,11,12,13,14,15,
1,21,22,23,24,25,26,1,2,3,4,5,27,28,29,30,31,32,11,12,13,14,15,16,17,18,19,20,6,7,8,9,10,
1,21,22,23,24,25,26,1,2,3,4,5,27,28,29,30,31,32,16,17,18,19,20,6,7,8,9,10,11,12,13,14,15,
1,21,22,23,24,25,26,1,2,3,4,5,27,28,29,30,31,32,16,17,18,19,20,11,12,13,14,15,6,7,8,9,10,
1,21,22,23,24,25,26,1,6,16,
1,21,22,23,24,25,26,2,1,3,4,
1,21,22,23,24,25,26,6,7,8,9,10,
1,21,22,23,24,25,26,6,7,8,9,10,1,2,3,4,5,11,12,13,14,15,16,17,18,19,20,27,28,29,30,31,32,
2,21,22,23,24,25,26,6,7,8,9,10,1,2,3,4,5,16,17,18,19,20,11,12,13,14,15,27,28,29,30,31,32,
1,21,22,23,24,25,26,6,7,8,9,10,1,2,3,4,5,27,28,29,30,31,32,16,17,18,19,20,11,12,13,14,15,
2,21,22,23,24,25,26,6,7,8,9,10,11,12,13,14,15,16,17,18,19,20,1,2,3,4,5,27,28,29,30,31,32,
2,21,22,23,24,25,26,6,7,8,9,10,11,12,13,14,15,16,17,18,19,20,27,28,29,30,31,32,1,2,3,4,5,
1,21,22,23,24,25,26,6,7,8,9,10,16,17,18,19,20,
1,21,22,23,24,25,26,6,7,8,9,10,16,17,18,19,20,1,2,3,4,5,11,12,13,14,15,27,28,29,30,31,32,
1,21,22,23,24,25,26,6,7,8,9,10,16,17,18,19,20,11,12,13,14,15,1,2,3,4,5,
1,21,22,23,24,25,26,6,7,8,9,10,16,17,18,19,20,11,12,13,14,15,1,2,3,4,5,27,28,29,30,31,32,
1,21,22,23,24,25,26,6,7,8,9,10,16,17,18,19,20,11,12,13,14,15,28,29,30,31,32,3,4,5,2,27,1,
1,21,22,23,24,25,26,6,7,8,9,10,27,28,29,30,31,32,16,17,18,19,20,11,12,13,14,15,1,2,3,4,5,
1,21,22,23,24,25,26,11,12,13,14,15,
4,21,22,23,24,25,26,11,12,13,14,15,1,2,3,4,5,6,7,8,9,10,16,17,18,19,20,27,28,29,30,31,32,
1,21,22,23,24,25,26,11,12,13,14,15,1,2,3,4,5,6,7,8,9,10,27,28,29,30,31,32,16,17,18,19,20,
1,21,22,23,24,25,26,11,12,13,14,15,6,7,8,9,10,1,2,3,4,5,27,28,29,30,31,32,
1,21,22,23,24,25,26,11,12,13,14,15,16,17,18,19,20,6,7,8,9,10,1,2,3,4,5,27,28,29,30,31,32,
1,21,22,23,24,25,26,11,12,13,14,15,27,28,29,30,31,32,6,7,8,9,10,1,2,3,4,5,
1,21,22,23,24,25,26,11,12,13,14,15,27,28,29,30,31,32,16,17,18,19,20,6,7,8,9,10,1,2,3,4,5,
8,21,22,23,24,25,26,16,17,18,19,20,
1,21,22,23,24,25,26,16,17,18,19,20,1,2,3,4,5,6,7,8,9,10,11,12,13,14,15,
1,21,22,23,24,25,26,16,17,18,19,20,1,2,3,4,5,6,7,8,9,10,27,28,29,30,31,32,
1,21,22,23,24,25,26,16,17,18,19,20,1,2,3,4,5,11,12,13,14,15,6,7,8,9,10,27,28,29,30,31,32,
1,21,22,23,24,25,26,16,17,18,19,20,6,7,8,9,10,1,2,3,4,5,27,28,29,30,31,32,11,12,13,14,15,
2,21,22,23,24,25,26,16,17,18,19,20,11,12,13,14,15,6,7,8,9,10,1,2,3,4,5,27,28,29,30,31,32,
1,21,22,23,24,25,26,16,17,18,19,20,11,12,13,14,15,6,7,8,9,10,27,28,29,30,31,32,1,2,3,4,5,
1,21,22,23,24,25,26,16,17,18,19,20,27,28,29,30,31,32,1,2,3,4,5,6,7,8,9,10,11,12,13,14,15,
1,21,22,23,24,25,26,16,17,18,19,20,27,28,29,30,31,32,6,7,8,9,10,1,2,3,4,5,11,12,13,14,15,
1,21,22,23,24,25,26,16,17,18,19,20,27,28,29,30,31,32,11,12,13,14,15,1,2,3,4,5,6,7,8,9,10,
2,21,22,23,24,25,26,16,17,18,19,20,27,28,29,30,31,32,11,12,13,14,15,6,7,8,9,10,1,2,3,4,5,
16,21,22,23,24,25,26,27,28,29,30,31,32,
2,21,22,23,24,25,26,27,28,29,30,31,32,1,2,3,4,5,11,12,13,14,15,6,7,8,9,10,16,17,18,19,20,
2,21,22,23,24,25,26,27,28,29,30,31,32,1,2,3,4,5,11,12,13,14,15,16,17,18,19,20,6,7,8,9,10,
1,21,22,23,24,25,26,27,28,29,30,31,32,1,2,3,4,5,16,17,18,19,20,6,7,8,9,10,11,12,13,14,15,
1,21,22,23,24,25,26,27,28,29,30,31,32,1,2,3,4,5,16,17,18,19,20,11,12,13,14,15,6,7,8,9,10,
1,21,22,23,24,25,26,27,28,29,30,31,32,6,7,8,9,10,1,2,3,4,5,11,12,13,14,15,16,17,18,19,20,
1,21,22,23,24,25,26,27,28,29,30,31,32,6,7,8,9,10,16,17,18,19,20,1,2,3,4,5,11,12,13,14,15,
1,21,22,23,24,25,26,27,28,29,30,31,32,11,12,13,14,15,1,2,3,4,5,16,17,18,19,20,6,7,8,9,10,
1,21,22,23,24,25,26,27,28,29,30,31,32,11,12,13,14,15,6,7,8,9,10,1,2,3,4,5,
1,21,22,23,24,25,26,27,28,29,30,31,32,11,12,13,14,15,6,7,8,9,10,1,2,3,4,5,16,17,18,19,20,
2,21,22,23,24,25,26,27,28,29,30,31,32,11,12,13,14,15,16,17,18,19,20,1,2,3,4,5,6,7,8,9,10,
2,21,22,23,24,25,26,27,28,29,30,31,32,11,12,13,14,15,16,17,18,19,20,6,7,8,9,10,1,2,3,4,5,
2,21,22,23,24,25,26,27,28,29,30,31,32,16,17,18,19,20,1,2,3,4,5,11,12,13,14,15,6,7,8,9,10,
1,21,22,23,24,25,26,27,28,29,30,31,32,16,17,18,19,20,6,7,8,9,10,
1,21,22,23,24,25,26,27,28,29,30,31,32,16,17,18,19,20,6,7,8,9,10,1,2,3,4,5,11,12,13,14,15,
3,21,22,23,24,25,26,27,28,29,30,31,32,16,17,18,19,20,6,7,8,9,10,11,12,13,14,15,1,2,3,4,5,
1,21,22,23,24,25,26,27,28,29,30,31,32,16,17,18,19,20,11,12,13,14,15,6,7,8,9,10,
12,21,22,23,24,25,26,27,28,29,30,31,32,16,17,18,19,20,11,12,13,14,15,6,7,8,9,10,1,2,3,4,5,
1,21,22,23,24,26,25,
1,21,22,23,24,26,27,31,
1,21,22,23,25,24,26,
2,21,22,23,25,26,
1,21,22,23,26,24,25,
1,21,22,23,27,31,
1,21,22,25,23,26,
1,21,22,25,24,23,
1,21,22,25,26,23,
1,21,22,25,26,23,24,
1,21,22,26,23,24,
2,21,22,26,25,24,23,
1,21,22,27,13,20,28,30,
1,21,22,27,16,28,1,6,9,30,
1,21,22,27,28,23,29,1,
1,21,22,28,16,17,
1,21,22,31,16,1,13,17,26,32,
1,21,23,1,22,2,5,25,24,26,
1,21,23,20,1,6,11,
1,21,23,22,1,
1,21,23,22,1,2,3,4,5,24,25,26,15,
1,21,23,22,24,25,26,
1,21,23,22,25,5,26,
1,21,23,24,22,25,
1,21,23,24,22,25,26,
1,21,23,25,22,24,26,
1,21,23,26,25,22,24,
1,21,24,22,23,25,
1,21,24,22,26,23,
1,21,24,23,25,22,
1,21,25,22,23,24,26,
1,21,25,22,26,23,24,
1,21,25,22,26,24,
1,21,25,24,26,22,23,
1,21,25,26,22,23,24,
1,21,25,26,24,23,22,
1,21,26,24,22,25,23,
1,21,26,24,23,22,
1,21,26,24,23,25,22,
1,21,27,1,2,3,4,5,22,23,24,25,26,28,29,30,31,32,
1,21,27,1,5,8,
2,21,27,1,5,22,23,24,25,26,
1,21,27,1,6,13,
1,21,27,1,8,26,
1,21,27,1,16,2,22,17,29,23,
1,21,27,1,16,23,24,
1,21,27,1,16,25,30,
1,21,27,1,23,26,
1,21,27,2,31,29,
1,21,27,6,16,23,
1,21,27,6,20,10,22,
1,21,27,11,6,28,22,
1,21,27,11,16,1,
1,21,27,11,16,1,6,22,
1,21,27,11,16,6,
1,21,27,13,1,28,16,
1,21,27,16,1,11,17,
1,21,27,16,1,25,
1,21,27,16,1,31,
1,21,27,16,11,6,
1,21,27,16,11,22,
1,21,27,16,17,25,
1,21,27,16,19,13,
1,21,27,16,22,23,
1,21,27,17,1,22,
1,21,27,20,6,13,
1,21,27,25,30,1,
1,21,27,28,16,11,
2,21,27,28,29,30,31,32,
1,21,31,17,1,8,
1,21,31,27,1,22,16,32,13,28,
1,21,32,16,22,23,
3,22,
2,22,1,2,16,27,
1,22,1,2,23,21,
1,22,1,2,27,17,11,13,21,20,25,31,6,
1,22,1,2,27,21,
1,22,1,4,26,2,
1,22,1,7,12,17,23,32,3,8,13,19,24,27,9,26,10,
1,22,1,21,
4,22,1,21,2,3,4,5,23,
1,22,1,21,2,17,28,
1,22,1,21,4,23,24,26,
1,22,1,21,16,2,23,3,
1,22,1,21,16,23,
1,22,1,25,3,26,21,
1,22,1,27,13,9,
1,22,1,27,18,21,
1,22,2,1,21,
1,22,2,1,21,3,
2,22,2,1,21,23,
1,22,2,1,21,23,25,6,
1,22,2,1,21,23,26,24,25,
1,22,2,1,23,26,
1,22,2,1,26,23,
1,22,2,3,1,21,
1,22,2,6,3,11,
1,22,2,7,6,17,
1,22,2,16,17,18,19,20,
2,22,2,16,20,21,
1,22,2,16,21,17,
1,22,2,17,1,16,
1,22,2,20,10,15,
1,22,2,20,11,23,
1,22,2,21,1,3,
1,22,2,21,1,6,25,
1,22,2,21,1,16,
1,22,2,21,1,16,17,
1,22,2,21,1,23,
1,22,2,21,1,26,
1,22,2,21,16,25,
2,22,2,21,23,24,
1,22,2,21,23,24,25,
1,22,2,21,23,24,25,26,17,
1,22,2,23,21,1,
1,22,2,24,16,13,
1,22,2,26,23,21,25,24,
1,22,2,27,21,4,
1,22,2,27,23,14,
1,22,4,17,15,31,26,
1,22,6,1,12,21,
1,22,6,2,1,11,12,13,25,27,31,28,17,23,5,15,19,
1,22,6,7,8,27,1,9,10,5,16,3,17,20,28,29,30,18,19,31,32,2,4,11,12,13,14,15,21,23,24,25,26,
1,22,6,7,21,23,24,25,26,
1,22,6,9,8,7,
1,22,6,10,1,13,12,
1,22,6,11,31,21,
1,22,6,17,20,16,1,2,21,27,
1,22,6,21,1,28,
1,22,6,21,16,11,
1,22,6,21,23,24,25,26,
1,22,6,21,28,1,2,
1,22,6,27,2,20,16,23,9,3,
1,22,6,27,17,10,
1,22,6,31,27,2,
1,22,9,21,23,6,7,8,10,24,25,26,12,13,11,14,15,
1,22,10,3,15,28,
1,22,11,6,13,16,23,
1,22,11,18,8,32,
1,22,11,27,18,31,
1,22,12,21,25,15,
1,22,12,31,27,19,16,
1,22,16,11,1,27,
1,22,16,11,23,24,26,
1,22,16,17,2,23,26,
1,22,16,17,2,27,
1,22,16,17,11,1,
1,22,16,17,11,27,6,1,28,18,12,7,2,
1,22,16,17,19,2,
1,22,16,18,11,21,20,17,32,
1,22,16,18,19,27,
1,22,16,18,20,27,
1,22,16,21,27,25,
1,22,16,24,21,26,
1,22,16,27,1,21,31,
1,22,16,27,11,13,
1,22,16,27,17,13,12,
1,22,16,27,20,15,
1,22,16,28,18,19,27,25,23,31,
1,22,16,31,24,27,
1,22,16,31,25,1,
1,22,17,2,6,1,
1,22,17,5,21,1,
1,22,17,6,32,15,
1,22,17,16,1,31,
1,22,17,16,11,21,27,25,
1,22,17,16,32,11,
1,22,17,27,32,21,
1,22,18,3,27,31,25,
1,22,19,31,12,16,21,27,
1,22,20,27,25,28,
1,22,20,30,2,17,
1,22,21,
1,22,21,1,2,11,
1,22,21,1,3,2,
1,22,21,1,6,23,
1,22,21,1,13,27,
1,22,21,1,27,17,
1,22,21,1,29,27,
2,22,21,2,1,23,
1,22,21,2,1,23,27,25,26,24,
1,22,21,2,4,27,
1,22,21,2,23,24,25,26,1,3,17,
1,22,21,6,23,24,
1,22,21,16,1,25,
1,22,21,16,6,28,
1,22,21,16,11,1,
1,22,21,16,17,1,2,
1,22,21,16,28,4,
1,22,21,16,31,1,
1,22,21,17,23,2,
1,22,21,19,31,27,
1,22,21,23,1,2,
1,22,21,23,1,11,
1,22,21,23,2,24,
1,22,21,23,2,27,1,24,25,6,11,16,
2,22,21,23,3,24,25,26,1,6,
1,22,21,23,6,11,2,
1,22,21,23,6,17,
1,22,21,23,17,31,
1,22,21,23,24,20,
11,22,21,23,24,25,
95,22,21,23,24,25,26,
2,22,21,23,24,25,26,1,2,3,4,5,
2,22,21,23,24,25,26,1,2,3,4,5,16,17,18,19,20,
1,22,21,23,24,25,26,2,
1,22,21,23,24,25,26,2,6,
1,22,21,23,24,25,26,16,17,18,19,20,2,1,3,4,5,11,12,13,14,15,6,7,8,9,10,32,31,30,29,28,27,
2,22,21,23,24,26,
1,22,21,23,24,26,2,25,
2,22,21,23,25,24,26,
2,22,21,23,25,26,
1,22,21,23,26,17,
2,22,21,23,26,24,25,
1,22,21,23,26,25,24,
1,22,21,23,27,24,
1,22,21,24,23,25,
1,22,21,24,23,25,26,
1,22,21,24,25,26,
1,22,21,24,26,23,25,
1,22,21,25,24,26,23,
1,22,21,25,26,24,23,
1,22,21,25,27,1,
1,22,21,26,1,2,24,23,25,27,29,
1,22,21,26,10,23,
1,22,21,26,23,24,25,
1,22,21,26,25,1,27,23,24,
2,22,21,26,25,24,23,
1,22,21,27,16,23,17,13,11,
1,22,21,27,25,23,
1,22,21,27,30,25,
3,22,23,1,2,21,26,24,25,4,5,3,
1,22,23,1,3,16,
1,22,23,2,21,24,6,11,16,1,
1,22,23,2,25,1,
1,22,23,2,28,1,27,
1,22,23,7,27,28,
1,22,23,16,17,21,20,19,18,
1,22,23,19,17,11,18,
1,22,23,19,18,31,
1,22,23,21,1,27,
2,22,23,21,24,25,
2,22,23,21,24,26,25,
1,22,23,24,17,2,
1,22,23,24,21,25,
2,22,23,24,21,25,26,
1,22,23,24,25,21,
1,22,23,24,25,21,26,
1,22,23,24,25,26,
4,22,23,24,25,26,21,
1,22,23,24,25,26,21,2,6,7,8,10,9,
1,22,23,24,26,8,
1,22,23,24,26,21,25,
1,22,23,25,21,24,26,
1,22,23,25,24,21,26,
4,22,23,26,21,24,
2,22,23,26,21,24,25,
1,22,23,26,25,24,21,
1,22,24,23,25,26,
1,22,25,16,10,4,
1,22,25,20,11,27,
1,22,25,21,23,24,
1,22,25,21,26,24,23,
1,22,25,21,27,31,
1,22,25,26,1,5,
1,22,25,26,24,21,
1,22,25,27,20,15,
2,22,26,21,23,24,25,
1,22,26,23,24,25,21,
1,22,26,24,21,5,
1,22,26,24,21,23,
1,22,26,24,23,25,
1,22,26,24,25,23,
1,22,26,24,25,23,21,
1,22,26,25,24,23,21,
1,22,26,31,21,19,20,17,16,18,23,24,25,27,28,29,30,32,
1,22,27,1,10,19,
1,22,27,1,21,23,24,
1,22,27,1,28,23,
1,22,27,1,31,29,
1,22,27,2,16,23,11,13,21,6,1,32,26,
1,22,27,2,26,31,
1,22,27,6,11,3,
1,22,27,6,16,17,
1,22,27,6,21,23,
1,22,27,11,1,32,
1,22,27,11,13,26,
1,22,27,11,17,6,
1,22,27,16,1,11,
1,22,27,16,1,31,
1,22,27,16,17,20,
1,22,27,16,20,6,
1,22,27,16,28,25,
1,22,27,17,12,31,25,
1,22,27,21,1,23,
1,22,27,21,1,31,
1,22,27,21,16,11,1,6,29,12,13,32,17,19,28,30,31,
1,22,27,21,23,3,24,25,29,32,
1,22,27,21,23,24,
1,22,27,21,28,25,
1,22,27,21,28,29,
1,22,27,21,31,32,
1,22,27,23,24,21,
1,22,27,25,11,20,
1,22,27,25,31,26,32,23,
1,22,27,28,2,29,
1,22,27,28,11,13,12,29,30,14,
1,22,27,28,23,17,16,1,
1,22,27,28,31,16,
1,22,27,31,12,17,
1,22,27,31,17,1,
1,22,27,31,23,3,
1,22,27,31,23,16,17,13,14,18,20,2,
1,22,27,31,23,26,
1,22,28,1,31,29,
1,22,28,6,29,9,
1,22,28,17,16,11,2,6,18,19,
1,22,28,21,23,27,13,10,26,32,
1,22,28,27,16,5,1,3,23,
1,22,28,31,20,11,
1,22,29,31,27,21,32,
1,22,29,31,32,21,27,1,30,28,
1,22,30,20,17,7,
1,22,31,2,27,23,
1,22,31,21,2,27,1,
2,22,31,23,1,21,
1,22,31,25,26,10,
1,22,31,27,21,2,
1,22,32,16,1,10,13,
1,22,32,25,6,2,28,20,15,31,
3,22,32,27,5,12,
1,23,3,27,12,20,9,
1,23,6,22,11,18,
1,23,16,17,27,22,
1,23,21,22,27,1,4,3,
1,23,21,26,22,25,24,
1,23,21,26,24,22,25,
1,23,21,26,24,25,22,27,2,1,
2,23,22,16,17,6,
2,23,22,21,24,25,26,
1,23,22,27,16,17,
1,23,24,25,26,21,22,1,2,3,4,5,32,31,30,29,28,27,20,19,18,15,14,13,12,11,10,9,8,7,17,16,6,
1,23,26,21,13,27,
1,23,27,1,21,22,
1,23,27,11,30,32,
1,23,27,16,17,18,
1,24,20,16,28,21,
1,24,20,30,13,21,
1,24,22,21,23,25,26,
1,24,32,1,14,27,
1,25,21,24,26,22,23,
1,25,22,23,24,26,
1,25,22,27,1,13,32,20,
1,25,24,26,21,22,23,5,20,
1,25,26,24,23,22,
1,25,30,14,4,19,22,32,
1,25,31,2,5,3,
1,26,3,7,32,12,
1,26,10,8,15,13,20,19,25,24,
1,26,18,28,4,22,
1,26,25,24,23,22,21,1,2,3,4,5,
1,27,1,2,3,4,5,
1,27,1,2,16,6,
1,27,1,2,17,16,6,
1,27,1,2,28,29,
1,27,1,2,28,31,
1,27,1,2,31,22,
1,27,1,3,10,16,
1,27,1,3,16,28,
1,27,1,3,17,13,
1,27,1,3,22,20,
1,27,1,4,2,3,
1,27,1,5,31,16,22,4,2,17,
1,27,1,6,11,16,
1,27,1,6,13,15,
1,27,1,6,18,24,
1,27,1,6,21,16,
1,27,1,6,21,16,11,
1,27,1,10,13,7,
1,27,1,11,16,6,
1,27,1,11,16,6,21,
1,27,1,11,16,13,25,
2,27,1,11,16,17,
1,27,1,11,16,28,30,13,
1,27,1,11,21,16,
1,27,1,11,30,32,2,13,28,29,31,3,4,5,
1,27,1,11,32,20,
1,27,1,13,11,16,6,21,
1,27,1,13,17,3,32,31,30,29,28,
1,27,1,13,22,32,
1,27,1,16,2,32,
1,27,1,16,6,13,19,
2,27,1,16,11,21,
1,27,1,16,11,21,6,28,29,30,31,32,
1,27,1,16,17,6,
1,27,1,16,17,11,
1,27,1,16,17,18,
1,27,1,16,17,20,
1,27,1,16,17,22,13,32,11,6,31,
1,27,1,16,17,22,13,32,21,11,6,
1,27,1,16,17,28,
1,27,1,16,17,30,
1,27,1,16,17,31,
1,27,1,16,21,11,
1,27,1,16,22,31,
3,27,1,16,28,2,
1,27,1,16,30,17,
1,27,1,16,31,13,
1,27,1,17,14,8,6,3,2,10,9,12,16,19,26,25,23,4,7,15,11,13,5,
1,27,1,17,20,29,
1,27,1,17,25,10,
1,27,1,17,31,11,
1,27,1,17,32,5,
1,27,1,17,32,16,29,3,
1,27,1,18,22,16,
1,27,1,18,24,31,
1,27,1,19,17,13,8,
1,27,1,20,6,21,
1,27,1,20,13,3,
1,27,1,20,13,22,21,32,16,11,
1,27,1,21,6,2,16,11,
1,27,1,21,12,4,
1,27,1,21,19,14,
1,27,1,21,22,11,
1,27,1,21,22,16,
1,27,1,21,22,28,
1,27,1,21,28,31,5,29,30,32,
1,27,1,22,2,20,
1,27,1,22,11,31,
1,27,1,22,21,20,
1,27,1,22,29,16,17,11,13,
1,27,1,23,32,3,
1,27,1,28,8,17,
1,27,1,28,29,31,6,7,
1,27,1,30,17,16,20,3,5,6,28,29,31,32,21,22,23,24,25,26,18,13,14,2,4,7,8,9,10,15,19,12,11,
1,27,1,31,4,30,
1,27,1,31,16,3,11,
1,27,1,31,21,14,19,
1,27,1,31,25,14,
1,27,1,31,29,30,
1,27,1,32,3,16,
1,27,1,32,5,3,
1,27,1,32,20,28,
1,27,2,3,32,9,
1,27,2,6,16,17,
1,27,2,11,28,16,
1,27,2,16,29,
1,27,2,16,32,20,
1,27,2,17,28,5,
1,27,2,17,32,13,
1,27,2,20,1,28,
1,27,2,21,28,31,
1,27,2,22,18,19,
1,27,2,28,11,16,
1,27,2,28,29,30,
1,27,2,29,1,28,
1,27,3,1,5,6,17,
1,27,3,1,17,16,
1,27,3,2,16,21,
1,27,3,12,2,20,
1,27,3,18,16,32,
1,27,3,22,2,32,
1,27,3,23,31,24,
1,27,5,2,21,16,
1,27,5,32,16,31,
1,27,6,1,11,16,
1,27,6,1,16,21,11,
1,27,6,1,16,22,2,32,21,
1,27,6,1,19,32,
1,27,6,1,26,20,
1,27,6,1,28,16,
1,27,6,2,31,21,
1,27,6,2,31,29,
1,27,6,11,16,28,29,30,31,32,
1,27,6,11,18,22,
1,27,6,13,23,21,
1,27,6,13,23,31,
1,27,6,16,17,1,
1,27,6,16,17,25,22,32,29,13,
1,27,6,16,28,1,
1,27,6,21,11,28,29,13,16,
1,27,6,21,28,11,31,
1,27,6,28,8,9,
1,27,6,28,11,16,
1,27,6,28,29,30,31,
1,27,6,29,22,31,
1,27,6,31,2,29,
1,27,6,31,22,16,
1,27,8,12,32,3,
1,27,8,17,23,26,
1,27,9,6,7,8,10,5,26,25,32,31,30,29,28,24,20,14,4,1,2,3,11,12,13,15,21,22,23,19,18,17,16,
1,27,10,12,15,21,
1,27,11,1,12,13,
1,27,11,1,16,12,22,21,
1,27,11,1,16,17,3,
1,27,11,1,16,28,
1,27,11,1,21,13,
1,27,11,6,1,21,
1,27,11,6,21,16,28,12,7,22,17,
1,27,11,6,28,12,
2,27,11,12,13,14,
1,27,11,12,31,16,17,21,19,24,
1,27,11,13,25,32,
1,27,11,13,29,32,
1,27,11,13,32,16,31,
1,27,11,16,1,13,
1,27,11,16,1,17,
3,27,11,16,17,1,
1,27,11,16,17,1,29,
1,27,11,16,17,21,
1,27,11,16,17,25,
1,27,11,16,18,20,19,
1,27,11,16,18,28,17,
1,27,11,16,28,25,
1,27,11,17,16,21,
1,27,11,18,23,14,
1,27,11,18,28,22,
2,27,11,22,13,32,28,31,4,1,
1,27,11,22,18,2,
1,27,11,28,6,16,17,30,31,
1,27,11,28,31,16,
1,27,11,30,16,20,
1,27,11,31,2,1,12,13,
1,27,11,32,21,16,13,1,17,
1,27,12,1,28,29,
1,27,12,18,20,28,29,30,31,32,
1,27,12,28,29,30,31,32,
1,27,13,2,20,31,
1,27,13,8,17,5,
1,27,13,11,21,9,
1,27,13,16,32,17,1,
1,27,13,20,17,16,
1,27,13,28,31,16,
1,27,13,31,30,1,
1,27,13,31,32,11,22,
1,27,14,16,7,24,32,4,22,19,
1,27,16,
1,27,16,1,
1,27,16,1,2,30,
1,27,16,1,3,17,
1,27,16,1,8,32,
1,27,16,1,11,6,21,
1,27,16,1,11,18,
1,27,16,1,11,22,
1,27,16,1,13,32,25,
1,27,16,1,17,20,
1,27,16,1,17,28,
1,27,16,1,17,31,
1,27,16,1,17,32,
1,27,16,1,18,21,
1,27,16,1,20,11,
1,27,16,1,21,17,22,11,
1,27,16,1,21,20,
1,27,16,1,22,28,
1,27,16,1,28,13,11,17,31,3,
1,27,16,1,28,22,21,
1,27,16,1,28,25,
1,27,16,1,28,31,
1,27,16,1,31,30,
1,27,16,1,32,13,28,2,25,21,18,
1,27,16,2,1,20,
1,27,16,2,11,28,18,
1,27,16,3,20,11,17,
1,27,16,6,1,11,
1,27,16,6,1,17,
1,27,16,6,1,22,
1,27,16,6,17,22,13,9,5,15,20,10,14,19,18,12,7,2,3,8,1,11,
1,27,16,6,20,1,
1,27,16,8,1,31,
1,27,16,11,1,13,
1,27,16,11,1,17,
1,27,16,11,1,17,6,
1,27,16,11,1,32,
1,27,16,11,6,31,
1,27,16,11,6,32,
1,27,16,11,17,1,
1,27,16,11,17,13,
1,27,16,11,17,20,
1,27,16,11,17,21,1,28,29,13,
1,27,16,11,20,13,
1,27,16,11,25,30,
1,27,16,11,28,20,
1,27,16,11,30,22,
1,27,16,11,31,17,32,29,28,6,
1,27,16,11,31,29,
1,27,16,11,31,32,
1,27,16,11,32,28,
1,27,16,12,1,6,22,
1,27,16,13,1,32,
1,27,16,13,11,17,5,31,30,
1,27,16,13,17,30,18,
1,27,16,13,30,1,
1,27,16,17,1,3,29,18,19,2,6,32,20,
3,27,16,17,1,11,
1,27,16,17,1,18,
1,27,16,17,1,21,
1,27,16,17,1,28,
2,27,16,17,1,31,
2,27,16,17,2,1,
1,27,16,17,2,3,31,18,
1,27,16,17,2,28,
1,27,16,17,2,32,28,6,
1,27,16,17,6,11,
1,27,16,17,6,28,
1,27,16,17,6,28,29,30,18,14,
1,27,16,17,6,31,
1,27,16,17,11,1,
2,27,16,17,11,1,6,
1,27,16,17,11,6,22,21,18,29,
1,27,16,17,11,12,28,
2,27,16,17,11,13,29,18,19,12,6,32,20,
1,27,16,17,11,18,22,30,
1,27,16,17,11,20,
1,27,16,17,11,21,1,6,
1,27,16,17,11,31,
1,27,16,17,13,1,32,
1,27,16,17,13,32,20,
1,27,16,17,18,3,11,
2,27,16,17,18,12,
1,27,16,17,18,19,
2,27,16,17,18,19,13,11,
1,27,16,17,18,19,20,28,29,30,31,32,
1,27,16,17,18,20,
1,27,16,17,18,20,2,1,3,4,5,6,7,8,9,10,11,12,13,14,15,19,28,29,30,31,32,21,22,23,24,25,26,
2,27,16,17,18,28,
1,27,16,17,19,13,
1,27,16,17,19,28,
2,27,16,17,20,1,
1,27,16,17,20,3,
1,27,16,17,20,18,
1,27,16,17,20,18,19,
1,27,16,17,20,21,
1,27,16,17,20,30,28,3,19,18,
1,27,16,17,20,31,
1,27,16,17,22,13,
1,27,16,17,22,20,
1,27,16,17,22,28,
1,27,16,17,22,32,20,26,
3,27,16,17,28,20,
1,27,16,17,28,29,
2,27,16,17,28,31,
1,27,16,17,29,1,
1,27,16,17,30,1,
1,27,16,17,30,18,
1,27,16,17,31,2,
1,27,16,17,31,18,
1,27,16,17,31,29,
2,27,16,17,31,32,
1,27,16,17,31,32,1,
1,27,16,17,32,12,
2,27,16,17,32,13,
1,27,16,17,32,30,1,
1,27,16,17,32,31,
1,27,16,18,4,17,
1,27,16,18,6,2,
1,27,16,18,17,31,
1,27,16,18,32,1,
1,27,16,19,20,32,
1,27,16,20,1,21,6,3,18,
1,27,16,20,1,31,
1,27,16,20,2,11,
1,27,16,20,6,22,19,
1,27,16,20,13,21,22,
1,27,16,20,13,32,
1,27,16,20,17,11,
1,27,16,20,17,13,
1,27,16,20,17,18,
1,27,16,20,17,30,
1,27,16,20,17,31,28,
1,27,16,20,18,31,
1,27,16,20,28,11,
1,27,16,20,31,17,
2,27,16,20,31,32,
1,27,16,20,32,13,1,
1,27,16,21,1,11,
1,27,16,21,1,22,17,18,19,32,
1,27,16,21,1,32,22,17,18,19,
1,27,16,21,6,1,
1,27,16,21,11,1,
1,27,16,21,11,6,
1,27,16,21,11,6,1,
1,27,16,21,20,13,
1,27,16,21,20,22,
1,27,16,21,22,28,
1,27,16,22,11,17,
1,27,16,22,12,24,
1,27,16,22,20,1,13,
1,27,16,22,20,31,
1,27,16,23,1,32,
1,27,16,25,17,20,
1,27,16,28,6,17,
1,27,16,28,11,29,
1,27,16,28,11,32,25,22,17,29,5,
1,27,16,28,17,19,
1,27,16,28,20,6,
1,27,16,28,29,6,
3,27,16,28,29,30,
1,27,16,28,29,30,31,32,
1,27,16,28,29,32,
1,27,16,28,32,11,
1,27,16,29,5,4,14,
1,27,16,29,17,1,
1,27,16,29,30,31,32,
1,27,16,30,20,17,
1,27,16,31,1,2,
1,27,16,31,1,12,28,2,6,
1,27,16,31,11,13,2,18,17,22,
1,27,16,31,13,11,
1,27,16,31,17,3,
1,27,16,31,17,29,
1,27,16,31,18,32,28,
1,27,16,31,21,11,
2,27,16,31,28,17,
1,27,16,31,29,32,
1,27,16,32,1,8,
1,27,16,32,1,11,
1,27,16,32,8,18,
1,27,16,32,9,28,
1,27,16,32,10,28,
1,27,16,32,13,31,19,
1,27,16,32,20,1,
1,27,16,32,20,4,
1,27,17,1,4,32,
1,27,17,1,16,4,11,6,13,
1,27,17,2,31,5,
1,27,17,6,11,1,
1,27,17,7,1,3,8,13,23,9,
1,27,17,11,1,6,
1,27,17,11,1,6,21,
1,27,17,11,2,1,22,16,
1,27,17,11,13,20,
1,27,17,11,16,30,
1,27,17,11,20,29,
1,27,17,11,31,21,
1,27,17,12,16,1,
1,27,17,13,9,3,
1,27,17,16,1,2,30,
1,27,17,16,1,28,
1,27,17,16,2,1,
1,27,17,16,11,3,
1,27,17,16,11,29,
1,27,17,16,18,20,
1,27,17,16,20,31,
1,27,17,16,20,32,
1,27,17,16,22,28,
1,27,17,16,28,2,
1,27,17,16,32,20,
1,27,17,18,11,30,
1,27,17,19,2,22,
1,27,17,19,16,11,
1,27,17,19,16,29,11,3,18,
1,27,17,19,31,16,28,
1,27,17,20,16,11,
1,27,17,21,11,6,1,
1,27,17,22,16,31,
1,27,17,22,30,20,
1,27,17,28,1,30,
1,27,17,28,13,1,
1,27,17,28,16,6,
1,27,17,28,29,30,20,
1,27,17,30,11,1,
1,27,18,1,32,13,
2,27,18,11,30,16,
1,27,18,20,16,17,
1,27,18,28,29,30,11,
1,27,19,2,1,6,
1,27,19,11,31,1,28,
1,27,19,12,6,16,
1,27,19,16,17,1,
1,27,19,16,17,18,
1,27,19,16,17,21,
1,27,19,16,21,30,
1,27,19,32,30,28,
1,27,20,1,16,17,
1,27,20,1,16,28,11,18,13,30,
1,27,20,1,31,28,
1,27,20,6,22,17,18,31,11,
1,27,20,13,1,7,5,
1,27,20,13,17,16,21,30,18,1,
1,27,20,16,1,13,
1,27,20,16,13,1,
1,27,20,16,17,1,
1,27,20,16,17,28,6,
1,27,20,16,18,17,
1,27,20,17,11,25,
1,27,20,17,16,1,
1,27,20,17,16,31,
1,27,20,22,13,6,5,
1,27,20,28,16,1,
1,27,21,1,6,16,17,22,2,28,11,
1,27,21,1,9,6,11,
1,27,21,1,11,16,6,
1,27,21,1,14,31,
1,27,21,1,20,31,32,
1,27,21,1,25,16,17,
1,27,21,1,28,22,2,29,23,3,
1,27,21,1,28,29,22,23,2,3,6,11,16,30,31,32,24,25,26,4,5,7,8,9,10,12,13,14,15,17,18,19,20,
1,27,21,1,28,29,30,
1,27,21,1,29,32,
1,27,21,1,30,11,28,31,
1,27,21,2,1,22,
1,27,21,6,22,28,
3,27,21,11,1,16,6,28,22,29,
1,27,21,11,6,32,28,
1,27,21,11,16,1,6,28,22,29,
2,27,21,11,16,6,1,
1,27,21,16,1,6,29,22,17,2,3,4,5,
1,27,21,16,1,11,6,17,20,22,
1,27,21,16,1,11,31,17,13,
1,27,21,16,1,13,
1,27,21,16,6,
1,27,21,16,6,11,1,2,25,
1,27,21,16,6,17,
1,27,21,16,6,20,
1,27,21,16,11,6,1,28,22,17,
1,27,21,16,11,8,
1,27,21,16,11,13,
1,27,21,16,11,22,13,32,
1,27,21,16,13,6,
1,27,21,16,15,6,1,
1,27,21,16,17,25,
1,27,21,16,22,30,
1,27,21,16,22,31,
1,27,21,17,11,23,
2,27,21,19,16,29,
1,27,21,20,26,23,
1,27,21,22,16,13,
1,27,21,22,28,23,
1,27,21,22,30,20,16,
1,27,21,28,22,16,11,31,
1,27,21,28,22,29,30,31,32,1,
1,27,21,29,1,13,22,
1,27,21,30,25,1,
1,27,21,31,28,5,
1,27,21,32,16,31,
1,27,22,6,1,11,
1,27,22,6,17,16,18,
1,27,22,6,31,16,
1,27,22,11,1,32,
1,27,22,11,30,25,
1,27,22,12,7,2,
1,27,22,13,21,23,
1,27,22,13,28,11,12,29,23,21,
1,27,22,16,1,13,
1,27,22,16,1,28,17,
1,27,22,16,6,1,11,17,20,25,
1,27,22,16,6,31,
1,27,22,16,11,17,
1,27,22,16,13,31,32,21,26,11,
1,27,22,17,1,2,
1,27,22,17,11,6,
1,27,22,17,12,7,
1,27,22,17,13,10,
1,27,22,18,6,16,17,
1,27,22,19,18,13,
1,27,22,19,28,23,
1,27,22,19,32,30,
1,27,22,21,1,13,
1,27,22,21,23,1,13,
1,27,22,21,28,29,
1,27,22,21,28,32,
1,27,22,21,32,11,
1,27,22,26,21,28,
1,27,22,28,29,30,
2,27,22,28,29,31,32,17,30,
1,27,22,29,30,31,
1,27,22,30,3,32,13,20,29,26,
1,27,22,31,16,17,
1,27,22,31,16,17,1,9,25,
1,27,22,31,23,2,
1,27,22,31,28,29,
1,27,23,2,6,11,
1,27,23,16,11,6,
1,27,23,26,
1,27,23,31,29,26,
1,27,24,17,14,2,
1,27,24,21,16,6,
1,27,25,16,20,17,
1,27,25,17,20,16,21,
1,27,25,20,1,19,
1,27,25,22,17,13,
1,27,25,26,9,5,
1,27,28,1,17,19,8,
1,27,28,1,29,30,
1,27,28,1,31,14,
1,27,28,5,10,15,32,31,30,29,4,3,2,1,9,8,7,6,14,13,12,11,20,19,18,17,16,26,24,23,22,21,25,
1,27,28,6,11,32,16,12,29,30,
1,27,28,6,16,17,32,13,
1,27,28,6,16,29,30,
1,27,28,6,22,31,7,21,30,8,
1,27,28,6,29,30,31,32,16,13,
1,27,28,7,6,9,
1,27,28,10,32,20,
1,27,28,11,6,16,
1,27,28,11,13,30,16,
1,27,28,11,16,17,
2,27,28,11,16,17,29,12,
1,27,28,11,17,31,
1,27,28,11,29,30,31,16,
1,27,28,12,6,21,
1,27,28,16,1,11,
1,27,28,16,1,21,
1,27,28,16,6,20,
1,27,28,16,11,1,6,21,32,25,
2,27,28,16,17,1,
1,27,28,16,17,3,
4,27,28,16,17,20,
1,27,28,16,17,29,
1,27,28,16,17,32,29,18,31,20,
1,27,28,16,18,20,13,1,11,17,
1,27,28,16,20,18,29,
1,27,28,16,29,17,
2,27,28,16,29,30,
1,27,28,16,32,11,
2,27,28,17,16,20,
1,27,28,17,23,13,
1,27,28,18,1,6,
1,27,28,18,11,6,
1,27,28,20,1,29,32,31,16,17,
1,27,28,20,16,31,18,13,11,1,
1,27,28,20,17,16,
1,27,28,22,11,1,21,23,24,25,26,
1,27,28,29,11,6,7,
1,27,28,29,11,12,13,
1,27,28,29,16,17,21,6,25,26,
1,27,28,29,21,11,
1,27,28,29,30,21,11,
1,27,28,29,30,21,22,23,11,12,13,14,15,
1,27,28,29,30,21,31,32,
1,27,28,29,30,22,21,31,16,18,
34,27,28,29,30,31,
4018,27,28,29,30,31,32,
28,27,28,29,30,31,32,1,2,3,4,5,
5,27,28,29,30,31,32,1,2,3,4,5,6,7,8,9,10,
11,27,28,29,30,31,32,1,2,3,4,5,6,7,8,9,10,11,12,13,14,15,16,17,18,19,20,21,22,23,24,25,26,
5,27,28,29,30,31,32,1,2,3,4,5,6,7,8,9,10,11,12,13,14,15,21,22,23,24,25,26,16,17,18,19,20,
3,27,28,29,30,31,32,1,2,3,4,5,6,7,8,9,10,16,17,18,19,20,11,12,13,14,15,21,22,23,24,25,26,
4,27,28,29,30,31,32,1,2,3,4,5,6,7,8,9,10,21,22,23,24,25,26,11,12,13,14,15,16,17,18,19,20,
3,27,28,29,30,31,32,1,2,3,4,5,6,7,8,9,10,21,22,23,24,25,26,16,17,18,19,20,11,12,13,14,15,
5,27,28,29,30,31,32,1,2,3,4,5,11,12,13,14,15,6,7,8,9,10,16,17,18,19,20,21,22,23,24,25,26,
1,27,28,29,30,31,32,1,2,3,4,5,11,12,13,14,15,6,7,8,9,10,21,22,23,24,25,26,
2,27,28,29,30,31,32,1,2,3,4,5,11,12,13,14,15,6,7,8,9,10,21,22,23,24,25,26,16,17,18,19,20,
5,27,28,29,30,31,32,1,2,3,4,5,11,12,13,14,15,16,17,18,19,20,6,7,8,9,10,21,22,23,24,25,26,
3,27,28,29,30,31,32,1,2,3,4,5,11,12,13,14,15,16,17,18,19,20,21,22,23,24,25,26,6,7,8,9,10,
2,27,28,29,30,31,32,1,2,3,4,5,11,12,13,14,15,21,22,23,24,25,26,6,7,8,9,10,16,17,18,19,20,
1,27,28,29,30,31,32,1,2,3,4,5,11,12,13,14,15,21,22,23,24,25,26,16,17,18,19,20,6,7,8,9,10,
2,27,28,29,30,31,32,1,2,3,4,5,16,17,18,19,20,
6,27,28,29,30,31,32,1,2,3,4,5,16,17,18,19,20,6,7,8,9,10,11,12,13,14,15,21,22,23,24,25,26,
2,27,28,29,30,31,32,1,2,3,4,5,16,17,18,19,20,6,7,8,9,10,21,22,23,24,25,26,11,12,13,14,15,
5,27,28,29,30,31,32,1,2,3,4,5,16,17,18,19,20,11,12,13,14,15,6,7,8,9,10,21,22,23,24,25,26,
2,27,28,29,30,31,32,1,2,3,4,5,16,17,18,19,20,11,12,13,14,15,21,22,23,24,25,26,6,7,8,9,10,
2,27,28,29,30,31,32,1,2,3,4,5,16,17,18,19,20,21,22,23,24,25,26,6,7,8,9,10,11,12,13,14,15,
3,27,28,29,30,31,32,1,2,3,4,5,16,17,18,19,20,21,22,23,24,25,26,11,12,13,14,15,6,7,8,9,10,
2,27,28,29,30,31,32,1,2,3,4,5,21,22,23,24,25,26,
1,27,28,29,30,31,32,1,2,3,4,5,21,22,23,24,25,26,6,7,8,9,10,16,17,18,19,20,
2,27,28,29,30,31,32,1,2,3,4,5,21,22,23,24,25,26,11,12,13,14,15,6,7,8,9,10,16,17,18,19,20,
1,27,28,29,30,31,32,1,2,3,4,5,21,22,23,24,25,26,11,12,13,14,15,16,17,18,19,20,6,7,8,9,10,
1,27,28,29,30,31,32,1,2,3,4,5,21,22,23,24,25,26,16,17,18,19,20,
2,27,28,29,30,31,32,1,2,3,4,5,21,22,23,24,25,26,16,17,18,19,20,11,12,13,14,15,6,7,8,9,10,
1,27,28,29,30,31,32,2,6,11,
1,27,28,29,30,31,32,6,1,11,
10,27,28,29,30,31,32,6,7,8,9,10,
2,27,28,29,30,31,32,6,7,8,9,10,1,2,3,4,5,11,12,13,14,15,16,17,18,19,20,21,22,23,24,25,26,
1,27,28,29,30,31,32,6,7,8,9,10,1,2,3,4,5,16,17,18,19,20,
1,27,28,29,30,31,32,6,7,8,9,10,1,2,3,4,5,16,17,18,19,20,11,12,13,14,15,21,22,23,24,25,26,
1,27,28,29,30,31,32,6,7,8,9,10,1,2,3,4,5,21,22,23,24,25,26,11,12,13,14,15,16,17,18,19,20,
2,27,28,29,30,31,32,6,7,8,9,10,11,12,13,14,15,
1,27,28,29,30,31,32,6,7,8,9,10,11,12,13,14,15,1,2,3,4,5,21,22,23,24,25,26,16,17,18,19,20,
3,27,28,29,30,31,32,6,7,8,9,10,11,12,13,14,15,16,17,18,19,20,1,2,3,4,5,21,22,23,24,25,26,
4,27,28,29,30,31,32,6,7,8,9,10,11,12,13,14,15,16,17,18,19,20,21,22,23,24,25,26,1,2,3,4,5,
1,27,28,29,30,31,32,6,7,8,9,10,11,12,13,14,15,21,22,23,24,25,26,1,2,3,4,5,16,17,18,19,20,
2,27,28,29,30,31,32,6,7,8,9,10,11,12,13,14,15,21,22,23,24,25,26,16,17,18,19,20,
2,27,28,29,30,31,32,6,7,8,9,10,16,17,18,19,20,
4,27,28,29,30,31,32,6,7,8,9,10,16,17,18,19,20,1,2,3,4,5,11,12,13,14,15,21,22,23,24,25,26,
3,27,28,29,30,31,32,6,7,8,9,10,16,17,18,19,20,1,2,3,4,5,21,22,23,24,25,26,11,12,13,14,15,
1,27,28,29,30,31,32,6,7,8,9,10,16,17,18,19,20,11,12,13,14,15,1,2,3,4,5,21,22,23,24,25,26,
1,27,28,29,30,31,32,6,7,8,9,10,21,22,23,24,25,26,
1,27,28,29,30,31,32,6,7,8,9,10,21,22,23,24,25,26,1,2,3,4,5,16,17,18,19,20,11,12,13,14,15,
2,27,28,29,30,31,32,6,7,8,9,10,21,22,23,24,25,26,11,12,13,14,15,16,17,18,19,20,1,2,3,4,5,
1,27,28,29,30,31,32,6,16,17,
10,27,28,29,30,31,32,11,12,13,14,15,
2,27,28,29,30,31,32,11,12,13,14,15,1,2,3,4,5,6,7,8,9,10,16,17,18,19,20,21,22,23,24,25,26,
2,27,28,29,30,31,32,11,12,13,14,15,1,2,3,4,5,6,7,8,9,10,21,22,23,24,25,26,16,17,18,19,20,
1,27,28,29,30,31,32,11,12,13,14,15,1,2,3,4,5,16,17,18,19,20,6,7,8,9,10,21,22,23,24,25,26,
1,27,28,29,30,31,32,11,12,13,14,15,1,2,3,4,5,16,17,18,19,20,21,22,23,24,25,26,
1,27,28,29,30,31,32,11,12,13,14,15,1,2,3,4,5,16,17,18,19,20,21,22,23,24,25,26,6,7,8,9,10,
1,27,28,29,30,31,32,11,12,13,14,15,1,2,3,4,5,21,22,23,24,25,26,16,17,18,19,20,6,7,8,9,10,
1,27,28,29,30,31,32,11,12,13,14,15,6,7,8,9,10,
1,27,28,29,30,31,32,11,12,13,14,15,6,7,8,9,10,1,2,3,4,5,16,17,18,19,20,21,22,23,24,25,26,
2,27,28,29,30,31,32,11,12,13,14,15,6,7,8,9,10,1,2,3,4,5,21,22,23,24,25,26,16,17,18,19,20,
1,27,28,29,30,31,32,11,12,13,14,15,6,7,8,9,10,21,22,23,24,25,26,16,17,18,19,20,1,2,3,4,5,
2,27,28,29,30,31,32,11,12,13,14,15,16,17,18,19,20,
1,27,28,29,30,31,32,11,12,13,14,15,16,17,18,19,20,1,2,3,4,5,6,7,8,9,10,21,22,23,24,25,26,
1,27,28,29,30,31,32,11,12,13,14,15,16,17,18,19,20,1,2,3,4,5,21,22,23,24,25,26,6,7,8,9,10,
1,27,28,29,30,31,32,11,12,13,14,15,16,17,18,19,20,6,7,8,9,10,
4,27,28,29,30,31,32,11,12,13,14,15,16,17,18,19,20,6,7,8,9,10,1,2,3,4,5,21,22,23,24,25,26,
1,27,28,29,30,31,32,11,12,13,14,15,16,17,18,19,20,6,7,8,9,10,21,22,23,24,25,26,1,2,3,4,5,
1,27,28,29,30,31,32,11,12,13,14,15,16,17,18,19,20,21,22,23,24,25,26,1,2,3,4,5,6,7,8,9,10,
4,27,28,29,30,31,32,11,12,13,14,15,16,17,18,19,20,21,22,23,24,25,26,6,7,8,9,10,1,2,3,4,5,
1,27,28,29,30,31,32,11,12,13,14,15,21,22,23,24,25,26,
1,27,28,29,30,31,32,11,12,13,14,15,21,22,23,24,25,26,1,2,3,4,5,6,7,8,9,10,16,17,18,19,20,
1,27,28,29,30,31,32,11,12,13,14,15,21,22,23,24,25,26,16,17,18,19,20,1,2,3,4,5,6,7,8,9,10,
6,27,28,29,30,31,32,11,12,13,14,15,21,22,23,24,25,26,16,17,18,19,20,6,7,8,9,10,1,2,3,4,5,
70,27,28,29,30,31,32,16,17,18,19,20,
9,27,28,29,30,31,32,16,17,18,19,20,1,2,3,4,5,
1,27,28,29,30,31,32,16,17,18,19,20,1,2,3,4,5,6,7,8,9,10,11,12,13,14,15,
9,27,28,29,30,31,32,16,17,18,19,20,1,2,3,4,5,6,7,8,9,10,11,12,13,14,15,21,22,23,24,25,26,
1,27,28,29,30,31,32,16,17,18,19,20,1,2,3,4,5,6,7,8,9,10,21,22,23,24,25,26,11,12,13,14,15,
3,27,28,29,30,31,32,16,17,18,19,20,1,2,3,4,5,11,12,13,14,15,6,7,8,9,10,21,22,23,24,25,26,
4,27,28,29,30,31,32,16,17,18,19,20,1,2,3,4,5,11,12,13,14,15,21,22,23,24,25,26,6,7,8,9,10,
6,27,28,29,30,31,32,16,17,18,19,20,1,2,3,4,5,21,22,23,24,25,26,6,7,8,9,10,11,12,13,14,15,
7,27,28,29,30,31,32,16,17,18,19,20,1,2,3,4,5,21,22,23,24,25,26,11,12,13,14,15,6,7,8,9,10,
5,27,28,29,30,31,32,16,17,18,19,20,6,7,8,9,10,
1,27,28,29,30,31,32,16,17,18,19,20,6,7,8,9,10,1,2,3,4,5,
2,27,28,29,30,31,32,16,17,18,19,20,6,7,8,9,10,1,2,3,4,5,11,12,13,14,15,21,22,23,24,25,26,
4,27,28,29,30,31,32,16,17,18,19,20,6,7,8,9,10,1,2,3,4,5,21,22,23,24,25,26,11,12,13,14,15,
2,27,28,29,30,31,32,16,17,18,19,20,6,7,8,9,10,11,12,13,14,15,1,2,3,4,5,21,22,23,24,25,26,
1,27,28,29,30,31,32,16,17,18,19,20,6,7,8,9,10,11,12,13,14,15,21,22,23,24,25,26,1,2,3,4,5,
1,27,28,29,30,31,32,16,17,18,19,20,6,7,8,9,10,21,22,23,24,25,26,1,2,3,4,5,11,12,13,14,15,
2,27,28,29,30,31,32,16,17,18,19,20,6,7,8,9,10,21,22,23,24,25,26,11,12,13,14,15,1,2,3,4,5,
1,27,28,29,30,31,32,16,17,18,19,20,11,12,13,14,15,
6,27,28,29,30,31,32,16,17,18,19,20,11,12,13,14,15,1,2,3,4,5,6,7,8,9,10,21,22,23,24,25,26,
1,27,28,29,30,31,32,16,17,18,19,20,11,12,13,14,15,1,2,3,4,5,21,22,23,24,25,26,
4,27,28,29,30,31,32,16,17,18,19,20,11,12,13,14,15,1,2,3,4,5,21,22,23,24,25,26,6,7,8,9,10,
1,27,28,29,30,31,32,16,17,18,19,20,11,12,13,14,15,6,7,8,9,10,
7,27,28,29,30,31,32,16,17,18,19,20,11,12,13,14,15,6,7,8,9,10,1,2,3,4,5,21,22,23,24,25,26,
3,27,28,29,30,31,32,16,17,18,19,20,11,12,13,14,15,6,7,8,9,10,21,22,23,24,25,26,1,2,3,4,5,
1,27,28,29,30,31,32,16,17,18,19,20,11,12,13,14,15,21,22,23,24,25,26,1,2,3,4,5,
1,27,28,29,30,31,32,16,17,18,19,20,11,12,13,14,15,21,22,23,24,25,26,1,2,3,4,5,6,7,8,9,10,
5,27,28,29,30,31,32,16,17,18,19,20,11,12,13,14,15,21,22,23,24,25,26,6,7,8,9,10,1,2,3,4,5,
2,27,28,29,30,31,32,16,17,18,19,20,21,22,23,24,25,26,
2,27,28,29,30,31,32,16,17,18,19,20,21,22,23,24,25,26,1,2,3,4,5,6,7,8,9,10,11,12,13,14,15,
3,27,28,29,30,31,32,16,17,18,19,20,21,22,23,24,25,26,6,7,8,9,10,11,12,13,14,15,1,2,3,4,5,
1,27,28,29,30,31,32,16,17,18,19,20,21,22,23,24,25,26,11,12,13,14,15,
3,27,28,29,30,31,32,16,17,18,19,20,21,22,23,24,25,26,11,12,13,14,15,1,2,3,4,5,6,7,8,9,10,
9,27,28,29,30,31,32,16,17,18,19,20,21,22,23,24,25,26,11,12,13,14,15,6,7,8,9,10,1,2,3,4,5,
1,27,28,29,30,31,32,19,10,8,
1,27,28,29,30,31,32,21,11,12,13,14,15,16,17,18,19,20,
2,27,28,29,30,31,32,21,17,16,
19,27,28,29,30,31,32,21,22,23,24,25,26,
2,27,28,29,30,31,32,21,22,23,24,25,26,1,2,3,4,5,
2,27,28,29,30,31,32,21,22,23,24,25,26,1,2,3,4,5,6,7,8,9,10,11,12,13,14,15,16,17,18,19,20,
4,27,28,29,30,31,32,21,22,23,24,25,26,1,2,3,4,5,6,7,8,9,10,16,17,18,19,20,11,12,13,14,15,
1,27,28,29,30,31,32,21,22,23,24,25,26,1,2,3,4,5,11,12,13,14,15,6,7,8,9,10,16,17,18,19,20,
1,27,28,29,30,31,32,21,22,23,24,25,26,1,2,3,4,5,11,12,13,14,15,16,17,18,19,20,6,7,8,9,10,
1,27,28,29,30,31,32,21,22,23,24,25,26,6,7,8,9,10,11,12,13,14,15,1,2,3,4,5,16,17,18,19,20,
1,27,28,29,30,31,32,21,22,23,24,25,26,6,7,8,9,10,11,12,13,14,15,16,17,18,19,20,1,2,3,4,5,
1,27,28,29,30,31,32,21,22,23,24,25,26,11,12,13,14,15,6,7,8,9,10,1,2,3,4,5,16,17,18,19,20,
1,27,28,29,30,31,32,21,22,23,24,25,26,11,12,13,14,15,6,7,8,9,10,16,17,18,19,20,
1,27,28,29,30,31,32,21,22,23,24,25,26,11,12,13,14,15,6,7,8,9,10,16,17,18,19,20,1,2,3,4,5,
4,27,28,29,30,31,32,21,22,23,24,25,26,11,12,13,14,15,16,17,18,19,20,1,2,3,4,5,6,7,8,9,10,
6,27,28,29,30,31,32,21,22,23,24,25,26,11,12,13,14,15,16,17,18,19,20,6,7,8,9,10,1,2,3,4,5,
3,27,28,29,30,31,32,21,22,23,24,25,26,16,17,18,19,20,1,2,3,4,5,6,7,8,9,10,11,12,13,14,15,
1,27,28,29,30,31,32,21,22,23,24,25,26,16,17,18,19,20,6,7,8,9,10,11,12,13,14,15,1,2,3,4,5,
1,27,28,29,30,31,32,21,22,23,24,25,26,16,17,18,19,20,11,12,13,14,15,
5,27,28,29,30,31,32,21,22,23,24,25,26,16,17,18,19,20,11,12,13,14,15,1,2,3,4,5,6,7,8,9,10,
1,27,28,29,30,31,32,21,22,23,24,25,26,16,17,18,19,20,11,12,13,14,15,6,7,8,9,10,
18,27,28,29,30,31,32,21,22,23,24,25,26,16,17,18,19,20,11,12,13,14,15,6,7,8,9,10,1,2,3,4,5,
3,27,28,29,30,32,
2,27,28,29,30,32,31,
1,27,28,29,31,30,32,
1,27,28,29,32,31,30,
1,27,28,30,1,29,
1,27,28,30,29,31,
1,27,28,30,31,32,
1,27,28,30,32,31,29,
1,27,28,31,1,2,
1,27,28,31,11,13,21,22,30,29,
1,27,28,31,11,13,29,30,32,15,
1,27,28,31,11,29,
1,27,28,31,16,11,1,17,20,22,
1,27,28,31,16,18,
1,27,28,31,16,20,19,
1,27,28,31,16,20,19,29,30,32,
1,27,28,31,20,18,
1,27,28,31,20,29,
1,27,28,31,21,1,
1,27,28,31,22,16,11,6,20,1,
1,27,28,31,25,6,
3,27,28,31,29,30,32,
1,27,28,31,30,29,
1,27,28,31,32,18,
1,27,28,31,32,29,
1,27,28,31,32,29,30,
2,27,28,31,32,30,
2,27,28,31,32,30,29,
1,27,28,32,1,6,
1,27,28,32,11,13,6,29,30,31,7,8,9,10,12,14,15,16,17,18,19,20,21,22,23,24,25,26,1,2,3,4,5,
1,27,28,32,11,15,
2,27,28,32,29,30,31,
1,27,28,32,30,29,31,
1,27,28,32,31,29,30,
1,27,28,32,31,30,29,
1,27,29,1,16,6,
1,27,29,1,16,13,
1,27,29,1,21,26,32,
1,27,29,13,3,4,
1,27,29,16,4,19,
1,27,29,17,1,2,22,11,12,21,28,
1,27,29,19,17,1,3,
1,27,29,28,9,7,6,16,17,
1,27,29,28,30,31,
11,27,29,28,30,31,32,
1,27,29,28,30,32,
1,27,29,28,30,32,31,
1,27,29,28,31,30,32,
1,27,29,28,31,30,32,16,18,17,
1,27,29,28,31,32,
1,27,29,30,22,1,32,
1,27,29,30,31,28,32,
1,27,29,30,31,32,
1,27,29,30,31,32,6,16,2,1,13,
2,27,29,30,31,32,11,12,13,14,15,
1,27,29,30,31,32,16,
2,27,29,30,31,32,28,
1,27,29,30,32,17,
1,27,29,31,28,30,
1,27,29,31,28,30,32,
2,27,29,31,28,32,
1,27,29,31,30,28,
1,27,29,31,32,28,
2,27,29,31,32,30,28,
1,27,29,32,16,13,
1,27,30,1,16,17,
1,27,30,1,17,28,16,
1,27,30,1,31,29,
1,27,30,6,16,4,7,
1,27,30,16,18,20,
1,27,30,16,32,11,
1,27,30,17,16,20,
1,27,30,17,16,31,
1,27,30,17,32,25,13,28,31,20,
1,27,30,20,18,17,
1,27,30,24,19,13,
1,27,30,28,16,13,
1,27,30,28,29,31,
1,27,30,28,29,31,32,
1,27,30,28,31,32,29,
1,27,30,28,32,29,31,
1,27,30,29,28,31,
2,27,30,29,28,31,32,
1,27,30,31,11,16,
1,27,30,31,21,3,
1,27,30,31,29,28,32,
1,27,30,31,32,29,28,
1,27,30,32,28,29,31,
1,27,30,32,28,31,
1,27,30,32,29,26,
1,27,30,32,29,31,28,
1,27,30,32,31,29,28,11,12,13,14,15,5,4,3,2,1,10,9,8,7,6,26,25,24,23,22,21,20,19,18,17,16,
1,27,31,1,2,28,
1,27,31,1,25,28,23,
1,27,31,2,6,21,
1,27,31,6,11,20,
1,27,31,11,17,16,
1,27,31,16,1,3,
1,27,31,16,2,22,
1,27,31,16,11,28,
1,27,31,16,17,11,
1,27,31,16,17,18,2,3,
1,27,31,16,17,30,
1,27,31,16,19,20,
1,27,31,16,20,28,11,25,1,17,
1,27,31,16,22,13,
1,27,31,16,28,19,
1,27,31,17,11,4,1,
1,27,31,22,2,29,
1,27,31,22,21,32,
1,27,31,28,16,1,13,
1,27,31,28,16,20,29,
1,27,31,28,18,32,
1,27,31,28,29,30,
2,27,31,28,29,30,32,
1,27,31,28,29,32,
2,27,31,28,29,32,30,
1,27,31,28,30,29,32,
1,27,31,28,32,29,
2,27,31,28,32,30,29,
1,27,31,29,28,30,
2,27,31,29,28,30,32,
2,27,31,29,28,32,30,
1,27,31,29,30,28,
1,27,31,29,30,32,28,
1,27,31,30,16,11,
1,27,31,30,29,28,32,
1,27,31,30,32,28,29,
2,27,31,30,32,29,28,
1,27,31,32,1,21,
1,27,31,32,16,12,8,6,20,3,
2,27,31,32,20,17,16,11,14,15,
1,27,31,32,28,29,
3,27,31,32,28,29,30,
1,27,31,32,29,28,
1,27,31,32,29,28,30,
1,27,31,32,30,28,29,
1,27,31,32,30,29,
7,27,31,32,30,29,28,
1,27,32,1,12,20,
1,27,32,1,19,21,17,22,6,16,
1,27,32,1,20,28,
1,27,32,3,7,10,
1,27,32,11,1,17,13,
1,27,32,13,18,31,
1,27,32,16,1,25,
1,27,32,16,11,31,
1,27,32,16,17,31,
1,27,32,16,18,28,
1,27,32,16,19,14,13,1,28,20,
1,27,32,16,20,31,
1,27,32,16,25,26,
1,27,32,21,22,31,20,1,6,
1,27,32,28,6,1,
1,27,32,28,29,30,16,9,1,13,
2,27,32,28,29,30,31,
1,27,32,28,30,16,17,
2,27,32,28,30,29,31,
1,27,32,28,30,31,29,
3,27,32,28,31,29,30,
4,27,32,29,28,30,31,
1,27,32,29,30,28,
3,27,32,29,30,31,28,
1,27,32,29,31,30,28,
1,27,32,30,13,3,7,
1,27,32,30,28,31,29,
2,27,32,30,31,29,28,
1,27,32,31,1,2,3,11,16,20,23,28,29,30,6,5,4,
1,27,32,31,1,4,13,
1,27,32,31,1,11,2,3,20,16,28,29,30,
1,27,32,31,22,20,
1,27,32,31,29,30,28,
1,27,32,31,30,29,
4,27,32,31,30,29,28,
1,27,32,31,30,29,28,1,13,6,11,16,
1,27,32,31,30,29,28,17,16,1,
1,28,1,17,27,29,
1,28,2,27,17,9,
1,28,6,16,11,20,
1,28,6,17,16,20,27,2,13,31,
1,28,11,2,31,13,26,32,15,27,
2,28,11,12,13,14,15,
1,28,11,22,31,16,
1,28,16,11,6,18,19,27,
1,28,16,11,20,12,
1,28,16,18,19,30,
1,28,16,20,6,17,
1,28,16,21,2,22,20,31,
1,28,16,22,18,27,19,30,31,
1,28,16,27,6,17,
1,28,16,27,20,17,
1,28,16,27,30,31,
1,28,16,27,30,31,29,32,19,2,
1,28,18,27,5,29,
1,28,19,23,22,32,27,11,
1,28,20,2,31,21,18,
1,28,20,2,31,22,
1,28,21,1,16,17,
1,28,21,24,22,23,
1,28,21,27,29,1,
1,28,22,2,20,31,
1,28,22,19,13,10,
1,28,27,1,30,31,
1,28,27,3,6,14,20,29,7,10,22,
1,28,27,3,14,12,19,31,23,7,15,
1,28,27,11,31,32,
1,28,27,16,1,15,
1,28,27,16,6,1,
1,28,27,16,6,20,13,31,17,30,
1,28,27,16,18,1,29,30,31,32,
1,28,27,17,16,6,
1,28,27,20,17,11,
1,28,27,21,22,1,
1,28,27,29,1,17,
5,28,27,29,30,31,
6,28,27,29,30,31,32,
1,28,27,29,30,32,31,
1,28,27,29,31,30,32,
1,28,27,30,31,29,
1,28,27,30,32,31,29,
1,28,27,31,11,30,
1,28,27,31,29,30,32,
1,28,27,31,30,32,
1,28,27,31,32,29,30,
2,28,27,31,32,30,29,
1,28,29,31,27,16,
1,28,30,27,31,32,
2,28,30,31,27,16,
1,28,30,32,27,29,31,
1,28,31,2,30,13,
1,28,31,11,13,16,
1,28,31,12,16,27,
1,28,31,13,1,23,
1,28,31,16,17,20,2,
1,28,31,18,20,22,
1,28,31,27,16,17,
1,28,31,27,29,30,32,
1,28,31,27,32,30,
1,28,31,29,30,32,27,
1,28,31,30,32,29,
1,28,31,32,27,29,30,
1,28,31,32,30,29,27,
1,29,24,20,13,7,3,
1,29,27,28,30,31,32,
1,29,27,28,32,31,30,
1,29,28,27,30,31,32,
1,30,2,23,21,22,
1,30,3,32,27,25,
1,30,5,1,13,12,20,
1,30,17,14,7,5,23,
1,30,17,18,27,22,
1,30,18,25,20,16,
1,30,19,13,1,31,
1,30,20,1,21,24,
1,30,20,5,6,17,16,
1,30,22,27,28,32,
1,30,23,2,22,18,
1,30,23,21,22,2,
1,30,23,22,18,21,27,
1,30,25,18,13,10,
1,30,27,16,20,17,13,11,3,1,
1,30,27,17,6,32,
1,30,27,22,20,25,
1,30,27,28,32,31,
1,30,27,32,16,17,
1,30,27,32,28,31,29,
1,30,27,32,31,29,
1,30,31,32,29,28,27,6,9,10,
1,31,1,6,8,14,
1,31,6,27,9,10,
1,31,16,17,6,22,
1,31,16,17,27,20,
1,31,16,22,27,12,
1,31,16,27,22,13,
1,31,21,19,14,9,3,
2,31,22,2,23,16,
1,31,22,11,2,16,
1,31,22,18,12,8,
1,31,22,27,1,2,
1,31,22,28,11,18,
1,31,27,1,22,21,
1,31,27,6,22,21,
1,31,27,11,17,32,
1,31,27,12,16,26,
1,31,27,16,17,22,
1,31,27,20,11,8,
1,31,27,22,28,29,30,32,
2,31,27,28,29,30,
2,31,27,28,29,30,32,
2,31,27,28,30,29,32,
1,31,27,28,30,32,29,
1,31,27,28,32,30,29,
1,31,27,29,30,32,28,
1,31,28,3,27,21,
1,31,28,20,29,27,
1,31,28,27,30,32,
1,31,28,29,27,32,30,1,2,3,4,5,9,12,15,19,16,20,7,8,14,11,18,17,6,10,13,26,23,24,25,22,21,
1,31,28,29,30,32,
1,31,28,30,32,29,
1,31,30,27,17,16,
1,31,30,27,29,28,32,
1,31,30,28,27,20,
1,31,32,30,29,28,
1,31,32,30,29,28,27,
1,32,11,2,7,25,18,
1,32,16,17,27,21,
1,32,17,1,16,27,
1,32,25,18,6,1,
1,32,26,19,5,13,
1,32,26,20,15,10,
1,32,27,16,17,28,
1,32,27,19,12,13,
1,32,27,29,30,31,
1,32,29,27,31,28,30,
1,32,31,28,29,27,30,
1,32,31,30,29,28,25,24,22,23,
1,32,31,30,29,28,27,
1,32,31,30,29,28,27,26,25,24,23,22,21,20,19,18,17,16,15,14,13,12,11,10,9,8,7,6,5,4,3,2,1,
Candidate 1,COLEMAN Cass,A,
Candidate 2,MAHONY Eric,A,
Candidate 3,HOY Lucille,A,
Candidate 4,FITZPATRICK Ethan,A,
Candidate 5,SMITH Jeffrey,A,
Candidate 6,RING Steve,B,
Candidate 7,RUF Marcia,B,
Candidate 8,WERNER Ashlea,B,
Candidate 9,ELWELL-COOK Elizabeth (Bess),B,
Candidate 10,VAN DER KLEY Jessica,B,
Candidate 11,PILBEAM Peter,C,
Candidate 12,KUS Shannon,C,
Candidate 13,ANTHES Glenda,C,
Candidate 14,JOYCE Teric,C,
Candidate 15,LIPTAK David,C,
Candidate 16,GOODWIN Darryl,D,
Candidate 17,GOODSELL Deanna,D,
Candidate 18,WARREN Martyn,D,
Candidate 19,CHAMBERS Gayle,D,
Candidate 20,WADE Shane,D,
Candidate 21,LESSLIE Stephen,E,
Candidate 22,MORTIMER Greg,E,
Candidate 23,FAVELL Julie,E,
Candidate 24,TURNER-NOWAK Lisa,E,
Candidate 25,LAING Clive,E,
Candidate 26,GREGORY Susan,E,
Candidate 27,STATHAM Maree,F,
Candidate 28,O'CONNOR Col,F,
Candidate 29,MCGHIE Stuart,F,
Candidate 30,BRYCE Almudena,F,
Candidate 31,GRACEY Peter,F,
Candidate 32,FELTHAM Gai,F,
NSW Local Government 2021 City of Lithgow,
